source_sitemap,source_url,status,target,locale,reason
"post-sitemap.xml","https://www.petroni.hr/en/prozori-za-kamp-vozila-carbest/","410","","","removed_content"
"post-sitemap.xml","https://www.petroni.hr/en/putopis-kamperom-preko-alpi/","410","","","removed_content"
"post-sitemap.xml","https://www.petroni.hr/en/putopis-crna-gora/","410","","","removed_content"
"post-sitemap.xml","https://www.petroni.hr/en/zasto-su-kamperi-i-kampiranje-nesto-fenomenalno/","410","","","removed_content"
"post-sitemap.xml","https://www.petroni.hr/en/eurowagon-prikolice/","410","","","removed_content"
"post-sitemap.xml","https://www.petroni.hr/toaletna-tekucina-solbio-original/","410","","","removed_content"
"post-sitemap.xml","https://www.petroni.hr/priprema-kampera-za-zimu/","308","/novosti/priprema-kampera-za-zimu","",""
"post-sitemap.xml","https://www.petroni.hr/priprema-kamp-prikolice-za-zimski-san/","308","/novosti/priprema-kamp-prikolice-za-zimu","",""
"post-sitemap.xml","https://www.petroni.hr/katalog-reimo-2023/","410","","","removed_content"
"post-sitemap.xml","https://www.petroni.hr/en/air-conditioning-unit-plein-aircon-12v/","308","/novosti/klima-uredaj-plein-aircon-12v?lang=en","en",""
"post-sitemap.xml","https://www.petroni.hr/putopis-kamperom-preko-alpi/","410","","","removed_content"
"post-sitemap.xml","https://www.petroni.hr/zasto-su-kamperi-i-kampiranje-nesto-fenomenalno/","410","","","removed_content"
"post-sitemap.xml","https://www.petroni.hr/weinsberg-caracito/","410","","","removed_content"
"post-sitemap.xml","https://www.petroni.hr/megamobil-slovenska-bistrica/","410","","","removed_content"
"post-sitemap.xml","https://www.petroni.hr/eurowagon-prikolice/","410","","","removed_content"
"post-sitemap.xml","https://www.petroni.hr/putopis-crna-gora/","410","","","removed_content"
"post-sitemap.xml","https://www.petroni.hr/camping-center-petroni-postao-ovlasteni-servis-za-alde-grijanje-u-hrvatskoj/","308","/novosti/camping-center-petroni-alde-servis","",""
"post-sitemap.xml","https://www.petroni.hr/klima-uredaj-plein-aircon-12v/","308","/novosti/klima-uredaj-plein-aircon-12v","",""
"post-sitemap.xml","https://www.petroni.hr/camper-trolley-za-jednostavno-manevriranje-sa-prikolicama/","308","/novosti/camper-trolley","",""
"page-sitemap.xml","https://www.petroni.hr/","200","/","",""
"page-sitemap.xml","https://www.petroni.hr/en/","308","/?lang=en","en",""
"page-sitemap.xml","https://www.petroni.hr/cookie-policy-eu/","308","/privatnost","",""
"page-sitemap.xml","https://www.petroni.hr/search-availability/","308","/rezerviraj","",""
"page-sitemap.xml","https://www.petroni.hr/search-results/","308","/rezerviraj","",""
"page-sitemap.xml","https://www.petroni.hr/en/vehicles/vehicles-for-rent-2/","308","/vozila/najam-kampera?lang=en","en",""
"page-sitemap.xml","https://www.petroni.hr/en/search-results/","308","/rezerviraj?lang=en","en",""
"page-sitemap.xml","https://www.petroni.hr/en/rental-terms-and-conditions/","308","/uvjeti-najma?lang=en","en",""
"page-sitemap.xml","https://www.petroni.hr/en/cookie-policy-eu/","308","/privatnost?lang=en","en",""
"page-sitemap.xml","https://www.petroni.hr/en/privacy-policy-terms-of-service/","308","/privatnost?lang=en","en",""
"page-sitemap.xml","https://www.petroni.hr/en/returns-and-refunds/","308","/reklamacije-povrat?lang=en","en",""
"page-sitemap.xml","https://www.petroni.hr/en/my-account/","308","/moj-racun?lang=en","en",""
"page-sitemap.xml","https://www.petroni.hr/naplata/","308","/checkout","",""
"page-sitemap.xml","https://www.petroni.hr/en/checkout/","308","/checkout?lang=en","en",""
"page-sitemap.xml","https://www.petroni.hr/kosarica-2/","308","/kosarica","",""
"page-sitemap.xml","https://www.petroni.hr/en/cart/","308","/kosarica?lang=en","en",""
"page-sitemap.xml","https://www.petroni.hr/vozila/vozila-za-filmske-produkcije/","200","/vozila/vozila-za-filmske-produkcije","",""
"page-sitemap.xml","https://www.petroni.hr/en/shop/","308","/shop?lang=en","en",""
"page-sitemap.xml","https://www.petroni.hr/en/vehicles/movie-production-vehicles/","308","/vozila/vozila-za-filmske-produkcije?lang=en","en",""
"page-sitemap.xml","https://www.petroni.hr/en/contact-2/","308","/kontakt?lang=en","en",""
"page-sitemap.xml","https://www.petroni.hr/uvjeti-i-odredbe-nagradne-igre/","410","","","removed_content"
"page-sitemap.xml","https://www.petroni.hr/en/faqs/","308","/faq?lang=en","en",""
"page-sitemap.xml","https://www.petroni.hr/novosti/","200","/novosti","",""
"page-sitemap.xml","https://www.petroni.hr/en/news/","308","/novosti?lang=en","en",""
"page-sitemap.xml","https://www.petroni.hr/en/payment-and-delivery/","308","/placanje-dostava?lang=en","en",""
"page-sitemap.xml","https://www.petroni.hr/en/vehicles/","308","/vozila?lang=en","en",""
"page-sitemap.xml","https://www.petroni.hr/en/vehicles/vehicles-for-sale/","308","/vozila/vozila-za-prodaju?lang=en","en",""
"page-sitemap.xml","https://www.petroni.hr/shop/","200","/shop","",""
"page-sitemap.xml","https://www.petroni.hr/vozila/","200","/vozila","",""
"page-sitemap.xml","https://www.petroni.hr/vozila/vozila-za-prodaju/","200","/vozila/vozila-za-prodaju","",""
"page-sitemap.xml","https://www.petroni.hr/kontakt/","200","/kontakt","",""
"page-sitemap.xml","https://www.petroni.hr/faqs/","308","/faq","",""
"page-sitemap.xml","https://www.petroni.hr/o-nama/","200","/o-nama","",""
"page-sitemap.xml","https://www.petroni.hr/placanje-i-dostava/","308","/placanje-dostava","",""
"page-sitemap.xml","https://www.petroni.hr/reklamacije-i-povrat/","308","/reklamacije-povrat","",""
"page-sitemap.xml","https://www.petroni.hr/privatnost-i-uvjeti-poslovanja/","308","/privatnost","",""
"page-sitemap.xml","https://www.petroni.hr/uvjeti-najma/","200","/uvjeti-najma","",""
"page-sitemap.xml","https://www.petroni.hr/rezerviraj/","200","/rezerviraj","",""
"page-sitemap.xml","https://www.petroni.hr/en/book-now/","308","/rezerviraj?lang=en","en",""
"page-sitemap.xml","https://www.petroni.hr/en/vehicles/vehicles-for-rent/","308","/vozila/najam-kampera?lang=en","en",""
"page-sitemap.xml","https://www.petroni.hr/vozila/najam-kampera/","200","/vozila/najam-kampera","",""
"page-sitemap.xml","https://www.petroni.hr/en/about/","308","/o-nama?lang=en","en",""
"page-sitemap.xml","https://www.petroni.hr/moj-racun/","200","/moj-racun","",""
"vehicle-sitemap.xml","https://www.petroni.hr/vehicle/make-up-van-iveco-daily-irisbus/","308","/vozila/make-up-van-iveco-daily-irisbus","",""
"vehicle-sitemap.xml","https://www.petroni.hr/vehicle/kamion-eurocargo-75e15-taillift-grip-electric/","308","/vozila/kamion-eurocargo-75e15","",""
"vehicle-sitemap.xml","https://www.petroni.hr/vehicle/honeywagon-wc-prikolica-vacum-jet-211/","308","/vozila/honeywagon-vacum-jet-2","",""
"vehicle-sitemap.xml","https://www.petroni.hr/vehicle/tegljac-lamboo-iveco-daily-35c18-be-kat/","308","/vozila/tegljac-lamboo-iveco-daily","",""
"vehicle-sitemap.xml","https://www.petroni.hr/vehicle/make-up-truck-21-radna-mjesta-peugeot-boxer/","308","/vozila/make-up-truck-peugeot-boxer","",""
"vehicle-sitemap.xml","https://www.petroni.hr/en/vehicle/benimar-mileo-263/","410","","","removed_vehicle"
"vehicle-sitemap.xml","https://www.petroni.hr/en/vehicle/caravans-international-elliot-86xt-170ks/","410","","","removed_vehicle"
"vehicle-sitemap.xml","https://www.petroni.hr/en/vehicle/costume-truck-renault-master-box/","308","/vozila/costume-truck-renault-master?lang=en","en",""
"vehicle-sitemap.xml","https://www.petroni.hr/vehicle/gully-sucker-iveco-daily-35c15/","308","/vozila/gully-sucker-iveco-daily-35c15","",""
"vehicle-sitemap.xml","https://www.petroni.hr/vehicle/roller-team-kronos-279m/","410","","","removed_vehicle"
"vehicle-sitemap.xml","https://www.petroni.hr/en/vehicle/rimor-kilig-50/","308","/vozila/rimor-kilig-50?lang=en","en",""
"vehicle-sitemap.xml","https://www.petroni.hr/en/vehicle/roller-team-kronos-277m/","308","/vozila/roller-team-kronos-277m?lang=en","en",""
"vehicle-sitemap.xml","https://www.petroni.hr/vehicle/citroen-unitvan/","308","/vozila/citroen-unitvan","",""
"vehicle-sitemap.xml","https://www.petroni.hr/vehicle/petrovan-53-4x4/","308","/vozila/petrovan-53-4x4","",""
"vehicle-sitemap.xml","https://www.petroni.hr/en/vehicle/xgo-dynamic-35/","410","","","removed_vehicle"
"vehicle-sitemap.xml","https://www.petroni.hr/en/vehicle/honeywagon-wc-trailer-vacum-jet-211/","308","/vozila/honeywagon-vacum-jet-2?lang=en","en",""
"vehicle-sitemap.xml","https://www.petroni.hr/en/vehicle/truck-eurocargo-75e15-taillift-grip-electric/","308","/vozila/kamion-eurocargo-75e15?lang=en","en",""
"vehicle-sitemap.xml","https://www.petroni.hr/en/vehicle/make-up-van-iveco-daily-irisbus/","308","/vozila/make-up-van-iveco-daily-irisbus?lang=en","en",""
"vehicle-sitemap.xml","https://www.petroni.hr/en/vehicle/motor-home-petromax-50-green-room/","410","","","removed_vehicle"
"vehicle-sitemap.xml","https://www.petroni.hr/en/vehicle/citroen-unitvan/","308","/vozila/citroen-unitvan?lang=en","en",""
"vehicle-sitemap.xml","https://www.petroni.hr/en/vehicle/gully-sucker-iveco-daily-35c15/","308","/vozila/gully-sucker-iveco-daily-35c15?lang=en","en",""
"vehicle-sitemap.xml","https://www.petroni.hr/en/vehicle/make-up-truck-21-work-stations-peugeot-boxer/","308","/vozila/make-up-truck-peugeot-boxer?lang=en","en",""
"vehicle-sitemap.xml","https://www.petroni.hr/vehicle/costume-truck-renault-master-box/","308","/vozila/costume-truck-renault-master","",""
"vehicle-sitemap.xml","https://www.petroni.hr/vehicle/rimor-evo-sound/","308","/vozila/rimor-evo-sound","",""
"vehicle-sitemap.xml","https://www.petroni.hr/vehicle/rimor-kilig-50/","308","/vozila/rimor-kilig-50","",""
"vehicle-sitemap.xml","https://www.petroni.hr/en/vehicle/rimor-evo-sound/","308","/vozila/rimor-evo-sound?lang=en","en",""
"vehicle-sitemap.xml","https://www.petroni.hr/en/vehicle/knaus-boxdrive-680me/","308","/vozila/knaus-boxdrive-680me?lang=en","en",""
"vehicle-sitemap.xml","https://www.petroni.hr/en/vehicle/caratour-ford-600mq/","308","/vozila/caratour-ford-600mq?lang=en","en",""
"vehicle-sitemap.xml","https://www.petroni.hr/en/vehicle/petrovan-53-4x4/","308","/vozila/petrovan-53-4x4?lang=en","en",""
"vehicle-sitemap.xml","https://www.petroni.hr/en/vehicle/honeywagon-trailer-wc-vacum-jet-11/","308","/vozila/honeywagon-vacum-jet-1?lang=en","en",""
"vehicle-sitemap.xml","https://www.petroni.hr/vehicle/honeywagon-prikolica-wc-vacum-jet-11/","308","/vozila/honeywagon-vacum-jet-1","",""
"vehicle-sitemap.xml","https://www.petroni.hr/en/vehicle/mclouis-mc4-873/","308","/vozila/mclouis-mc4-873?lang=en","en",""
"vehicle-sitemap.xml","https://www.petroni.hr/vehicle/weinsberg-caraone-450fu/","410","","","removed_vehicle"
"vehicle-sitemap.xml","https://www.petroni.hr/vehicle/wenisberg-caraone-550qdk/","308","/vozila/weinsberg-caraone-550qdk","",""
"vehicle-sitemap.xml","https://www.petroni.hr/vehicle/weisberg-caraone-550uk/","308","/vozila/weinsberg-caraone-550uk","",""
"vehicle-sitemap.xml","https://www.petroni.hr/vehicle/mclouis-mc4-873/","308","/vozila/mclouis-mc4-873","",""
"vehicle-sitemap.xml","https://www.petroni.hr/vehicle/caratour-ford-600mq/","308","/vozila/caratour-ford-600mq","",""
"vehicle-sitemap.xml","https://www.petroni.hr/vehicle/knaus-boxdrive-680me/","308","/vozila/knaus-boxdrive-680me","",""
"vehicle-sitemap.xml","https://www.petroni.hr/vehicle/roller-team-kronos-277m/","308","/vozila/roller-team-kronos-277m","",""
"vehicle-sitemap.xml","https://www.petroni.hr/vehicle/weinsberg-caracompact-suite-640meg-edition-pepper/","308","/vozila/weinsberg-caracompact-suite-640meq","",""
"vehicle-sitemap.xml","https://www.petroni.hr/vehicle/caravans-international-horon-79m/","308","/vozila/ci-horon-79m","",""
"vehicle-sitemap.xml","https://www.petroni.hr/en/vehicle/caravans-international-horon-79m/","308","/vozila/ci-horon-79m?lang=en","en",""
"vehicle-sitemap.xml","https://www.petroni.hr/vehicle/budgetvan-55/","308","/vozila/budget-van-55","",""
"vehicle-sitemap.xml","https://www.petroni.hr/en/vehicle/budgetvan-55/","308","/vozila/budget-van-55?lang=en","en",""
"product-sitemap.xml","https://www.petroni.hr/en/product/salice-300-ml-melamin-sunshine-set/","410","","","removed_product"
"product-sitemap.xml","https://www.petroni.hr/en/product/posude-melamin-vicenza-za-4-osobe/","410","","","removed_product"
"product-sitemap.xml","https://www.petroni.hr/en/product/sklop-pogonski-za-pumpu-vode-faimma-aqua-8/","410","","","removed_product"
"product-sitemap.xml","https://www.petroni.hr/en/product/termozastita-prednjeg-stakla-za-ford-transit-06-13/","410","","","removed_product"
"product-sitemap.xml","https://www.petroni.hr/en/product/svjetiljka-17-led-sa-kompasom/","410","","","removed_product"
"product-sitemap.xml","https://www.petroni.hr/en/product/resetka-ventilacije-70cm2/","410","","","removed_product"
"product-sitemap.xml","https://www.petroni.hr/en/product/sperploca-viseslojna-topola-2200x1220x12mm/","410","","","removed_product"
"product-sitemap.xml","https://www.petroni.hr/en/product/sperploca-viseslojna-topola-2200x1220x12mm-2/","410","","","removed_product"
"product-sitemap.xml","https://www.petroni.hr/en/product/termozastita-prednjeg-stakla-fiat-ducato-06-nutarnja/","410","","","removed_product"
"product-sitemap.xml","https://www.petroni.hr/en/product/stol-za-kampiranje-ulf-3-115x70/","410","","","removed_product"
"product-sitemap.xml","https://www.petroni.hr/en/product/stol-kamperski-120x60x70/","410","","","removed_product"
"product-sitemap.xml","https://www.petroni.hr/en/product/prekrivac-kamp-prikolice-premium-580cm/","308","/product/prekrivac-za-kamp-prikolicu-reimotent-premium-520-580?lang=en","en",""
"product-sitemap.xml","https://www.petroni.hr/en/product/prekrivac-kamp-prikolice-600x300/","410","","","removed_product"
"product-sitemap.xml","https://www.petroni.hr/en/product/sudoper-sa-ocjedivacem-dometic-mod-936/","410","","","removed_product"
"product-sitemap.xml","https://www.petroni.hr/en/product/pumpa-za-vodu-popopna-reich-twin-12v-19-lit-14bar/","410","","","removed_product"
"product-sitemap.xml","https://www.petroni.hr/en/product/prekrivac-za-kamp-prikolicu-l-do-610m/","410","","","removed_product"
"product-sitemap.xml","https://www.petroni.hr/en/product/kontrol-panel-teb-2-za-trumatic-s-3002/","410","","","removed_product"
"product-sitemap.xml","https://www.petroni.hr/en/product/klima-uredaj-kronings-k2400/","410","","","removed_product"
"product-sitemap.xml","https://www.petroni.hr/en/product/mover-enduro-e-go-kit/","410","","","removed_product"
"product-sitemap.xml","https://www.petroni.hr/en/product/kuhinja-kamperska-quick-plava/","410","","","removed_product"
"product-sitemap.xml","https://www.petroni.hr/en/product/hladnjak-kompresorski-vitrifrigo-c51i-sivi-5136-lit/","410","","","removed_product"
"product-sitemap.xml","https://www.petroni.hr/en/product/cistac-ljepila-sika-cleaner-205-025l/","410","","","removed_product"
"product-sitemap.xml","https://www.petroni.hr/en/product/lonac-ispusni-za-diesel-grijac-carbest-20dh-2kw/","308","/product/lonac-ispusni-za-diesel-grijac-carbest-2-0dh-2kw?lang=en","en",""
"product-sitemap.xml","https://www.petroni.hr/proizvod/termoelement-stednjaka-dometic-l-350mm/","308","/product/termoelement-stednjaka-dometic-l-350mm","",""
"product-sitemap.xml","https://www.petroni.hr/en/product/kotac-15-sa-gumom-215-75r16c/","410","","","removed_product"
"product-sitemap.xml","https://www.petroni.hr/en/product/windscreen-i-tec-dethleffs-i-5830-i-6970-i-6501-i-5970/","308","/product/staklo-vjetrobrana-za-kamper-i-tec-dethleffs-i-modeli?lang=en","en",""
"product-sitemap.xml","https://www.petroni.hr/en/product/kuka-za-vucu-za-kamper-smv/","410","","","removed_product"
"product-sitemap.xml","https://www.petroni.hr/en/product/pumpa-za-vodu-carbest-12v-10-lit-min-2/","308","/product/pumpa-za-vodu-carbest-12v-11-3-lit-min?lang=en","en",""
"product-sitemap.xml","https://www.petroni.hr/en/product/pumpa-za-vodu-carbest-12v-7-lit-min-2/","308","/product/pumpa-za-vodu-carbest-12v-7-lit-min?lang=en","en",""
"product-sitemap.xml","https://www.petroni.hr/en/product/pumpa-za-vodu-shurflo-lilie-12v-14-bar-7-lit-min-2/","308","/product/pumpa-za-vodu-shurflo-lilie-12v-1-4-bar-7-lit-min?lang=en","en",""
"product-sitemap.xml","https://www.petroni.hr/proizvod/gumb-za-push-lock-bravice-nichel-fi-35/","308","/product/glava-za-push-lock-bravice-nichel-fi-35","",""
"product-sitemap.xml","https://www.petroni.hr/en/product/solarni-sustav-cb100-slim-12v-100w-2/","308","/product/solarni-sustav-cb140-carbest-12v-140w?lang=en","en",""
"product-sitemap.xml","https://www.petroni.hr/en/product/okretna-konzola-za-prednja-sjedala-iveco-daily-2000/","308","/product/konzola-okretna-za-prednja-sjedala-iveco-daily-2000?lang=en","en",""
"product-sitemap.xml","https://www.petroni.hr/en/product/crijevo-za-plin-sa-sigurnosnim-ventilom-truma-g8/","308","/product/crijevo-za-plin-75cm-sa-sig-ventilom-truma-g8-hr?lang=en","en",""
"product-sitemap.xml","https://www.petroni.hr/proizvod/lonac-ispusni-za-diesel-grijac-carbest-20dh-2kw/","308","/product/lonac-ispusni-za-diesel-grijac-carbest-2-0dh-2kw","",""
"product-sitemap.xml","https://www.petroni.hr/en/product/solarni-sustav-vechline-120w-monokristal/","410","","","removed_product"
"product-sitemap.xml","https://www.petroni.hr/en/product/termoelement-stednjaka-dometic-l-350mm/","308","/product/termoelement-stednjaka-dometic-l-350mm?lang=en","en",""
"product-sitemap.xml","https://www.petroni.hr/proizvod/solar-set-monocristal-110w-antarion/","308","/product/solar-set-monocristal-110w-antarion","",""
"product-sitemap.xml","https://www.petroni.hr/en/product/solar-set-monocristal-110w-antarion/","308","/product/solar-set-monocristal-110w-antarion?lang=en","en",""
"product-sitemap.xml","https://www.petroni.hr/proizvod/amortizer-vrata-plinski-60n/","308","/product/amortizer-vrata-plinski-60n","",""
"product-sitemap.xml","https://www.petroni.hr/en/product/amortizer-vrata-plinski-60n/","308","/product/amortizer-vrata-plinski-60n?lang=en","en",""
"product-sitemap.xml","https://www.petroni.hr/en/product/kartusa-za-plinsko-kuhalo-190gr/","308","/product/kartusa-za-plinsko-kuhalo-190gr?lang=en","en",""
"product-sitemap.xml","https://www.petroni.hr/proizvod/kartusa-za-plinsko-kuhalo-190gr/","308","/product/kartusa-za-plinsko-kuhalo-190gr","",""
"product-sitemap.xml","https://www.petroni.hr/en/product/vaga-rucna-za-plinske-boce/","410","","","removed_product"
"product-sitemap.xml","https://www.petroni.hr/proizvod/lampa-led-okrugla-3w-12v/","308","/product/svjetlo-led-okrugla-3w-12v","",""
"product-sitemap.xml","https://www.petroni.hr/en/product/lampa-led-okrugla-3w-12v/","308","/product/svjetlo-led-okrugla-3w-12v?lang=en","en",""
"product-sitemap.xml","https://www.petroni.hr/proizvod/prihvatnik-za-sigurnosnu-sajlu-na-kuki/","308","/product/prihvatnik-za-sigurnosnu-sajlu-na-kuki","",""
"product-sitemap.xml","https://www.petroni.hr/proizvod/svjetla-led-kit-zamjena-za-jokon/","308","/product/svjetla-led-kit-zamjena-za-jokon","",""
"product-sitemap.xml","https://www.petroni.hr/proizvod/sjetlo-zmigavca-jokon-710-transparent/","308","/product/svjetlo-zmigavca-jokon-710-transparent","",""
"product-sitemap.xml","https://www.petroni.hr/en/product/svjetlo-za-voznju-unatrag-rikverc-svjetlo-jokon/","308","/product/svjetlo-za-voznju-unatrag-rikverc-svjetlo-jokon?lang=en","en",""
"product-sitemap.xml","https://www.petroni.hr/proizvod/zavjesa-tamna-fs-700x800/","308","/product/zavjesa-tamna-fs-700x800","",""
"product-sitemap.xml","https://www.petroni.hr/en/product/termozastita-prednjeg-stakla-za-ford-transit-14/","410","","","removed_product"
"product-sitemap.xml","https://www.petroni.hr/proizvod/poklopac-cepa-za-vodu-orus/","308","/product/poklopac-cepa-za-vodu-orus","",""
"product-sitemap.xml","https://www.petroni.hr/proizvod/poklopac-sa-okvirom-za-uticnice-vode-i-struje/","308","/product/poklopac-sa-okvirom-prikljucak-struje-fap","",""
"product-sitemap.xml","https://www.petroni.hr/proizvod/grlo-naljevno-za-vodu-sa-cepom-orus/","308","/product/grlo-naljevno-za-vodu-sa-cepom-orus","",""
"product-sitemap.xml","https://www.petroni.hr/proizvod/fiksator-namjestaja-3-kutni-bijeli/","308","/product/fiksator-namjestaja-3-kutni-bijeli","",""
"product-sitemap.xml","https://www.petroni.hr/proizvod/prikljucak-za-vodu-vanjski-orus-fap/","308","/product/prikljucak-za-vodu-vanjski-orus-fap","",""
"product-sitemap.xml","https://www.petroni.hr/en/product/sampon-za-pranje-vozila-innolab-pro-5-lit/","410","","","removed_product"
"product-sitemap.xml","https://www.petroni.hr/en/product/plovak-sa-prikljuckom-za-vodu-vodokotlic/","308","/product/plovak-sa-prikljuckom-za-vodu-vodokotlic?lang=en","en",""
"product-sitemap.xml","https://www.petroni.hr/proizvod/plovak-sa-prikljuckom-za-vodu-vodokotlic/","308","/product/plovak-sa-prikljuckom-za-vodu-vodokotlic","",""
"product-sitemap.xml","https://www.petroni.hr/proizvod/rollo-mreza-protiv-insekata-dometic-s4-700x600/","308","/product/rollo-mreza-protiv-insekata-dometic-s4-700x600","",""
"product-sitemap.xml","https://www.petroni.hr/en/product/kuhinja-kamperska-cuccinella-quick-plava/","410","","","removed_product"
"product-sitemap.xml","https://www.petroni.hr/proizvod/cilindar-i-kljuc-fap-br-20-serija-2000/","308","/product/cilindar-i-kljuc-fap-br-20-serija-2000","",""
"product-sitemap.xml","https://www.petroni.hr/proizvod/brava-ulaznih-vrata-fap-130x120-vanjska/","308","/product/brava-ulaznih-vrata-fap-130x120-vanjska","",""
"product-sitemap.xml","https://www.petroni.hr/proizvod/cilindar-i-kljuc-fap-br-20-serija-2000-2/","308","/product/cilindar-i-kljuc-fap-br-20-serija-2000-20927","",""
"product-sitemap.xml","https://www.petroni.hr/proizvod/brava-zadi-405x405mm-crna/","308","/product/brava-zadi-40-5x40-5mm-crna","",""
"product-sitemap.xml","https://www.petroni.hr/proizvod/cep-gumeni-za-resetku-plamenika-dometic-cramer/","308","/product/cep-gumeni-za-resetku-plamenika-dometic-cramer","",""
"product-sitemap.xml","https://www.petroni.hr/en/product/rucka-vrata-elementa-namjestaja-v433-genesis-st/","308","/product/rucka-vrata-elementa-namjestaja-v433-genesis-st?lang=en","en",""
"product-sitemap.xml","https://www.petroni.hr/proizvod/rucka-vrata-elementa-namjestaja-v433-genesis-st/","308","/product/rucka-vrata-elementa-namjestaja-v433-genesis-st","",""
"product-sitemap.xml","https://www.petroni.hr/proizvod/bravica-za-vrata-sa-2-kljuca-fap/","308","/product/bravica-za-vrata-sa-2-kljuca-fap-bijela","",""
"product-sitemap.xml","https://www.petroni.hr/proizvod/panti-vrata-nadogradnje-61x200253x70-ral9010/","308","/product/panti-vrata-nadogradnje-61x200-2-53x70-ral9010","",""
"product-sitemap.xml","https://www.petroni.hr/en/product/panti-vrata-nadogradnje-61x200253x70-ral9010/","308","/product/panti-vrata-nadogradnje-61x200-2-53x70-ral9010?lang=en","en",""
"product-sitemap.xml","https://www.petroni.hr/proizvod/panti-vrata-nadogradnje-45x2061x4553cm/","308","/product/panti-vrata-nadogradnje-4-5x20-6-1-x4-5-5-3cm","",""
"product-sitemap.xml","https://www.petroni.hr/proizvod/rucica-vrata-namjestaja-v564/","308","/product/rucica-vrata-namjestaja-v564","",""
"product-sitemap.xml","https://www.petroni.hr/proizvod/odzracnik-lufter-fi-60-bijeli/","308","/product/odzracnik-lufter-fi-60-bijeli","",""
"product-sitemap.xml","https://www.petroni.hr/proizvod/odzracnik-lufter-fi-80-bijeli/","308","/product/odzracnik-lufter-fi-80-bijeli","",""
"product-sitemap.xml","https://www.petroni.hr/proizvod/odzracnik-lufter-fi-100-bijeli/","308","/product/odzracnik-lufter-fi-100-bijeli","",""
"product-sitemap.xml","https://www.petroni.hr/en/product/tekucina-za-ciscenje-tendi-suncobrana-i-plasticnih-krovnih-ploca-500ml/","410","","","removed_product"
"product-sitemap.xml","https://www.petroni.hr/en/product/tekucina-za-ciscenje-rashladnih-i-grijanih-vitrina-innolab-pro-500ml/","410","","","removed_product"
"product-sitemap.xml","https://www.petroni.hr/en/product/tekucina-za-sjaj-i-zastitu-plastike-kokpit-emulzija-innolab-pro-5-lit/","410","","","removed_product"
"product-sitemap.xml","https://www.petroni.hr/en/product/tekucina-za-sjaj-i-zastitu-plastike-kokpit-emulzija-innolab-pro-500ml/","410","","","removed_product"
"product-sitemap.xml","https://www.petroni.hr/en/product/tekucina-za-uklanjanje-silikona-i-svjeze-pur-pjene-innolab-pro-750ml/","410","","","removed_product"
"product-sitemap.xml","https://www.petroni.hr/en/product/tekucina-za-uklanjanje-musica-sa-vozila-innolab-pro-5-lit/","410","","","removed_product"
"product-sitemap.xml","https://www.petroni.hr/en/product/tekucina-za-skidanje-hrde-innolab-pro-5-lit/","410","","","removed_product"
"product-sitemap.xml","https://www.petroni.hr/en/product/tekucina-za-ciscenje-kupaonica-pipa-i-tuseva-innolab-pro-5lit/","410","","","removed_product"
"product-sitemap.xml","https://www.petroni.hr/proizvod/tekucina-za-ciscenje-stakla-innolab-pro-5-lit/","308","/product/tekucina-za-ciscenje-stakla-innolab-pro-5-lit","",""
"product-sitemap.xml","https://www.petroni.hr/en/product/tekucina-za-ciscenje-stakla-innolab-pro-5-lit/","308","/product/tekucina-za-ciscenje-stakla-innolab-pro-5-lit?lang=en","en",""
"product-sitemap.xml","https://www.petroni.hr/en/product/prozor-krovni-dometic-micro-heki-280x280/","308","/product/prozor-krovni-dometic-micro-heki-28x28?lang=en","en",""
"product-sitemap.xml","https://www.petroni.hr/proizvod/prozor-krovni-dometic-micro-heki-280x280/","308","/product/prozor-krovni-dometic-micro-heki-28x28","",""
"product-sitemap.xml","https://www.petroni.hr/proizvod/kukica-za-zavjese-prozirna/","308","/product/kukica-za-zavjese-prozirna","",""
"product-sitemap.xml","https://www.petroni.hr/proizvod/uticnica-cee17-crna-nt/","308","/product/uticnica-cee17-crna-nt","",""
"product-sitemap.xml","https://www.petroni.hr/en/product/uticnica-cee17-crna-nt/","308","/product/uticnica-cee17-crna-nt?lang=en","en",""
"product-sitemap.xml","https://www.petroni.hr/proizvod/uticnica-cee-muska-ulazna/","308","/product/uticnica-cee-muska-ulazna","",""
"product-sitemap.xml","https://www.petroni.hr/en/product/uticnica-cee-muska-ulazna/","308","/product/uticnica-cee-muska-ulazna?lang=en","en",""
"product-sitemap.xml","https://www.petroni.hr/proizvod/salter-okrugli-mali-i-0-ii/","308","/product/salter-okrugli-mali-i-0-ii","",""
"product-sitemap.xml","https://www.petroni.hr/en/product/salter-okrugli-mali-i-0-ii/","308","/product/salter-okrugli-mali-i-0-ii?lang=en","en",""
"product-sitemap.xml","https://www.petroni.hr/proizvod/poklopac-uticnice-cee17-70x135x65/","308","/product/poklopac-uticnice-cee17-70x135x65","",""
"product-sitemap.xml","https://www.petroni.hr/en/product/poklopac-uticnice-cee17-70x135x65/","308","/product/poklopac-uticnice-cee17-70x135x65?lang=en","en",""
"product-sitemap.xml","https://www.petroni.hr/en/product/uticnica-12v-bez-poklopca-berker/","410","","","removed_product"
"product-sitemap.xml","https://www.petroni.hr/proizvod/okvir-za-uticnice-i-saltere-cbe/","308","/product/okvir-za-uticnice-i-saltere-cbe-60x60","",""
"product-sitemap.xml","https://www.petroni.hr/proizvod/okvir-za-saltere-i-uticnice-presto/","308","/product/okvir-za-saltere-i-uticnice-presto","",""
"product-sitemap.xml","https://www.petroni.hr/proizvod/kutija-zastitna-za-usb-uticnice/","308","/product/kutija-zastitna-za-usb-uticnice","",""
"product-sitemap.xml","https://www.petroni.hr/en/product/prekidac-za-svjetlo-u-malim-lampama-12v/","308","/product/prekidac-za-male-lampe-12v?lang=en","en",""
"product-sitemap.xml","https://www.petroni.hr/proizvod/prekidac-za-svjetlo-u-malim-lampama-12v/","308","/product/prekidac-za-male-lampe-12v","",""
"product-sitemap.xml","https://www.petroni.hr/proizvod/uticnica-cee-pravokutna-bijela/","308","/product/uticnica-cee-pravokutna-bijela-rimor","",""
"product-sitemap.xml","https://www.petroni.hr/en/product/uticnica-cee-pravokutna-bijela/","308","/product/uticnica-cee-pravokutna-bijela-rimor?lang=en","en",""
"product-sitemap.xml","https://www.petroni.hr/proizvod/sprej-za-podmazivanje-yachticon-sa-teflonom-300ml/","308","/product/sprej-za-podmazivanje-yachticon-sa-teflonom-300ml","",""
"product-sitemap.xml","https://www.petroni.hr/en/product/sprej-za-podmazivanje-yachticon-sa-teflonom-300ml/","308","/product/sprej-za-podmazivanje-yachticon-sa-teflonom-300ml?lang=en","en",""
"product-sitemap.xml","https://www.petroni.hr/en/product/set-za-ciscenje-i-odrzavanje-akrylnog-stakla-dometic/","410","","","removed_product"
"product-sitemap.xml","https://www.petroni.hr/en/product/cep-vacum-za-ucvrscivanje-termozastite-stakla-set/","308","/product/cep-vacum-za-ucvrscivanje-termozastite-stakla-set?lang=en","en",""
"product-sitemap.xml","https://www.petroni.hr/proizvod/termozastita-kabine-donji-dio-ford-transit-14/","308","/product/termozastita-kabine-donji-dio-ford-transit-14","",""
"product-sitemap.xml","https://www.petroni.hr/en/product/termozastita-kabine-donji-dio-ford-transit-14/","308","/product/termozastita-kabine-donji-dio-ford-transit-14?lang=en","en",""
"product-sitemap.xml","https://www.petroni.hr/en/product/termozastita-kabine-donji-dio-fiat-ducato-06/","308","/product/termozastita-kabine-donji-dio-fiat-ducato-06?lang=en","en",""
"product-sitemap.xml","https://www.petroni.hr/proizvod/termozastita-kabine-donji-dio-fiat-ducato-06/","308","/product/termozastita-kabine-donji-dio-fiat-ducato-06","",""
"product-sitemap.xml","https://www.petroni.hr/proizvod/termozastita-prednjih-stakala-vw-crafter-man-tge-2017/","308","/product/termozastita-kabine-vw-crafter-man-tge-2017","",""
"product-sitemap.xml","https://www.petroni.hr/en/product/termozastita-prednjih-stakala-vw-crafter-man-tge-2017/","308","/product/termozastita-kabine-vw-crafter-man-tge-2017?lang=en","en",""
"product-sitemap.xml","https://www.petroni.hr/en/product/termozastita-prednjeg-stakla-renault-master-4-2010-vanjska/","308","/product/termozastita-kabine-renault-master-4-2010-nutarnja?lang=en","en",""
"product-sitemap.xml","https://www.petroni.hr/en/product/termozastita-prednjeg-stakla-fiat-ducato-9406/","308","/product/termozastita-kabine-fiat-ducato-06-x250-290-nutarnja?lang=en","en",""
"product-sitemap.xml","https://www.petroni.hr/proizvod/ploca-upozorenja-50x50-za-italiju/","308","/product/ploca-upozorenja-50x50-za-italiju","",""
"product-sitemap.xml","https://www.petroni.hr/en/product/panel-ploca-za-izradu-namjestaja-ahorn-15mm-244x122cm/","308","/product/panel-ploca-za-izradu-namjestaja-ahorn-15mm-244x122cm?lang=en","en",""
"product-sitemap.xml","https://www.petroni.hr/proizvod/panel-ploca-za-izradu-namjestaja-ahorn-15mm-244x122cm/","308","/product/panel-ploca-za-izradu-namjestaja-ahorn-15mm-244x122cm","",""
"product-sitemap.xml","https://www.petroni.hr/proizvod/panel-sperploca-viseslojna-15mm-244x122cm-olmo/","308","/product/panel-sperploca-viseslojna-15mm-244x122cm-olmo","",""
"product-sitemap.xml","https://www.petroni.hr/proizvod/panel-sperploca-viseslojna-2230x1230-14mm-bijela/","308","/product/panel-sperploca-viseslojna-2230x1230-14mm-bijela","",""
"product-sitemap.xml","https://www.petroni.hr/proizvod/panel-sperploca-2230x1230mm-14mm-amber-siva/","308","/product/panel-sperploca-2230x1230mm-14mm-amber-siva","",""
"product-sitemap.xml","https://www.petroni.hr/proizvod/panel-sperploca-viseslojna-2230x1230-12mm-bijela/","308","/product/panel-sperploca-viseslojna-2230x1230-12mm-bijela","",""
"product-sitemap.xml","https://www.petroni.hr/proizvod/panel-sperploca-viseslojna-2230x1230-12mm-amber-siva/","308","/product/panel-sperploca-viseslojna-2230x1230-12mm-amber-siva","",""
"product-sitemap.xml","https://www.petroni.hr/proizvod/svjetlo-zadnje-led-rimor-evo-5-23/","308","/product/svjetlo-zadnje-led-rimor-evo-5-23","",""
"product-sitemap.xml","https://www.petroni.hr/proizvod/svjetlo-zadnje-led-rimor-evo-s-22/","308","/product/svjetlo-zadnje-led-rimor-evo-s-22","",""
"product-sitemap.xml","https://www.petroni.hr/en/product/solar-set-monocristal-130w-antarion/","308","/product/solar-set-monocristal-130w-antarion?lang=en","en",""
"product-sitemap.xml","https://www.petroni.hr/proizvod/solar-set-monocristal-130w-antarion/","308","/product/solar-set-monocristal-130w-antarion","",""
"product-sitemap.xml","https://www.petroni.hr/proizvod/prozor-bocni-500x300-comfort-alu-acryl/","308","/product/prozor-bocni-500x300-comfort-alu-acryl","",""
"product-sitemap.xml","https://www.petroni.hr/proizvod/prozor-bocni-700x300-comfort-alu-acryl/","308","/product/prozor-bocni-700x300-comfort-alu-acryl","",""
"product-sitemap.xml","https://www.petroni.hr/proizvod/spremnik-za-otpadnu-vodu-75-lit-fiat-ducato-2018/","308","/product/spremnik-za-otpadnu-vodu-75-lit-fiat-ducato-2018","",""
"product-sitemap.xml","https://www.petroni.hr/en/product/salter-za-paljenje-svjetla-12v-berker/","308","/product/salter-za-paljenje-svjetla-12v-berker?lang=en","en",""
"product-sitemap.xml","https://www.petroni.hr/proizvod/salter-za-paljenje-svjetla-12v-berker/","308","/product/salter-za-paljenje-svjetla-12v-berker","",""
"product-sitemap.xml","https://www.petroni.hr/proizvod/prozor-des-kliznih-vrata-mb-vito-2015/","308","/product/prozor-des-kliznih-vrata-mb-vito-2015","",""
"product-sitemap.xml","https://www.petroni.hr/proizvod/nosac-za-tv-simon-luxus-18-30-crni/","308","/product/nosac-za-tv-simon-luxus-18-30-crni","",""
"product-sitemap.xml","https://www.petroni.hr/proizvod/matica-spojna-fi-8-za-plinske-cijevi/","308","/product/matica-spojna-fi-8-za-plinske-cijevi-3kom","",""
"product-sitemap.xml","https://www.petroni.hr/en/product/panti-vrata-nadogradnje-48x2002x43x70-ral9010/","308","/product/panti-vrata-nadogradnje-48x200-2x43x70-ral9010?lang=en","en",""
"product-sitemap.xml","https://www.petroni.hr/proizvod/panti-vrata-nadogradnje-48x2002x43x70-ral9010/","308","/product/panti-vrata-nadogradnje-48x200-2x43x70-ral9010","",""
"product-sitemap.xml","https://www.petroni.hr/proizvod/panti-vrata-nadogradnje-45x2048x45cm/","308","/product/panti-vrata-nadogradnje-4-5x20-4-8-x4-5cm","",""
"product-sitemap.xml","https://www.petroni.hr/proizvod/panti-vrata-nadogradnje-11cmx44-11x5cm/","308","/product/panti-vrata-nadogradnje-11cmx4-4-11x5cm","",""
"product-sitemap.xml","https://www.petroni.hr/en/product/panti-vrata-nadogradnje-11cmx44-11x5cm/","308","/product/panti-vrata-nadogradnje-11cmx4-4-11x5cm?lang=en","en",""
"product-sitemap.xml","https://www.petroni.hr/en/product/panti-vrata-nadogradnje-7x5cm-7x45cm/","308","/product/panti-vrata-nadogradnje-7x5cm-7x4-5cm?lang=en","en",""
"product-sitemap.xml","https://www.petroni.hr/proizvod/panti-vrata-nadogradnje-7x5cm-7x45cm/","308","/product/panti-vrata-nadogradnje-7x5cm-7x4-5cm","",""
"product-sitemap.xml","https://www.petroni.hr/proizvod/panti-za-vrata-kamp-vozila/","308","/product/panti-za-vrata-kamp-vozila-4x4-4-8-x4","",""
"product-sitemap.xml","https://www.petroni.hr/proizvod/rucica-vrata-namjestaja-v269/","308","/product/rucica-vrata-namjestaja-v269","",""
"product-sitemap.xml","https://www.petroni.hr/proizvod/kotac-pomocni-sa-podiznim-mehanizmom-fi-48-jockey-wheel/","308","/product/kotac-pomocni-sa-podiznim-mehanizmom-220x70-fi-48-jockey-wheel","",""
"product-sitemap.xml","https://www.petroni.hr/proizvod/okvir-za-saltere-berker-integro-anthrazit/","308","/product/okvir-za-saltere-berker-integro-anthrazit","",""
"product-sitemap.xml","https://www.petroni.hr/proizvod/kotac-pomocni-sa-podiznim-mehanizmom-215x70mm/","308","/product/kotac-pomocni-sa-podiznim-mehanizmom-260x85mm","",""
"product-sitemap.xml","https://www.petroni.hr/en/product/tekucina-za-otklanjanje-necistoca-crnih-kisnih-crta-2/","410","","","removed_product"
"product-sitemap.xml","https://www.petroni.hr/proizvod/termozastita-prednjeg-stakla-renault-master-4-2010-vanjska/","308","/product/termozastita-kabine-renault-master-4-2010-nutarnja","",""
"product-sitemap.xml","https://www.petroni.hr/proizvod/termozastita-prednjih-stakala-vw-transporter-t5-t6/","308","/product/termozastita-kabine-vw-transporter-t5-t6","",""
"product-sitemap.xml","https://www.petroni.hr/en/product/termozastita-prednjih-stakala-vw-transporter-t5-t6/","308","/product/termozastita-kabine-vw-transporter-t5-t6?lang=en","en",""
"product-sitemap.xml","https://www.petroni.hr/proizvod/posude-melamin-imola-16-dijelova-set/","308","/product/posude-melamin-imola-16-dijelova-set","",""
"product-sitemap.xml","https://www.petroni.hr/en/product/posude-melamin-imola-16-dijelova-set/","308","/product/posude-melamin-imola-16-dijelova-set?lang=en","en",""
"product-sitemap.xml","https://www.petroni.hr/proizvod/bravica-za-zatvaranje-hladnjaka-dometic-electrolux-rm/","308","/product/bravica-za-zatvaranje-hladnjaka-dometic-electrolux-rm","",""
"product-sitemap.xml","https://www.petroni.hr/proizvod/microvalna-pecnica-mini-tristar-10-lit/","308","/product/microvalna-pecnica-mini-tristar-10-lit","",""
"product-sitemap.xml","https://www.petroni.hr/proizvod/cetka-za-pranje-vozila-alu-yachticon/","308","/product/cetka-za-pranje-vozila-alu-yachticon","",""
"product-sitemap.xml","https://www.petroni.hr/proizvod/prikljucak-za-plinsku-bocu-eu-263-lit-sa-automatskim-ventilom-kit/","308","/product/prikljucak-za-plinsku-bocu-eu-26-3-lit-sa-automatskim-ventilom-kit","",""
"product-sitemap.xml","https://www.petroni.hr/en/product/prikljucak-za-plinsku-bocu-eu-263-lit-sa-automatskim-ventilom-kit/","308","/product/prikljucak-za-plinsku-bocu-eu-26-3-lit-sa-automatskim-ventilom-kit?lang=en","en",""
"product-sitemap.xml","https://www.petroni.hr/en/product/resetka-ventilacije-vrata-za-plin-270x120mm/","308","/product/resetka-ventilacije-vrata-za-plin-270x120mm?lang=en","en",""
"product-sitemap.xml","https://www.petroni.hr/proizvod/rucica-za-zatvaranje-prozora-dometic-s7z-03-desna/","308","/product/rucica-za-zatvaranje-prozora-dometic-s7z-03-desna","",""
"product-sitemap.xml","https://www.petroni.hr/en/product/rucica-za-zatvaranje-prozora-dometic-s7z-03-desna/","308","/product/rucica-za-zatvaranje-prozora-dometic-s7z-03-desna?lang=en","en",""
"product-sitemap.xml","https://www.petroni.hr/proizvod/vrata-ulazna-za-kamp-vozilo-1900x545/","308","/product/vrata-ulazna-za-kamp-vozilo-1900x545mm","",""
"product-sitemap.xml","https://www.petroni.hr/en/product/vrata-ulazna-za-kamp-vozilo-1900x545/","308","/product/vrata-ulazna-za-kamp-vozilo-1900x545mm?lang=en","en",""
"product-sitemap.xml","https://www.petroni.hr/proizvod/svjetlo-zadnje-univerzalno-4-funkcije-desno/","308","/product/svjetlo-zadnje-univerzalno-4-funkcije-desno","",""
"product-sitemap.xml","https://www.petroni.hr/proizvod/svjetlo-zadnje-univerzalno-4-funkcije-lijevo/","308","/product/svjetlo-zadnje-univerzalno-4-funkcije-lijevo","",""
"product-sitemap.xml","https://www.petroni.hr/en/product/svjetlo-zadnje-univerzalno-4-funkcije-lijevo/","308","/product/svjetlo-zadnje-univerzalno-4-funkcije-lijevo?lang=en","en",""
"product-sitemap.xml","https://www.petroni.hr/proizvod/staklo-zadnjih-desnih-vrata-vw-t5-t6/","308","/product/staklo-zadnjih-desnih-vrata-vw-t5-t6","",""
"product-sitemap.xml","https://www.petroni.hr/proizvod/staklo-zadnjih-lijevih-vrata-vw-t5-t6/","308","/product/staklo-zadnjih-lijevih-vrata-vw-t5-t6","",""
"product-sitemap.xml","https://www.petroni.hr/proizvod/termozastita-prednjih-stakala-u-kabini-renault-master-2005-2010/","308","/product/termozastita-prednjih-stakala-u-kabini-renault-master-2005-2010","",""
"product-sitemap.xml","https://www.petroni.hr/proizvod/matica-spojnica-fi-8-za-plinske-cijevi/","308","/product/matica-spojnica-fi-8-za-plinske-cijevi","",""
"product-sitemap.xml","https://www.petroni.hr/proizvod/ruka-sa-pomocnim-kotacem-fi-48-260x85mm/","308","/product/ruka-sa-pomocnim-kotacem-fi-48-260x85mm","",""
"product-sitemap.xml","https://www.petroni.hr/proizvod/produzetak-navojni-10cm-za-punjenje-plina/","308","/product/produzetak-navojni-10cm-za-punjenje-plina","",""
"product-sitemap.xml","https://www.petroni.hr/proizvod/prikljucak-od-90-3-81-2-sae-za-punjenje-plina/","308","/product/prikljucak-od-90-3-8-1-2-sae-za-punjenje-plina","",""
"product-sitemap.xml","https://www.petroni.hr/proizvod/stolica-kamperska-camp4-grenoble-delux/","308","/product/stolica-kamperska-camp4-grenoble-delux","",""
"product-sitemap.xml","https://www.petroni.hr/en/product/stolica-kamperska-camp4-grenoble-delux/","308","/product/stolica-kamperska-camp4-grenoble-delux?lang=en","en",""
"product-sitemap.xml","https://www.petroni.hr/proizvod/stol-kamperski-brunner-quadra-tropic-6-alu-bambus/","308","/product/stol-kamperski-brunner-quadra-tropic-6-alu-bambus","",""
"product-sitemap.xml","https://www.petroni.hr/proizvod/nosac-za-bicikle-fiamma-carry-bike-cl-za-2-bicikla/","308","/product/nosac-za-bicikle-fiamma-carry-bike-cl-za-2-bicikla","",""
"product-sitemap.xml","https://www.petroni.hr/proizvod/solarni-sustav-mc-140-140w-tamni/","308","/product/solarni-sustav-mc-140-140w-tamni","",""
"product-sitemap.xml","https://www.petroni.hr/en/product/solarni-sustav-mc-140-140w-tamni/","308","/product/solarni-sustav-mc-140-140w-tamni?lang=en","en",""
"product-sitemap.xml","https://www.petroni.hr/proizvod/stolica-kamperska-aloha-2/","308","/product/stolica-kamperska-aloha-2","",""
"product-sitemap.xml","https://www.petroni.hr/en/product/stolica-kamperska-aloha-2/","308","/product/stolica-kamperska-aloha-2?lang=en","en",""
"product-sitemap.xml","https://www.petroni.hr/proizvod/tekucina-za-ciscenje-caravan-super-reiniger/","308","/product/tekucina-za-ciscenje-caravan-super-reiniger","",""
"product-sitemap.xml","https://www.petroni.hr/en/product/tekucina-za-ciscenje-caravan-super-reiniger/","308","/product/tekucina-za-ciscenje-caravan-super-reiniger?lang=en","en",""
"product-sitemap.xml","https://www.petroni.hr/proizvod/zdjela-sklopiva-fi-20cm-sivo-zuta/","308","/product/zdjela-sklopiva-fi-20cm-sivo-zuta","",""
"product-sitemap.xml","https://www.petroni.hr/en/product/zdjela-sklopiva-fi-20cm-sivo-zuta/","308","/product/zdjela-sklopiva-fi-20cm-sivo-zuta?lang=en","en",""
"product-sitemap.xml","https://www.petroni.hr/proizvod/zdjela-sklopiva-fi-235cm-sivo-plava/","308","/product/zdjela-sklopiva-fi-23-5cm-sivo-plava","",""
"product-sitemap.xml","https://www.petroni.hr/en/product/zdjela-sklopiva-fi-235cm-sivo-plava/","308","/product/zdjela-sklopiva-fi-23-5cm-sivo-plava?lang=en","en",""
"product-sitemap.xml","https://www.petroni.hr/proizvod/glava-za-odabir-izvora-energije-za-dometic-hladnjak/","308","/product/glava-za-odabir-izvora-energije-za-dometic-hladnjak","",""
"product-sitemap.xml","https://www.petroni.hr/proizvod/poklopac-klizni-za-wc-kazetu-thetford-c250-260/","308","/product/poklopac-klizni-za-wc-kazetu-thetford-c250-260","",""
"product-sitemap.xml","https://www.petroni.hr/proizvod/mreza-protiv-insekata/","308","/product/mreza-protiv-insekata","",""
"product-sitemap.xml","https://www.petroni.hr/en/product/prekrivac-za-kamper-fiamma-gornji-dio/","308","/product/prekrivac-za-kamper-fiamma-gornji-dio?lang=en","en",""
"product-sitemap.xml","https://www.petroni.hr/proizvod/prekrivac-za-kamper-fiamma-gornji-dio/","308","/product/prekrivac-za-kamper-fiamma-gornji-dio","",""
"product-sitemap.xml","https://www.petroni.hr/proizvod/prekrivac-za-kamper-fiamma-cover-premium-l/","308","/product/prekrivac-za-kamper-fiamma-cover-premium-l","",""
"product-sitemap.xml","https://www.petroni.hr/en/product/prekrivac-za-kamper-fiamma-cover-premium-l/","308","/product/prekrivac-za-kamper-fiamma-cover-premium-l?lang=en","en",""
"product-sitemap.xml","https://www.petroni.hr/proizvod/posuda-za-pranje-posuda-camp4-prekolopna/","308","/product/posuda-za-pranje-posuda-camp4-prekolopna","",""
"product-sitemap.xml","https://www.petroni.hr/proizvod/pipa-za-vodu-12v-london-bijela/","308","/product/pipa-za-vodu-12v-london-bijela","",""
"product-sitemap.xml","https://www.petroni.hr/proizvod/razvod-crijeva-grijanja-t-truma-agate-sivi/","308","/product/razvod-crijeva-grijanja-t-truma-agate-sivi","",""
"product-sitemap.xml","https://www.petroni.hr/en/product/razvod-crijeva-grijanja-t-truma-agate-sivi/","308","/product/razvod-crijeva-grijanja-t-truma-agate-sivi?lang=en","en",""
"product-sitemap.xml","https://www.petroni.hr/proizvod/okretna-konzola-za-prednje-sjedalo-suvozaca-ducato-06/","308","/product/konzola-okretna-za-prednje-sjedalo-suvozaca-ducato-06","",""
"product-sitemap.xml","https://www.petroni.hr/en/product/okretna-konzola-za-prednje-sjedalo-suvozaca-ducato-06/","308","/product/konzola-okretna-za-prednje-sjedalo-suvozaca-ducato-06?lang=en","en",""
"product-sitemap.xml","https://www.petroni.hr/en/product/relej-za-iskljucivanje-baterija-e772v2-12v-120a/","308","/product/relej-za-iskljucivanje-baterija-e772v2-12v-120a?lang=en","en",""
"product-sitemap.xml","https://www.petroni.hr/proizvod/relej-za-iskljucivanje-baterija-e772v2-12v-120a/","308","/product/relej-za-iskljucivanje-baterija-e772v2-12v-120a","",""
"product-sitemap.xml","https://www.petroni.hr/proizvod/kutija-za-distribuciju-el-energije-cee/","308","/product/kutija-za-distribuciju-el-energije-cee","",""
"product-sitemap.xml","https://www.petroni.hr/en/product/kabel-produzni-cee-10m-3x15mm/","308","/product/kabel-produzni-cee-10m-3x1-5mm?lang=en","en",""
"product-sitemap.xml","https://www.petroni.hr/proizvod/adapter-kabel-cee-mz-15m/","308","/product/adapter-kabel-cee-m-z-1-5m-3x2-5mm","",""
"product-sitemap.xml","https://www.petroni.hr/en/product/adapter-kabel-cee-mz-15m/","308","/product/adapter-kabel-cee-m-z-1-5m-3x2-5mm?lang=en","en",""
"product-sitemap.xml","https://www.petroni.hr/en/product/adapter-kabel-cee-kutni-zenski-schuko-muski/","308","/product/adapter-kabel-cee-kutni-zenski-schuko-muski?lang=en","en",""
"product-sitemap.xml","https://www.petroni.hr/proizvod/katadiopter-macje-oci-fi-60-par/","308","/product/katadiopter-macje-oci-fi-60-par","",""
"product-sitemap.xml","https://www.petroni.hr/proizvod/hvatac-drzac-za-vrata-metalni-sivi/","308","/product/hvatac-drzac-za-vrata-metalni-sivi","",""
"product-sitemap.xml","https://www.petroni.hr/proizvod/sina-i-prihvati-za-ucvrscivanje-stola-na-zid-gestek-950mm/","308","/product/sina-i-prihvati-za-ucvrscivanje-stola-na-zid-gestek-950mm","",""
"product-sitemap.xml","https://www.petroni.hr/proizvod/prikljucak-vanjski-za-punjenje-plina-prakto/","308","/product/prikljucak-vanjski-za-punjenje-plina-prakto","",""
"product-sitemap.xml","https://www.petroni.hr/proizvod/spojnica-plinske-cijevi-t-10-10-10mm/","308","/product/spojnica-za-plinske-cijevi-t-10-10-10mm","",""
"product-sitemap.xml","https://www.petroni.hr/proizvod/spojnica-za-plinske-cijevi-t-8-10-10mm/","308","/product/spojnica-za-plinske-cijevi-t-8-10-10mm","",""
"product-sitemap.xml","https://www.petroni.hr/en/product/tepih-za-predsator-villa-soft-anthrazit/","308","/product/tepih-za-predprostor-villa-soft-anthrazit?lang=en","en",""
"product-sitemap.xml","https://www.petroni.hr/proizvod/tepih-za-predsator-villa-soft-anthrazit/","308","/product/tepih-za-predprostor-villa-soft-anthrazit","",""
"product-sitemap.xml","https://www.petroni.hr/proizvod/tepih-za-predsator-300gr-plavi-5m-x-25m/","308","/product/tepih-za-predprostor-300gr-plavi-5m-x-2-5m","",""
"product-sitemap.xml","https://www.petroni.hr/en/product/tepih-za-predsator-300gr-plavi-5m-x-25m/","308","/product/tepih-za-predprostor-300gr-plavi-5m-x-2-5m?lang=en","en",""
"product-sitemap.xml","https://www.petroni.hr/proizvod/tepih-za-predprostor-arisol-6x25m-plavi/","308","/product/tepih-za-predprostor-arisol-6x2-5m-plavi","",""
"product-sitemap.xml","https://www.petroni.hr/en/product/prozor-bocni-parapress-ser-2007-1200x520/","308","/product/prozor-bocni-parapress-ser-2007-ms904-1200x520?lang=en","en",""
"product-sitemap.xml","https://www.petroni.hr/proizvod/prozor-bocni-parapress-ser-2007-1200x520/","308","/product/prozor-bocni-parapress-ser-2007-ms904-1200x520","",""
"product-sitemap.xml","https://www.petroni.hr/proizvod/prozor-bocni-parapress-700x520/","308","/product/prozor-bocni-parapress-700x520","",""
"product-sitemap.xml","https://www.petroni.hr/proizvod/tepih-za-predsator-viamondo-economy-sivi-25x4m/","308","/product/tepih-za-predprostor-viamondo-economy-sivi-2-5x4m","",""
"product-sitemap.xml","https://www.petroni.hr/en/product/tepih-za-predsator-viamondo-economy-sivi-25x4m/","308","/product/tepih-za-predprostor-viamondo-economy-sivi-2-5x4m?lang=en","en",""
"product-sitemap.xml","https://www.petroni.hr/proizvod/pipa-mjesalica-preklopna-crna/","308","/product/pipa-mjesalica-preklopna-crna","",""
"product-sitemap.xml","https://www.petroni.hr/proizvod/podizac-prozora-cijevni-polyplast-300mm-lijevi/","308","/product/podizac-prozora-cijevni-polyplast-300mm-lijevi","",""
"product-sitemap.xml","https://www.petroni.hr/proizvod/kontrolna-ploca-napajanja-za-thetford-hladnjak-n3000-n4000/","308","/product/kontrolna-ploca-napajanja-za-thetford-hladnjak-n3000-n4000","",""
"product-sitemap.xml","https://www.petroni.hr/proizvod/gumb-za-odzracivanje-wc-kazete-thetford-c200/","308","/product/gumb-za-odzracivanje-wc-kazete-thetford-c200","",""
"product-sitemap.xml","https://www.petroni.hr/proizvod/brava-vrata-fap-sa-cil-i-2-kljuca/","308","/product/brava-vrata-fap-sa-cil-i-2-kljuca","",""
"product-sitemap.xml","https://www.petroni.hr/proizvod/brava-vrata-fap-sa-cil-i-2-kljuca-komplet/","308","/product/brava-vrata-fap-sa-cil-i-2-kljuca-komplet","",""
"product-sitemap.xml","https://www.petroni.hr/proizvod/podizac-drzac-vrata-set/","308","/product/podizac-drzac-vrata-set","",""
"product-sitemap.xml","https://www.petroni.hr/en/product/tekucina-za-obnavljanje-i-zastitu-gumenih-i-plasticnih-povrsina-innolab-pro-500ml/","410","","","removed_product"
"product-sitemap.xml","https://www.petroni.hr/proizvod/salter-ovalni-mali-0-i-sa-lampicom/","308","/product/salter-ovalni-mali-0-i-sa-lampicom","",""
"product-sitemap.xml","https://www.petroni.hr/en/product/salter-ovalni-mali-0-i-sa-lampicom/","308","/product/salter-ovalni-mali-0-i-sa-lampicom?lang=en","en",""
"product-sitemap.xml","https://www.petroni.hr/en/product/spojnica-plinske-cijevi-t-8mm/","308","/product/spojnica-plinske-cijevi-t-8-8-8mm?lang=en","en",""
"product-sitemap.xml","https://www.petroni.hr/proizvod/spojnica-plinske-cijevi-t-8mm/","308","/product/spojnica-plinske-cijevi-t-8-8-8mm","",""
"product-sitemap.xml","https://www.petroni.hr/en/product/spojnica-plinske-cijevi-ravna-810mm/","308","/product/spojnica-plinske-cijevi-ravna-8-10mm?lang=en","en",""
"product-sitemap.xml","https://www.petroni.hr/proizvod/spojnica-plinske-cijevi-ravna-810mm/","308","/product/spojnica-plinske-cijevi-ravna-8-10mm","",""
"product-sitemap.xml","https://www.petroni.hr/en/product/poklopac-rupe-thetford-wc-kazete-c250-260-400/","308","/product/poklopac-rupe-thetford-wc-kazete-c250-260-400?lang=en","en",""
"product-sitemap.xml","https://www.petroni.hr/proizvod/poklopac-rupe-thetford-wc-kazete-c250-260-400/","308","/product/poklopac-rupe-thetford-wc-kazete-c250-260-400","",""
"product-sitemap.xml","https://www.petroni.hr/proizvod/kanta-visenamjenska-15-lit-fi-35-h-22cm/","308","/product/kanta-visenamjenska-15-lit-fi-35-h-22cm","",""
"product-sitemap.xml","https://www.petroni.hr/en/product/kanta-visenamjenska-15-lit-fi-35-h-22cm/","308","/product/kanta-visenamjenska-15-lit-fi-35-h-22cm?lang=en","en",""
"product-sitemap.xml","https://www.petroni.hr/en/product/noga-stola-za-kamper-s-okretnom-konzolom/","308","/product/noga-stola-za-kamper-s-okretnom-konzolom?lang=en","en",""
"product-sitemap.xml","https://www.petroni.hr/proizvod/noga-stola-za-kamper-s-okretnom-konzolom/","308","/product/noga-stola-za-kamper-s-okretnom-konzolom","",""
"product-sitemap.xml","https://www.petroni.hr/en/product/traka-za-brze-popravke-innosiltape-25mm-x-3m/","410","","","removed_product"
"product-sitemap.xml","https://www.petroni.hr/proizvod/prekrivac-zastitni-za-kamp-prikolice-duzine-460-520mm/","308","/product/prekrivac-zastitni-za-kamp-prikolice-duzine-460-520mm","",""
"product-sitemap.xml","https://www.petroni.hr/en/product/prekrivac-zastitni-za-kamp-prikolice-duzine-460-520mm/","308","/product/prekrivac-zastitni-za-kamp-prikolice-duzine-460-520mm?lang=en","en",""
"product-sitemap.xml","https://www.petroni.hr/en/product/kabel-produzni-cee-mz-20m-3x15mm/","308","/product/kabel-produzni-cee-m-z-20m-3x1-5mm?lang=en","en",""
"product-sitemap.xml","https://www.petroni.hr/en/product/prozor-bocni-parapress-ser-2007-700x350/","410","","","removed_product"
"product-sitemap.xml","https://www.petroni.hr/proizvod/tekucina-za-impregnaciju-i-ciscenje-tendi-1-lit/","308","/product/tekucina-za-impregnaciju-i-ciscenje-tendi-1-lit","",""
"product-sitemap.xml","https://www.petroni.hr/proizvod/spojleri-za-solare-dvodjelni-set/","308","/product/spojleri-za-solare-dvodjelni-set","",""
"product-sitemap.xml","https://www.petroni.hr/proizvod/rucice-za-blokiranje-noge-tende-thule-omnistor-od-2010/","308","/product/rucice-za-blokiranje-noge-tende-thule-omnistor-od-2010","",""
"product-sitemap.xml","https://www.petroni.hr/proizvod/oko-za-getribu-tende-fiamma-f45s/","308","/product/oko-za-getribu-tende-fiamma-f45s","",""
"product-sitemap.xml","https://www.petroni.hr/proizvod/prihvat-noge-tende-fiamma-f45s-lijevi/","308","/product/prihvat-noge-tende-fiamma-f45s-lijevi","",""
"product-sitemap.xml","https://www.petroni.hr/proizvod/prihvat-noge-tende-fiamma-f45s-desni/","308","/product/prihvat-noge-tende-fiamma-f45s-desni","",""
"product-sitemap.xml","https://www.petroni.hr/proizvod/kapa-zavrsna-za-tednu-thule-5200-bijela/","308","/product/kapa-zavrsna-za-tendu-thule-5200-bijela","",""
"product-sitemap.xml","https://www.petroni.hr/proizvod/adapter-za-tendu-fiamma-f80s-f65-renault-master-2010/","308","/product/adapter-za-tendu-fiamma-f80s-f65-renault-master-2010","",""
"product-sitemap.xml","https://www.petroni.hr/en/product/traka-za-ucvrscenje-tende-dometic/","410","","","removed_product"
"product-sitemap.xml","https://www.petroni.hr/en/product/rucice-za-fiksiranje-noge-tende-thule-2-kom/","308","/product/rucice-za-blokiranje-noge-tende-thule-2-kom?lang=en","en",""
"product-sitemap.xml","https://www.petroni.hr/proizvod/profil-brtveni-za-tende-thule-omnistor/","308","/product/profil-brtveni-za-tende-thule-omnistor","",""
"product-sitemap.xml","https://www.petroni.hr/en/product/profil-brtveni-za-tende-thule-omnistor/","308","/product/profil-brtveni-za-tende-thule-omnistor?lang=en","en",""
"product-sitemap.xml","https://www.petroni.hr/en/product/tenda-dometic-pw1100/","410","","","removed_product"
"product-sitemap.xml","https://www.petroni.hr/en/product/prozor-bocni-700x350-parapress/","410","","","removed_product"
"product-sitemap.xml","https://www.petroni.hr/proizvod/brava-ulaznih-vrata-za-kamp-vozila-fap-160x95mm-2/","308","/product/brava-ulaznih-vrata-za-kamp-vozila-fap-160x95mm-20902","",""
"product-sitemap.xml","https://www.petroni.hr/proizvod/brava-za-vrata-zadi-405x405mm/","308","/product/brava-za-vrata-zadi-40-5x40-5mm","",""
"product-sitemap.xml","https://www.petroni.hr/en/product/brava-za-vrata-zadi-405x405mm/","308","/product/brava-za-vrata-zadi-40-5x40-5mm?lang=en","en",""
"product-sitemap.xml","https://www.petroni.hr/proizvod/hladnjak-carbest-campcooler-30-12-24v-35-lit-kompresorski/","308","/product/hladnjak-carbest-campcooler-30-12-24v-30-lit-kompresorski","",""
"product-sitemap.xml","https://www.petroni.hr/en/product/hladnjak-carbest-campcooler-30-12-24v-35-lit-kompresorski/","308","/product/hladnjak-carbest-campcooler-30-12-24v-30-lit-kompresorski?lang=en","en",""
"product-sitemap.xml","https://www.petroni.hr/proizvod/adapter-za-carbest-hladnjake-ac-100-220v/","308","/product/adapter-za-carbest-hladnjake-ac-100-220v","",""
"product-sitemap.xml","https://www.petroni.hr/en/product/adapter-za-carbest-hladnjake-ac-100-220v/","308","/product/adapter-za-carbest-hladnjake-ac-100-220v?lang=en","en",""
"product-sitemap.xml","https://www.petroni.hr/en/product/pumpa-za-vodu-reich-tandem-12v-19lit-min/","308","/product/pumpa-za-vodu-reich-tandem-12v-19lit-min?lang=en","en",""
"product-sitemap.xml","https://www.petroni.hr/proizvod/usice-za-tende-i-profile-6-kom-57-mm/","308","/product/usice-za-tende-i-profile-6-kom-5-7-mm","",""
"product-sitemap.xml","https://www.petroni.hr/proizvod/brava-vrata-sts-110x70-sa-kljucem-i-cilindrom/","308","/product/brava-vrata-sts-110x70-sa-kljucem-i-cilindrom","",""
"product-sitemap.xml","https://www.petroni.hr/en/product/brava-vrata-sts-110x70-sa-kljucem-i-cilindrom/","308","/product/brava-vrata-sts-110x70-sa-kljucem-i-cilindrom?lang=en","en",""
"product-sitemap.xml","https://www.petroni.hr/proizvod/odzracni-ventil-za-thetford-wc-kazetu-c400-500/","308","/product/odzracni-ventil-za-thetford-wc-kazetu-c400-500","",""
"product-sitemap.xml","https://www.petroni.hr/proizvod/vrata-servisna-700x450-komplet-lci/","308","/product/vrata-servisna-700x450-komplet-lci","",""
"product-sitemap.xml","https://www.petroni.hr/en/product/vrata-servisna-700x450-komplet-lci/","308","/product/vrata-servisna-700x450-komplet-lci?lang=en","en",""
"product-sitemap.xml","https://www.petroni.hr/proizvod/poklopac-ukrasni-za-nutarnji-dio-brave-fap/","308","/product/poklopac-ukrasni-za-nutarnji-dio-brave-fap","",""
"product-sitemap.xml","https://www.petroni.hr/proizvod/pumpa-vode-za-thetford-wc-c250/","308","/product/pumpa-vode-za-thetford-wc-c250","",""
"product-sitemap.xml","https://www.petroni.hr/proizvod/svjetlo-bocno-gabaritno-jokon-led-bijeli-rub/","308","/product/svjetlo-bocno-gabaritno-jokon-led-bijeli-rub","",""
"product-sitemap.xml","https://www.petroni.hr/proizvod/svjetlo-bocno-gabaritno-jokon-led-sivi-rub/","308","/product/svjetlo-bocno-gabaritno-jokon-led-sivi-rub","",""
"product-sitemap.xml","https://www.petroni.hr/proizvod/tekucina-za-odstranjivanje-crnih-kisnih-pruga-multiman-1000ml/","308","/product/tekucina-za-odstranjivanje-crnih-kisnih-pruga-multiman-1000ml","",""
"product-sitemap.xml","https://www.petroni.hr/proizvod/set-za-zakljucavanje-hladnjaka-dometic-serija-7/","308","/product/set-za-zakljucavanje-hladnjaka-dometic-serija-7","",""
"product-sitemap.xml","https://www.petroni.hr/en/product/set-za-zakljucavanje-hladnjaka-dometic-serija-7/","308","/product/set-za-zakljucavanje-hladnjaka-dometic-serija-7?lang=en","en",""
"product-sitemap.xml","https://www.petroni.hr/proizvod/kuhalo-plinsko-camp4-gourmet/","308","/product/kuhalo-plinsko-camp4-gourmet","",""
"product-sitemap.xml","https://www.petroni.hr/en/product/stednjak-dometic-2-plamnika-hbg233/","410","","","removed_product"
"product-sitemap.xml","https://www.petroni.hr/en/product/staklo-plinskog-stednjaka-can-lijevo/","410","","","removed_product"
"product-sitemap.xml","https://www.petroni.hr/proizvod/brava-ulaznih-vrata-za-kamp-vozila-fap/","308","/product/brava-ulaznih-vrata-za-kamp-vozila-fap","",""
"product-sitemap.xml","https://www.petroni.hr/proizvod/hladnjak-carbest-mh140l-kompresorski/","308","/product/hladnjak-carbest-mh140l-kompresorski","",""
"product-sitemap.xml","https://www.petroni.hr/en/product/hladnjak-carbest-mh140l-kompresorski/","308","/product/hladnjak-carbest-mh140l-kompresorski?lang=en","en",""
"product-sitemap.xml","https://www.petroni.hr/proizvod/nosac-za-tv-simon-xl-luxus-18-30-srebreni/","308","/product/nosac-za-tv-simon-xl-luxus-18-30-srebreni","",""
"product-sitemap.xml","https://www.petroni.hr/en/product/spojnica-za-namjestaj-ploce-keku-as-set/","308","/product/spojnica-za-namjestaj-ploce-keku-as-set?lang=en","en",""
"product-sitemap.xml","https://www.petroni.hr/proizvod/spojnica-za-namjestaj-ploce-keku-as-set/","308","/product/spojnica-za-namjestaj-ploce-keku-as-set","",""
"product-sitemap.xml","https://www.petroni.hr/proizvod/pokrov-zastitni-za-bicikle-max-4-bicikla/","308","/product/pokrov-zastitni-za-bicikle-max-4-bicikla","",""
"product-sitemap.xml","https://www.petroni.hr/proizvod/posude-maritme-8kom-za-dvije-osobe/","308","/product/posude-maritme-8kom-za-dvije-osobe","",""
"product-sitemap.xml","https://www.petroni.hr/en/product/posude-maritme-8kom-za-dvije-osobe/","308","/product/posude-maritme-8kom-za-dvije-osobe?lang=en","en",""
"product-sitemap.xml","https://www.petroni.hr/en/product/nepovratni-ventil-uniquick-12mm/","308","/product/nepovratni-ventil-uniquick-12mm?lang=en","en",""
"product-sitemap.xml","https://www.petroni.hr/proizvod/nepovratni-ventil-uniquick-12mm/","308","/product/nepovratni-ventil-uniquick-12mm","",""
"product-sitemap.xml","https://www.petroni.hr/proizvod/tenda-fiamma-f45s-19m-royal-grey/","308","/product/tenda-fiamma-f45s-1-9m-royal-grey","",""
"product-sitemap.xml","https://www.petroni.hr/en/product/tenda-fiamma-f45s-19m-royal-grey/","308","/product/tenda-fiamma-f45s-1-9m-royal-grey?lang=en","en",""
"product-sitemap.xml","https://www.petroni.hr/proizvod/polica-za-dokumente-i-punjenje-mobitela-fiat-ducato-jumper-boxer-x250/","308","/product/polica-za-dokumente-i-punjenje-mobitela-fiat-ducato-jumper-boxer-x250","",""
"product-sitemap.xml","https://www.petroni.hr/en/product/polica-za-dokumente-i-punjenje-mobitela-fiat-ducato-jumper-boxer-x250/","308","/product/polica-za-dokumente-i-punjenje-mobitela-fiat-ducato-jumper-boxer-x250?lang=en","en",""
"product-sitemap.xml","https://www.petroni.hr/proizvod/svjetlo-registarske-plocice-crno-67x385x33mm/","308","/product/svjetlo-registarske-plocice-crno-67x38-5x33mm","",""
"product-sitemap.xml","https://www.petroni.hr/proizvod/svjetlo-registarske-plocice-crveno-101x57x59mm/","308","/product/svjetlo-registarske-plocice-crveno-101x57x59mm","",""
"product-sitemap.xml","https://www.petroni.hr/proizvod/svjetlo-registarske-plocice-jokon-k420/","308","/product/svjetlo-registarske-plocice-jokon-k420","",""
"product-sitemap.xml","https://www.petroni.hr/proizvod/svjetlo-registarske-plocice-ducato-lijevo/","308","/product/svjetlo-registarske-plocice-ducato-lijevo","",""
"product-sitemap.xml","https://www.petroni.hr/proizvod/svjetlo-registarske-plocice-ducato-desno/","308","/product/svjetlo-registarske-plocice-ducato-desno","",""
"product-sitemap.xml","https://www.petroni.hr/proizvod/cep-gumeni-za-resetku-plamenika-dometic-smev-set-8kom/","308","/product/cep-gumeni-za-resetku-plamenika-dometic-smev-set-8kom","",""
"product-sitemap.xml","https://www.petroni.hr/proizvod/pipa-mjesalica-jednorucna-zakretna-170mm/","308","/product/pipa-mjesalica-jednorucna-zakretna-170mm","",""
"product-sitemap.xml","https://www.petroni.hr/proizvod/rucica-za-zatvaranje-prozora-polyplast-fiksiranje-na-vijak/","308","/product/rucica-za-zatvaranje-prozora-polyplast-fiksiranje-na-vijak","",""
"product-sitemap.xml","https://www.petroni.hr/proizvod/tekucina-za-obnavljanje-plasticnih-povrsina-all-in-one-80ml/","308","/product/tekucina-za-obnavljanje-plasticnih-povrsina-all-in-one-80ml","",""
"product-sitemap.xml","https://www.petroni.hr/proizvod/tekucina-za-obnavljanje-plasticnih-povrsina-all-in-one-500ml/","308","/product/tekucina-za-obnavljanje-plasticnih-povrsina-all-in-one-500ml","",""
"product-sitemap.xml","https://www.petroni.hr/en/product/guma-continental-vancocamper-215-70r15c-felga/","410","","","removed_product"
"product-sitemap.xml","https://www.petroni.hr/proizvod/poklopac-ukrasni-za-kotac-15-fiat-ducato-x290-14/","308","/product/poklopac-ukrasni-za-kotac-15-fiat-ducato-x290-14","",""
"product-sitemap.xml","https://www.petroni.hr/en/product/kamera-za-voznju-unatrag-wrv-1-wi-fi-lcd-7/","410","","","removed_product"
"product-sitemap.xml","https://www.petroni.hr/proizvod/polica-sa-mrezicom-za-odlaganje-stvari-270x115x32/","308","/product/polica-sa-mrezicom-za-odlaganje-stvari-270x115x32","",""
"product-sitemap.xml","https://www.petroni.hr/proizvod/tekucina-za-odstranjivanje-crnih-kisnih-pruga-multiman-500ml/","308","/product/tekucina-za-odstranjivanje-crnih-kisnih-pruga-multiman-500ml","",""
"product-sitemap.xml","https://www.petroni.hr/proizvod/profil-za-tendu-fiamma-rain-guard-s/","308","/product/profil-za-tendu-fiamma-rain-guard-s","",""
"product-sitemap.xml","https://www.petroni.hr/en/product/profil-za-tendu-fiamma-rain-guard-s/","308","/product/profil-za-tendu-fiamma-rain-guard-s?lang=en","en",""
"product-sitemap.xml","https://www.petroni.hr/proizvod/poklopac-ukrasni-za-kratki-retrovizor-fiat-ducato-2006-ld/","308","/product/poklopac-ukrasni-za-kratki-retrovizor-fiat-ducato-2006-l-d","",""
"product-sitemap.xml","https://www.petroni.hr/proizvod/podloske-stabilizator-nogica-za-kamp-prikolicu-2/","308","/product/podloske-stabilizator-nogica-za-kamp-prikolicu-15415","",""
"product-sitemap.xml","https://www.petroni.hr/en/product/podloske-stabilizator-nogica-za-kamp-prikolicu-2/","308","/product/podloske-stabilizator-nogica-za-kamp-prikolicu-15415?lang=en","en",""
"product-sitemap.xml","https://www.petroni.hr/proizvod/ventil-nepovratni-truma-fi-10/","308","/product/ventil-nepovratni-truma-fi-10","",""
"product-sitemap.xml","https://www.petroni.hr/en/product/ventil-nepovratni-truma-fi-10/","308","/product/ventil-nepovratni-truma-fi-10?lang=en","en",""
"product-sitemap.xml","https://www.petroni.hr/proizvod/lampa-nutarnja-led/","308","/product/lampa-nutarnja-led","",""
"product-sitemap.xml","https://www.petroni.hr/proizvod/prihvatnik-stola-na-sinu-knaus-weinsberg/","308","/product/prihvatnik-stola-na-sinu-knaus-weinsberg","",""
"product-sitemap.xml","https://www.petroni.hr/proizvod/prozor-bocni-carbest-rw-eco-500x300-alu-okvir/","308","/product/prozor-bocni-carbest-rw-eco-500x300-alu-okvir","",""
"product-sitemap.xml","https://www.petroni.hr/en/product/prozor-bocni-carbest-rw-eco-500x300-alu-okvir/","308","/product/prozor-bocni-carbest-rw-eco-500x300-alu-okvir?lang=en","en",""
"product-sitemap.xml","https://www.petroni.hr/en/product/klima-uredaj-plein-aircon-12v/","410","","","removed_product"
"product-sitemap.xml","https://www.petroni.hr/proizvod/spremnik-za-vodu-80-litara/","308","/product/spremnik-za-vodu-80-litara","",""
"product-sitemap.xml","https://www.petroni.hr/en/product/spremnik-za-vodu-80-litara/","308","/product/spremnik-za-vodu-80-litara?lang=en","en",""
"product-sitemap.xml","https://www.petroni.hr/en/product/pumpa-za-vodu-12v-maas-20-lit-15-bar-potopna/","308","/product/pumpa-za-vodu-12v-maas-20-lit-1-5-bar-potopna?lang=en","en",""
"product-sitemap.xml","https://www.petroni.hr/proizvod/svjetlo-straznje-jokon/","308","/product/svjetlo-straznje-jokon","",""
"product-sitemap.xml","https://www.petroni.hr/proizvod/sina-i-prihvati-za-ucvrscivanje-stola-na-zid-mit-kit-lippert/","308","/product/sina-i-prihvati-za-ucvrscivanje-stola-na-zid-mit-kit-lippert","",""
"product-sitemap.xml","https://www.petroni.hr/proizvod/plamenik-bez-brizgaljke-za-hladnjak-dometic/","308","/product/plamenik-bez-brizgaljke-za-hladnjak-dometic","",""
"product-sitemap.xml","https://www.petroni.hr/en/product/plamenik-bez-brizgaljke-za-hladnjak-dometic/","308","/product/plamenik-bez-brizgaljke-za-hladnjak-dometic?lang=en","en",""
"product-sitemap.xml","https://www.petroni.hr/proizvod/set-za-zakljucavanje-hladnjaka-dometic/","308","/product/set-za-zakljucavanje-hladnjaka-dometic-ser-rm7xxx","",""
"product-sitemap.xml","https://www.petroni.hr/en/product/set-za-zakljucavanje-hladnjaka-dometic/","308","/product/set-za-zakljucavanje-hladnjaka-dometic-ser-rm7xxx?lang=en","en",""
"product-sitemap.xml","https://www.petroni.hr/en/product/staklo-pokrov-krovnog-prozora-fiamma-40x40-bijeli310/","308","/product/staklo-pokrov-krovnog-prozora-fiamma-40x40-bijeli?lang=en","en",""
"product-sitemap.xml","https://www.petroni.hr/proizvod/staklo-pokrov-krovnog-prozora-fiamma-40x40-bijeli310/","308","/product/staklo-pokrov-krovnog-prozora-fiamma-40x40-bijeli","",""
"product-sitemap.xml","https://www.petroni.hr/proizvod/brava-sigurnosna-fiamma-31-46/","308","/product/brava-sigurnosna-fiamma-31-46","",""
"product-sitemap.xml","https://www.petroni.hr/proizvod/noga-stola-preklopna-675mm-srebrena/","308","/product/noga-stola-preklopna-675-315-mm-srebrena","",""
"product-sitemap.xml","https://www.petroni.hr/proizvod/termozastita-prednjeg-stakla-fiat-ducato-9406/","308","/product/termozastita-kabine-fiat-ducato-06-x250-290-nutarnja","",""
"product-sitemap.xml","https://www.petroni.hr/proizvod/adapter-cee-za-schuko-utikac-muski/","308","/product/adapter-cee-za-schuko-utikac-muski","",""
"product-sitemap.xml","https://www.petroni.hr/en/product/sina-prihvatna-drzac-stola/","308","/product/sina-prihvatna-drzac-stola-stilo?lang=en","en",""
"product-sitemap.xml","https://www.petroni.hr/proizvod/cp-plus-inet-truma-upravljacka-ploca-led/","308","/product/cp-plus-inet-truma-upravljacka-ploca-led","",""
"product-sitemap.xml","https://www.petroni.hr/en/product/vodic-za-kampiranje-acsi-europa-2021/","410","","","removed_product"
"product-sitemap.xml","https://www.petroni.hr/en/product/staklo-prozora-parapress-500x550-opal-za-wc/","410","","","removed_product"
"product-sitemap.xml","https://www.petroni.hr/en/product/rucica-za-prikolicu-vucna-bijela/","308","/product/rucica-za-prikolicu-vucna-bijela?lang=en","en",""
"product-sitemap.xml","https://www.petroni.hr/proizvod/panti-za-namjestaj-metalni-180/","308","/product/panti-za-namjestaj-metalni-180","",""
"product-sitemap.xml","https://www.petroni.hr/en/product/panti-za-namjestaj-metalni-180/","308","/product/panti-za-namjestaj-metalni-180?lang=en","en",""
"product-sitemap.xml","https://www.petroni.hr/proizvod/pipa-mjesalica-tus-reich-pelikan/","308","/product/pipa-mjesalica-tus-reich-pelikan","",""
"product-sitemap.xml","https://www.petroni.hr/proizvod/kapa-zavrsna-za-tendu-fiamma-f45-plus/","308","/product/kapa-zavrsna-za-tendu-fiamma-f45-plus","",""
"product-sitemap.xml","https://www.petroni.hr/proizvod/zavjesa-rolo-tamna-1000x800mm/","308","/product/zavjesa-rolo-tamna-1000x800mm","",""
"product-sitemap.xml","https://www.petroni.hr/proizvod/profil-gumeni-za-prozore-32-36mm/","308","/product/profil-gumeni-za-prozore-32-36mm","",""
"product-sitemap.xml","https://www.petroni.hr/proizvod/stopwater-system-stedljivac-vode/","308","/product/stopwater-system-stedljivac-vode","",""
"product-sitemap.xml","https://www.petroni.hr/proizvod/razdjelnik-vode-na-pipi-mjesalici/","308","/product/razdjelnik-vode-na-pipi-mjesalici","",""
"product-sitemap.xml","https://www.petroni.hr/proizvod/brava-vrata-fap-crna-sa-kljucevima-i-cilindrom/","308","/product/brava-vrata-fap-crna-sa-kljucevima-i-cilindrom","",""
"product-sitemap.xml","https://www.petroni.hr/proizvod/brava-vrata-fap-bijela-sa-kljucevima-i-cilindrom/","308","/product/brava-vrata-fap-bijela-sa-kljucevima-i-cilindrom","",""
"product-sitemap.xml","https://www.petroni.hr/proizvod/adapteri-za-uticnice-220v/","308","/product/adapteri-za-uticnice-220v","",""
"product-sitemap.xml","https://www.petroni.hr/en/product/prekrivac-za-kamp-prikolicu-xl-do-67m/","410","","","removed_product"
"product-sitemap.xml","https://www.petroni.hr/proizvod/stoper-za-vrata-chrom/","308","/product/stoper-za-vrata-chrom","",""
"product-sitemap.xml","https://www.petroni.hr/proizvod/drzac-vrata-sa-metalnim-kotacicima/","308","/product/drzac-vrata-sa-metalnim-kotacicima","",""
"product-sitemap.xml","https://www.petroni.hr/proizvod/spremnik-za-vodu-fiat-ducato-x250-142-lit/","308","/product/spremnik-za-vodu-fiat-ducato-x250-142-lit","",""
"product-sitemap.xml","https://www.petroni.hr/proizvod/bocni-lijevi-prozor-na-kliznim-vratima-vw-crafter-2017/","308","/product/prozor-bocni-lijevi-vw-crafter-man-tge-2017","",""
"product-sitemap.xml","https://www.petroni.hr/en/product/bocni-lijevi-prozor-na-kliznim-vratima-vw-crafter-2017/","308","/product/prozor-bocni-lijevi-vw-crafter-man-tge-2017?lang=en","en",""
"product-sitemap.xml","https://www.petroni.hr/en/product/prozor-bocni-dometic-s4-700x400-sivi-sa-zastitom/","308","/product/prozor-bocni-dometic-s4-700x400-sivi-sa-zastitom?lang=en","en",""
"product-sitemap.xml","https://www.petroni.hr/proizvod/prozor-bocni-dometic-s4-700x400-sivi-sa-zastitom/","308","/product/prozor-bocni-dometic-s4-700x400-sivi-sa-zastitom","",""
"product-sitemap.xml","https://www.petroni.hr/proizvod/polica-hladnjaka-thetford-n4141/","308","/product/polica-hladnjaka-thetford-n4141","",""
"product-sitemap.xml","https://www.petroni.hr/proizvod/kanister-za-vodu-15-lit-sa-cepom/","308","/product/kanister-za-vodu-15-lit-sa-cepom","",""
"product-sitemap.xml","https://www.petroni.hr/en/product/kanister-za-vodu-15-lit-sa-cepom/","308","/product/kanister-za-vodu-15-lit-sa-cepom?lang=en","en",""
"product-sitemap.xml","https://www.petroni.hr/proizvod/bravica-vrata-push-za-ormarice-i-vrata/","308","/product/bravica-vrata-push-za-ormarice-i-vrata","",""
"product-sitemap.xml","https://www.petroni.hr/proizvod/taster-za-zatvaranje-vrata-hladnjak-dometic-lijeva-vrata/","308","/product/taster-za-zatvaranje-vrata-hladnjak-dometic-lijeva-vrata","",""
"product-sitemap.xml","https://www.petroni.hr/proizvod/isovelur-platno-spuzva-5mm-sivo-anthrazit/","308","/product/isovelur-platno-spuzva-5mm-sivo-anthrazit","",""
"product-sitemap.xml","https://www.petroni.hr/en/product/isovelur-platno-spuzva-5mm-sivo-anthrazit/","308","/product/isovelur-platno-spuzva-5mm-sivo-anthrazit?lang=en","en",""
"product-sitemap.xml","https://www.petroni.hr/proizvod/tenda-thule-5200-4-m-mystic-grau/","308","/product/tenda-thule-5200-4-m-mystic-grau","",""
"product-sitemap.xml","https://www.petroni.hr/proizvod/kljuc-preklopni-hsc/","308","/product/kljuc-preklopni-hsc","",""
"product-sitemap.xml","https://www.petroni.hr/proizvod/tenda-fiamma-f80s-32m-titanium/","308","/product/tenda-fiamma-f80s-3-2m-titanium","",""
"product-sitemap.xml","https://www.petroni.hr/proizvod/pant-52x38-bronze-polusavijen/","308","/product/pant-52x38-bronze-polusavijen","",""
"product-sitemap.xml","https://www.petroni.hr/en/product/pant-52x38-bronze-polusavijen/","308","/product/pant-52x38-bronze-polusavijen?lang=en","en",""
"product-sitemap.xml","https://www.petroni.hr/proizvod/panti-za-namjestaj-3x8cm-chrom/","308","/product/panti-za-namjestaj-3x8cm-chrom","",""
"product-sitemap.xml","https://www.petroni.hr/en/product/panti-za-namjestaj-3x8cm-chrom/","308","/product/panti-za-namjestaj-3x8cm-chrom?lang=en","en",""
"product-sitemap.xml","https://www.petroni.hr/proizvod/tenda-fiamma-f45s-30m-royal-blue/","308","/product/tenda-fiamma-f45s-3-0m-royal-blue","",""
"product-sitemap.xml","https://www.petroni.hr/en/product/tenda-fiamma-f45s-30m-royal-blue/","308","/product/tenda-fiamma-f45s-3-0m-royal-blue?lang=en","en",""
"product-sitemap.xml","https://www.petroni.hr/proizvod/wc-prijenosni-kemijski-thetford-porta-potti-335/","308","/product/wc-prijenosni-kemijski-thetford-porta-potti-335","",""
"product-sitemap.xml","https://www.petroni.hr/en/product/wc-prijenosni-kemijski-thetford-porta-potti-335/","308","/product/wc-prijenosni-kemijski-thetford-porta-potti-335?lang=en","en",""
"product-sitemap.xml","https://www.petroni.hr/proizvod/senzor-vanjske-temparature-za-carbest-diesel-grijac-vanheat/","308","/product/senzor-vanjske-temparature-za-carbest-diesel-grijac-vanheat","",""
"product-sitemap.xml","https://www.petroni.hr/en/product/senzor-vanjske-temparature-za-carbest-diesel-grijac-vanheat/","308","/product/senzor-vanjske-temparature-za-carbest-diesel-grijac-vanheat?lang=en","en",""
"product-sitemap.xml","https://www.petroni.hr/proizvod/razdjelnik-jg-t-12mm/","308","/product/razdjelnik-jg-t-12mm","",""
"product-sitemap.xml","https://www.petroni.hr/en/product/razdjelnik-jg-t-12mm/","308","/product/razdjelnik-jg-t-12mm?lang=en","en",""
"product-sitemap.xml","https://www.petroni.hr/proizvod/kanister-30-lita-din96-cep/","308","/product/kanister-30-lita-din96-cep","",""
"product-sitemap.xml","https://www.petroni.hr/en/product/kanister-30-lita-din96-cep/","308","/product/kanister-30-lita-din96-cep?lang=en","en",""
"product-sitemap.xml","https://www.petroni.hr/proizvod/tenda-thule-5200-19m-srebrena/","308","/product/tenda-thule-5200-1-9m-srebrena","",""
"product-sitemap.xml","https://www.petroni.hr/en/product/tenda-thule-5200-19m-srebrena/","308","/product/tenda-thule-5200-1-9m-srebrena?lang=en","en",""
"product-sitemap.xml","https://www.petroni.hr/proizvod/pojas-sigurnosni-u-2-tocke/","308","/product/pojas-sigurnosni-u-2-tocke","",""
"product-sitemap.xml","https://www.petroni.hr/en/product/pojas-sigurnosni-u-2-tocke/","308","/product/pojas-sigurnosni-u-2-tocke?lang=en","en",""
"product-sitemap.xml","https://www.petroni.hr/proizvod/spojnica-za-ploce-namjestaj-keku-ehs-set/","308","/product/spojnica-za-ploce-namjestaj-keku-ehs-set","",""
"product-sitemap.xml","https://www.petroni.hr/en/product/spojnica-za-ploce-namjestaj-keku-ehs-set/","308","/product/spojnica-za-ploce-namjestaj-keku-ehs-set?lang=en","en",""
"product-sitemap.xml","https://www.petroni.hr/proizvod/prozor-krovni-280x280-powervent-12v/","308","/product/prozor-krovni-28x28-powervent","",""
"product-sitemap.xml","https://www.petroni.hr/en/product/prozor-krovni-280x280-powervent-12v/","308","/product/prozor-krovni-28x28-powervent?lang=en","en",""
"product-sitemap.xml","https://www.petroni.hr/proizvod/prikljucak-sponica-za-vodu-ravni-10-12mm/","308","/product/prikljucak-sponica-za-vodu-ravni-10-12mm","",""
"product-sitemap.xml","https://www.petroni.hr/en/product/prikljucak-sponica-za-vodu-ravni-10-12mm/","308","/product/prikljucak-sponica-za-vodu-ravni-10-12mm?lang=en","en",""
"product-sitemap.xml","https://www.petroni.hr/proizvod/svjetlo-za-registarsku-plocicu-100x55x565/","308","/product/svjetlo-za-registarsku-plocicu-100x55x56-5","",""
"product-sitemap.xml","https://www.petroni.hr/en/product/svjetlo-za-registarsku-plocicu-100x55x565/","308","/product/svjetlo-za-registarsku-plocicu-100x55x56-5?lang=en","en",""
"product-sitemap.xml","https://www.petroni.hr/proizvod/prozor-bocni-seitz-dometic-birkholz-800x550/","308","/product/prozor-bocni-seitz-dometic-birkholz-800x550","",""
"product-sitemap.xml","https://www.petroni.hr/en/product/prozor-bocni-seitz-dometic-birkholz-800x550/","308","/product/prozor-bocni-seitz-dometic-birkholz-800x550?lang=en","en",""
"product-sitemap.xml","https://www.petroni.hr/proizvod/brava-ulaznih-vrata-fap-starint-pro-tek/","308","/product/brava-ulaznih-vrata-fap-starint-pro-tek","",""
"product-sitemap.xml","https://www.petroni.hr/en/product/brava-ulaznih-vrata-fap-starint-pro-tek/","308","/product/brava-ulaznih-vrata-fap-starint-pro-tek?lang=en","en",""
"product-sitemap.xml","https://www.petroni.hr/proizvod/resetka-hladnjaka-dometic-ls200-crna/","308","/product/resetka-hladnjaka-dometic-ls200-crna","",""
"product-sitemap.xml","https://www.petroni.hr/en/product/resetka-hladnjaka-dometic-ls200-crna/","308","/product/resetka-hladnjaka-dometic-ls200-crna?lang=en","en",""
"product-sitemap.xml","https://www.petroni.hr/proizvod/resetka-hladnjaka-dometic-ls100-crna/","308","/product/resetka-hladnjaka-dometic-ls100-crna","",""
"product-sitemap.xml","https://www.petroni.hr/en/product/resetka-hladnjaka-dometic-ls100-crna/","308","/product/resetka-hladnjaka-dometic-ls100-crna?lang=en","en",""
"product-sitemap.xml","https://www.petroni.hr/proizvod/hladnjak-kompresorski-dometic-cff20-21-litar/","308","/product/hladnjak-kompresorski-dometic-cff20-21-litar","",""
"product-sitemap.xml","https://www.petroni.hr/en/product/hladnjak-kompresorski-dometic-cff20-21-litar/","308","/product/hladnjak-kompresorski-dometic-cff20-21-litar?lang=en","en",""
"product-sitemap.xml","https://www.petroni.hr/proizvod/ventil-sigurnosni-za-plin-za-plinsku-bocu/","308","/product/ventil-sigurnosni-za-plin-za-plinsku-bocu","",""
"product-sitemap.xml","https://www.petroni.hr/en/product/ventil-sigurnosni-za-plin-za-plinsku-bocu/","308","/product/ventil-sigurnosni-za-plin-za-plinsku-bocu?lang=en","en",""
"product-sitemap.xml","https://www.petroni.hr/proizvod/filter-za-thetford-wc-c250/","308","/product/filter-za-thetford-wc-c250","",""
"product-sitemap.xml","https://www.petroni.hr/en/product/filter-za-thetford-wc-c250/","308","/product/filter-za-thetford-wc-c250?lang=en","en",""
"product-sitemap.xml","https://www.petroni.hr/proizvod/retrovizor-za-mrtvi-kut-herkules/","308","/product/retrovizor-za-mrtvi-kut-herkules","",""
"product-sitemap.xml","https://www.petroni.hr/en/product/retrovizor-za-mrtvi-kut-herkules/","308","/product/retrovizor-za-mrtvi-kut-herkules?lang=en","en",""
"product-sitemap.xml","https://www.petroni.hr/proizvod/spremnik-za-vodu-comet-25-lit/","308","/product/spremnik-za-vodu-comet-25-lit","",""
"product-sitemap.xml","https://www.petroni.hr/en/product/spremnik-za-vodu-comet-25-lit/","308","/product/spremnik-za-vodu-comet-25-lit?lang=en","en",""
"product-sitemap.xml","https://www.petroni.hr/proizvod/profil-keder-pvc-fi-75mm-45mm-5-metara/","308","/product/profil-keder-pvc-fi-7-5mm-4-5mm-5-metara","",""
"product-sitemap.xml","https://www.petroni.hr/en/product/profil-keder-pvc-fi-75mm-45mm-5-metara/","308","/product/profil-keder-pvc-fi-7-5mm-4-5mm-5-metara?lang=en","en",""
"product-sitemap.xml","https://www.petroni.hr/proizvod/solar-set-mc-185-185w-crni/","308","/product/solar-set-mc-185-185w-crni","",""
"product-sitemap.xml","https://www.petroni.hr/en/product/solar-set-mc-185-185w-crni/","308","/product/solar-set-mc-185-185w-crni?lang=en","en",""
"product-sitemap.xml","https://www.petroni.hr/proizvod/retrovizor-dodatni-za-vucu-prikolica-xxl/","308","/product/retrovizor-dodatni-za-vucu-prikolica-xxl","",""
"product-sitemap.xml","https://www.petroni.hr/en/product/retrovizor-dodatni-za-vucu-prikolica-xxl/","308","/product/retrovizor-dodatni-za-vucu-prikolica-xxl?lang=en","en",""
"product-sitemap.xml","https://www.petroni.hr/proizvod/podizac-drzac-prozora-seitz-s3-s4-desni-2/","308","/product/podizac-drzac-prozora-seitz-s3-s4-desni-14745","",""
"product-sitemap.xml","https://www.petroni.hr/en/product/podizac-drzac-prozora-seitz-s3-s4-desni-2/","308","/product/podizac-drzac-prozora-seitz-s3-s4-desni-14745?lang=en","en",""
"product-sitemap.xml","https://www.petroni.hr/proizvod/podizac-drzac-prozora-seitz-s3-s4-lijevi-4/","308","/product/podizac-drzac-prozora-seitz-s3-s4-lijevi-14744","",""
"product-sitemap.xml","https://www.petroni.hr/en/product/podizac-drzac-prozora-seitz-s3-s4-lijevi-4/","308","/product/podizac-drzac-prozora-seitz-s3-s4-lijevi-14744?lang=en","en",""
"product-sitemap.xml","https://www.petroni.hr/proizvod/podizac-drzac-prozora-seitz-s3-s4-lijevi-3/","308","/product/podizac-drzac-prozora-seitz-s3-s4-lijevi-14743","",""
"product-sitemap.xml","https://www.petroni.hr/en/product/podizac-drzac-prozora-seitz-s3-s4-lijevi-3/","308","/product/podizac-drzac-prozora-seitz-s3-s4-lijevi-14743?lang=en","en",""
"product-sitemap.xml","https://www.petroni.hr/proizvod/podizac-drzac-prozora-seitz-s3-s4-lijevi-2/","308","/product/podizac-drzac-prozora-seitz-s3-s4-desni-14738","",""
"product-sitemap.xml","https://www.petroni.hr/en/product/podizac-drzac-prozora-seitz-s3-s4-lijevi-2/","308","/product/podizac-drzac-prozora-seitz-s3-s4-desni-14738?lang=en","en",""
"product-sitemap.xml","https://www.petroni.hr/proizvod/cep-za-vodu-zadi-crni/","308","/product/cep-za-vodu-zadi-crni","",""
"product-sitemap.xml","https://www.petroni.hr/proizvod/prozor-bocni-620x560-rw-bez-okvira-za-vanove-zad-vrata/","308","/product/prozor-bocni-620x560-rw-bez-okvira-za-vanove-zad-vrata","",""
"product-sitemap.xml","https://www.petroni.hr/en/product/prozor-bocni-620x560-rw-bez-okvira-za-vanove-zad-vrata/","308","/product/prozor-bocni-620x560-rw-bez-okvira-za-vanove-zad-vrata?lang=en","en",""
"product-sitemap.xml","https://www.petroni.hr/proizvod/prozor-bocni-500x350-acryl-elegance/","308","/product/prozor-bocni-500x350-acryl-elegance","",""
"product-sitemap.xml","https://www.petroni.hr/en/product/prozor-bocni-500x350-acryl-elegance/","308","/product/prozor-bocni-500x350-acryl-elegance?lang=en","en",""
"product-sitemap.xml","https://www.petroni.hr/proizvod/prozor-bocni-500x300-classic-acryl/","308","/product/prozor-bocni-500x300-classic-acryl","",""
"product-sitemap.xml","https://www.petroni.hr/en/product/prozor-bocni-500x300-classic-acryl/","308","/product/prozor-bocni-500x300-classic-acryl?lang=en","en",""
"product-sitemap.xml","https://www.petroni.hr/proizvod/prozor-bocni-280x380-rw-van-acryl-alu-okvir-sa-radijusom-5000mm/","308","/product/prozor-bocni-280x380-rw-van-acryl-alu-okvir-sa-radijusom-5000mm","",""
"product-sitemap.xml","https://www.petroni.hr/en/product/prozor-bocni-280x380-rw-van-acryl-alu-okvir-sa-radijusom-5000mm/","308","/product/prozor-bocni-280x380-rw-van-acryl-alu-okvir-sa-radijusom-5000mm?lang=en","en",""
"product-sitemap.xml","https://www.petroni.hr/proizvod/prozor-bocni-500x300-rw-compact-acryl-alu-okvir/","308","/product/prozor-bocni-500x300-rw-compact-acryl-alu-okvir","",""
"product-sitemap.xml","https://www.petroni.hr/en/product/prozor-bocni-500x300-rw-compact-acryl-alu-okvir/","308","/product/prozor-bocni-500x300-rw-compact-acryl-alu-okvir?lang=en","en",""
"product-sitemap.xml","https://www.petroni.hr/proizvod/prozor-bocni-polyacryl-izo-sa-alu-okvirom-350x500-rw-style/","308","/product/prozor-bocni-polyacryl-izo-sa-alu-okvirom-350x500-rw-style","",""
"product-sitemap.xml","https://www.petroni.hr/en/product/prozor-bocni-polyacryl-izo-sa-alu-okvirom-350x500-rw-style/","308","/product/prozor-bocni-polyacryl-izo-sa-alu-okvirom-350x500-rw-style?lang=en","en",""
"product-sitemap.xml","https://www.petroni.hr/proizvod/prozor-bocni-klizni-univerzalni-460x280mm/","308","/product/prozor-bocni-klizni-univerzalni-460x280mm","",""
"product-sitemap.xml","https://www.petroni.hr/en/product/prozor-bocni-klizni-univerzalni-460x280mm/","308","/product/prozor-bocni-klizni-univerzalni-460x280mm?lang=en","en",""
"product-sitemap.xml","https://www.petroni.hr/proizvod/prozor-bocni-klizni-sa-alu-okvirom-500x300mm/","308","/product/prozor-bocni-klizni-sa-alu-okvirom-500x300mm","",""
"product-sitemap.xml","https://www.petroni.hr/en/product/prozor-bocni-klizni-sa-alu-okvirom-500x300mm/","308","/product/prozor-bocni-klizni-sa-alu-okvirom-500x300mm?lang=en","en",""
"product-sitemap.xml","https://www.petroni.hr/proizvod/staklo-desnih-bocnih-kliznih-vrata-za-ford-transit-v363-2014/","308","/product/staklo-desnih-bocnih-kliznih-vrata-za-ford-transit-v363-2014","",""
"product-sitemap.xml","https://www.petroni.hr/en/product/staklo-desnih-bocnih-kliznih-vrata-za-ford-transit-v363-2014/","308","/product/staklo-desnih-bocnih-kliznih-vrata-za-ford-transit-v363-2014?lang=en","en",""
"product-sitemap.xml","https://www.petroni.hr/proizvod/staklo-zadnjih-krilnih-vrata-mb-sprinter-od-2019/","308","/product/staklo-zadnjih-krilnih-vrata-mb-sprinter-od-2019","",""
"product-sitemap.xml","https://www.petroni.hr/en/product/staklo-zadnjih-krilnih-vrata-mb-sprinter-od-2019/","308","/product/staklo-zadnjih-krilnih-vrata-mb-sprinter-od-2019?lang=en","en",""
"product-sitemap.xml","https://www.petroni.hr/proizvod/prozor-bocni-desni-za-klizna-vrata-mb-sprinter-vw-crafter-2007-2018/","308","/product/prozor-bocni-desni-za-klizna-vrata-mb-sprinter-vw-crafter-2007-2018","",""
"product-sitemap.xml","https://www.petroni.hr/en/product/prozor-bocni-desni-za-klizna-vrata-mb-sprinter-vw-crafter-2007-2018/","308","/product/prozor-bocni-desni-za-klizna-vrata-mb-sprinter-vw-crafter-2007-2018?lang=en","en",""
"product-sitemap.xml","https://www.petroni.hr/proizvod/staklo-bocnih-desnih-kliznih-vrata-mb-vito-2015/","308","/product/staklo-bocnih-desnih-kliznih-vrata-mb-vito-2015","",""
"product-sitemap.xml","https://www.petroni.hr/en/product/staklo-bocnih-desnih-kliznih-vrata-mb-vito-2015/","308","/product/staklo-bocnih-desnih-kliznih-vrata-mb-vito-2015?lang=en","en",""
"product-sitemap.xml","https://www.petroni.hr/proizvod/bocno-staklo-za-klizna-vrata-mb-vito-20042014/","308","/product/staklo-bocno-za-klizna-vrata-mb-vito-2004-2014","",""
"product-sitemap.xml","https://www.petroni.hr/en/product/bocno-staklo-za-klizna-vrata-mb-vito-20042014/","308","/product/staklo-bocno-za-klizna-vrata-mb-vito-2004-2014?lang=en","en",""
"product-sitemap.xml","https://www.petroni.hr/proizvod/staklo-zadnjih-podiznih-vrata-vw-transporter-t6-t6-1-od-2016/","308","/product/staklo-zadnjih-podiznih-vrata-vw-transporter-t6-t6-1-od-2016","",""
"product-sitemap.xml","https://www.petroni.hr/en/product/staklo-zadnjih-podiznih-vrata-vw-transporter-t6-t6-1-od-2016/","308","/product/staklo-zadnjih-podiznih-vrata-vw-transporter-t6-t6-1-od-2016?lang=en","en",""
"product-sitemap.xml","https://www.petroni.hr/proizvod/staklo-zadnjih-podiznih-vrata-vw-transporter-t5-2004-2016/","308","/product/staklo-zadnjih-podiznih-vrata-vw-transporter-t5-2004-2016","",""
"product-sitemap.xml","https://www.petroni.hr/en/product/staklo-zadnjih-podiznih-vrata-vw-transporter-t5-2004-2016/","308","/product/staklo-zadnjih-podiznih-vrata-vw-transporter-t5-2004-2016?lang=en","en",""
"product-sitemap.xml","https://www.petroni.hr/proizvod/bocno-klizno-staklo-za-vw-transporter-t4/","308","/product/staklo-bocnih-desnih-kliznih-vrata-za-vw-transporter-t4","",""
"product-sitemap.xml","https://www.petroni.hr/en/product/bocno-klizno-staklo-za-vw-transporter-t4/","308","/product/staklo-bocnih-desnih-kliznih-vrata-za-vw-transporter-t4?lang=en","en",""
"product-sitemap.xml","https://www.petroni.hr/proizvod/bocno-staklo-za-klizna-vrata-za-citroen-jumpy-3-2017/","308","/product/staklo-bocno-za-klizna-vrata-za-citroen-jumpy-3-2017","",""
"product-sitemap.xml","https://www.petroni.hr/en/product/bocno-staklo-za-klizna-vrata-za-citroen-jumpy-3-2017/","308","/product/staklo-bocno-za-klizna-vrata-za-citroen-jumpy-3-2017?lang=en","en",""
"product-sitemap.xml","https://www.petroni.hr/proizvod/bocno-staklo-za-klizna-vrata-za-vw-caddy-maxi-2008-2020/","308","/product/staklo-bocno-za-klizna-vrata-za-vw-caddy-maxi-2008-2020","",""
"product-sitemap.xml","https://www.petroni.hr/en/product/bocno-staklo-za-klizna-vrata-za-vw-caddy-maxi-2008-2020/","308","/product/staklo-bocno-za-klizna-vrata-za-vw-caddy-maxi-2008-2020?lang=en","en",""
"product-sitemap.xml","https://www.petroni.hr/proizvod/bocno-staklo-za-klizna-vrata-za-vw-caddy-2021/","308","/product/staklo-bocno-za-klizna-vrata-za-vw-caddy-2021","",""
"product-sitemap.xml","https://www.petroni.hr/en/product/bocno-staklo-za-klizna-vrata-za-vw-caddy-2021/","308","/product/staklo-bocno-za-klizna-vrata-za-vw-caddy-2021?lang=en","en",""
"product-sitemap.xml","https://www.petroni.hr/proizvod/prozor-bocni-klizni-700x400-acrylglas/","308","/product/prozor-bocni-klizni-700x400-acrylglas","",""
"product-sitemap.xml","https://www.petroni.hr/en/product/prozor-bocni-klizni-700x400-acrylglas/","308","/product/prozor-bocni-klizni-700x400-acrylglas?lang=en","en",""
"product-sitemap.xml","https://www.petroni.hr/proizvod/tepih-za-kabinu-vozaca-fiat-ducato-2006/","308","/product/tepih-za-kabinu-vozaca-fiat-ducato-2006","",""
"product-sitemap.xml","https://www.petroni.hr/en/product/tepih-za-kabinu-vozaca-fiat-ducato-2006/","308","/product/tepih-za-kabinu-vozaca-fiat-ducato-2006?lang=en","en",""
"product-sitemap.xml","https://www.petroni.hr/proizvod/prozor-bocni-vw-transporter-t5-t6-t6-1/","308","/product/prozor-bocni-vw-transporter-t5-t6-t6-1","",""
"product-sitemap.xml","https://www.petroni.hr/en/product/prozor-bocni-vw-transporter-t5-t6-t6-1/","308","/product/prozor-bocni-vw-transporter-t5-t6-t6-1?lang=en","en",""
"product-sitemap.xml","https://www.petroni.hr/proizvod/prekrivac-za-kamp-vozilo-505x300cm/","308","/product/prekrivac-za-kamp-vozilo-505x300cm","",""
"product-sitemap.xml","https://www.petroni.hr/en/product/prekrivac-za-kamp-vozilo-505x300cm/","308","/product/prekrivac-za-kamp-vozilo-505x300cm?lang=en","en",""
"product-sitemap.xml","https://www.petroni.hr/en/product/katalog-reimo-2023/","308","/product/katalog-reimo-2024?lang=en","en",""
"product-sitemap.xml","https://www.petroni.hr/proizvod/svjetlo-led-12v-kvadratno/","308","/product/svjetlo-led-12v-kvadratno","",""
"product-sitemap.xml","https://www.petroni.hr/en/product/svjetlo-led-12v-kvadratno/","308","/product/svjetlo-led-12v-kvadratno?lang=en","en",""
"product-sitemap.xml","https://www.petroni.hr/proizvod/svjetlo-led-12v-5w-kvadratno-75x75mm/","308","/product/svjetlo-led-12v-5w-kvadratno-75x75mm","",""
"product-sitemap.xml","https://www.petroni.hr/en/product/svjetlo-led-12v-5w-kvadratno-75x75mm/","308","/product/svjetlo-led-12v-5w-kvadratno-75x75mm?lang=en","en",""
"product-sitemap.xml","https://www.petroni.hr/proizvod/konzola-okretna-za-suvozacko-sjedalo-vw-crafter-man-tge-od-2017/","308","/product/konzola-okretna-za-suvozacko-sjedalo-vw-crafter-man-tge-od-2017","",""
"product-sitemap.xml","https://www.petroni.hr/en/product/konzola-okretna-za-suvozacko-sjedalo-vw-crafter-man-tge-od-2017/","308","/product/konzola-okretna-za-suvozacko-sjedalo-vw-crafter-man-tge-od-2017?lang=en","en",""
"product-sitemap.xml","https://www.petroni.hr/proizvod/konzola-okretna-za-vozacko-sjedalo-vw-crafter-man-tge-od-2017-na-dalje/","308","/product/konzola-okretna-za-vozacko-sjedalo-vw-crafter-man-tge-od-2017-na-dalje","",""
"product-sitemap.xml","https://www.petroni.hr/en/product/konzola-okretna-za-vozacko-sjedalo-vw-crafter-man-tge-od-2017-na-dalje/","308","/product/konzola-okretna-za-vozacko-sjedalo-vw-crafter-man-tge-od-2017-na-dalje?lang=en","en",""
"product-sitemap.xml","https://www.petroni.hr/proizvod/konzola-okretna-za-sjedalo-vozaca-renault-master-od-2010/","308","/product/konzola-okretna-za-sjedalo-vozaca-renault-master-od-2010","",""
"product-sitemap.xml","https://www.petroni.hr/en/product/konzola-okretna-za-sjedalo-vozaca-renault-master-od-2010/","308","/product/konzola-okretna-za-sjedalo-vozaca-renault-master-od-2010?lang=en","en",""
"product-sitemap.xml","https://www.petroni.hr/proizvod/konzola-okretna-za-sjedalo-suvozaca-renault-master-od-2010-na-dalje/","308","/product/konzola-okretna-za-sjedalo-suvozaca-renault-master-od-2010-na-dalje","",""
"product-sitemap.xml","https://www.petroni.hr/en/product/konzola-okretna-za-sjedalo-suvozaca-renault-master-od-2010-na-dalje/","308","/product/konzola-okretna-za-sjedalo-suvozaca-renault-master-od-2010-na-dalje?lang=en","en",""
"product-sitemap.xml","https://www.petroni.hr/proizvod/resetka-ventilacijska-za-vrata-kabine-vw-crafter-mb-sprinter-do-2017/","308","/product/resetka-ventilacijska-za-vrata-kabine-vw-crafter-mb-sprinter-do-2017","",""
"product-sitemap.xml","https://www.petroni.hr/en/product/resetka-ventilacijska-za-vrata-kabine-vw-crafter-mb-sprinter-do-2017/","308","/product/resetka-ventilacijska-za-vrata-kabine-vw-crafter-mb-sprinter-do-2017?lang=en","en",""
"product-sitemap.xml","https://www.petroni.hr/proizvod/torba-za-prijenosni-wc-thetford/","308","/product/torba-za-prijenosni-wc-thetford","",""
"product-sitemap.xml","https://www.petroni.hr/en/product/torba-za-prijenosni-wc-thetford/","308","/product/torba-za-prijenosni-wc-thetford?lang=en","en",""
"product-sitemap.xml","https://www.petroni.hr/proizvod/podizac-drzac-prozora-dometic-s4-h400-okrugli-ld/","308","/product/podizac-drzac-prozora-dometic-s4-h400-okrugli-l-d","",""
"product-sitemap.xml","https://www.petroni.hr/en/product/podizac-drzac-prozora-dometic-s4-h400-okrugli-ld/","308","/product/podizac-drzac-prozora-dometic-s4-h400-okrugli-l-d?lang=en","en",""
"product-sitemap.xml","https://www.petroni.hr/proizvod/podizac-drzac-prozora-dometic-s4-h450-okrugli-ld/","308","/product/podizac-drzac-prozora-dometic-s4-h450-okrugli-l-d","",""
"product-sitemap.xml","https://www.petroni.hr/en/product/podizac-drzac-prozora-dometic-s4-h450-okrugli-ld/","308","/product/podizac-drzac-prozora-dometic-s4-h450-okrugli-l-d?lang=en","en",""
"product-sitemap.xml","https://www.petroni.hr/proizvod/podizac-drzac-prozora-dometic-s4-h500-okrugli-ld/","308","/product/podizac-drzac-prozora-dometic-s4-h500-okrugli-l-d","",""
"product-sitemap.xml","https://www.petroni.hr/en/product/podizac-drzac-prozora-dometic-s4-h500-okrugli-ld/","308","/product/podizac-drzac-prozora-dometic-s4-h500-okrugli-l-d?lang=en","en",""
"product-sitemap.xml","https://www.petroni.hr/proizvod/kutnici-sa-smedim-poklopcem-za-fiskiranje-namjestaja/","308","/product/kutnici-sa-smedim-poklopcem-za-fiskiranje-namjestaja","",""
"product-sitemap.xml","https://www.petroni.hr/en/product/kutnici-sa-smedim-poklopcem-za-fiskiranje-namjestaja/","308","/product/kutnici-sa-smedim-poklopcem-za-fiskiranje-namjestaja?lang=en","en",""
"product-sitemap.xml","https://www.petroni.hr/proizvod/kutnici-sa-bijelim-poklopcem-za-fiskiranje-namjestaja/","308","/product/kutnici-sa-bijelim-poklopcem-za-fiskiranje-namjestaja","",""
"product-sitemap.xml","https://www.petroni.hr/en/product/kutnici-sa-bijelim-poklopcem-za-fiskiranje-namjestaja/","308","/product/kutnici-sa-bijelim-poklopcem-za-fiskiranje-namjestaja?lang=en","en",""
"product-sitemap.xml","https://www.petroni.hr/proizvod/cep-spremnika-za-vodu-muski-navojni/","308","/product/cep-spremnika-za-vodu-muski-navojni","",""
"product-sitemap.xml","https://www.petroni.hr/en/product/cep-spremnika-za-vodu-muski-navojni/","308","/product/cep-spremnika-za-vodu-muski-navojni?lang=en","en",""
"product-sitemap.xml","https://www.petroni.hr/proizvod/naljepnice-ukrasne-za-skrivenje-vijaka-bijele/","308","/product/naljepnice-ukrasne-za-skrivenje-vijaka-bijele","",""
"product-sitemap.xml","https://www.petroni.hr/en/product/naljepnice-ukrasne-za-skrivenje-vijaka-bijele/","308","/product/naljepnice-ukrasne-za-skrivenje-vijaka-bijele?lang=en","en",""
"product-sitemap.xml","https://www.petroni.hr/proizvod/fiksator-za-izradu-namjestaja-2-vijka-s-poklopcem/","308","/product/fiksator-za-izradu-namjestaja-2-vijka-s-poklopcem","",""
"product-sitemap.xml","https://www.petroni.hr/en/product/fiksator-za-izradu-namjestaja-2-vijka-s-poklopcem/","308","/product/fiksator-za-izradu-namjestaja-2-vijka-s-poklopcem?lang=en","en",""
"product-sitemap.xml","https://www.petroni.hr/en/product/brveni-gumeni-profil-za-vrata-115mm-105mm-4m/","308","/product/brveni-gumeni-profil-za-vrata-11-5mm-10-5mm-4m?lang=en","en",""
"product-sitemap.xml","https://www.petroni.hr/proizvod/manzeta-rude-al-ko-115mm-37-54mm/","308","/product/manzeta-rude-al-ko-115mm-37-54mm","",""
"product-sitemap.xml","https://www.petroni.hr/en/product/manzeta-rude-al-ko-115mm-37-54mm/","308","/product/manzeta-rude-al-ko-115mm-37-54mm?lang=en","en",""
"product-sitemap.xml","https://www.petroni.hr/proizvod/manzeta-za-rudu-prikolice-al-ko-50-60/","308","/product/manzeta-za-rudu-prikolice-al-ko-50-60","",""
"product-sitemap.xml","https://www.petroni.hr/en/product/manzeta-za-rudu-prikolice-al-ko-50-60/","308","/product/manzeta-za-rudu-prikolice-al-ko-50-60?lang=en","en",""
"product-sitemap.xml","https://www.petroni.hr/proizvod/manzeta-za-al-ko-rudu-prikolice/","308","/product/manzeta-za-al-ko-rudu-prikolice","",""
"product-sitemap.xml","https://www.petroni.hr/en/product/manzeta-za-al-ko-rudu-prikolice/","308","/product/manzeta-za-al-ko-rudu-prikolice?lang=en","en",""
"product-sitemap.xml","https://www.petroni.hr/proizvod/hvatac-vrata-hymer-bijeli-zenski/","308","/product/hvatac-vrata-hymer-bijeli-zenski","",""
"product-sitemap.xml","https://www.petroni.hr/en/product/hvatac-vrata-hymer-bijeli-zenski/","308","/product/hvatac-vrata-hymer-bijeli-zenski?lang=en","en",""
"product-sitemap.xml","https://www.petroni.hr/proizvod/hvatac-vrata-hymer-bijeli/","308","/product/hvatac-vrata-hymer-bijeli-muski","",""
"product-sitemap.xml","https://www.petroni.hr/en/product/hvatac-vrata-hymer-bijeli/","308","/product/hvatac-vrata-hymer-bijeli-muski?lang=en","en",""
"product-sitemap.xml","https://www.petroni.hr/proizvod/hvatac-vrata-hymer-sivi-zenski/","308","/product/hvatac-vrata-hymer-sivi-zenski","",""
"product-sitemap.xml","https://www.petroni.hr/en/product/hvatac-vrata-hymer-sivi-zenski/","308","/product/hvatac-vrata-hymer-sivi-zenski?lang=en","en",""
"product-sitemap.xml","https://www.petroni.hr/proizvod/hvatac-vrata-hymer-sivi-muski/","308","/product/hvatac-vrata-hymer-sivi-muski","",""
"product-sitemap.xml","https://www.petroni.hr/en/product/hvatac-vrata-hymer-sivi-muski/","308","/product/hvatac-vrata-hymer-sivi-muski?lang=en","en",""
"product-sitemap.xml","https://www.petroni.hr/proizvod/lampa-ugradbena-led-12v-12w-18sme/","308","/product/lampa-ugradbena-led-12v-1-2w-18sme","",""
"product-sitemap.xml","https://www.petroni.hr/en/product/lampa-ugradbena-led-12v-12w-18sme/","308","/product/lampa-ugradbena-led-12v-1-2w-18sme?lang=en","en",""
"product-sitemap.xml","https://www.petroni.hr/proizvod/podizac-drzac-prozora-seitz-s3-s4-lijevi/","308","/product/podizac-drzac-prozora-seitz-s3-s4-lijevi","",""
"product-sitemap.xml","https://www.petroni.hr/en/product/podizac-drzac-prozora-seitz-s3-s4-lijevi/","308","/product/podizac-drzac-prozora-seitz-s3-s4-lijevi?lang=en","en",""
"product-sitemap.xml","https://www.petroni.hr/proizvod/podizac-drzac-prozora-seitz-s3-s4-desni/","308","/product/podizac-drzac-prozora-seitz-s3-s4-desni","",""
"product-sitemap.xml","https://www.petroni.hr/en/product/podizac-drzac-prozora-seitz-s3-s4-desni/","308","/product/podizac-drzac-prozora-seitz-s3-s4-desni?lang=en","en",""
"product-sitemap.xml","https://www.petroni.hr/proizvod/podizac-drzac-prozora-dometic-s3-s4-desni-2/","308","/product/podizac-drzac-prozora-seitz-s3-s4-desni-13901","",""
"product-sitemap.xml","https://www.petroni.hr/en/product/podizac-drzac-prozora-dometic-s3-s4-desni-2/","308","/product/podizac-drzac-prozora-seitz-s3-s4-desni-13901?lang=en","en",""
"product-sitemap.xml","https://www.petroni.hr/en/product/podizac-drzac-prozora-s3-s4-par-3/","308","/product/podizac-drzac-prozora-s3-s4-par-13760?lang=en","en",""
"product-sitemap.xml","https://www.petroni.hr/proizvod/podizac-drzac-prozora-s3-s4-par-3/","308","/product/podizac-drzac-prozora-s3-s4-par-13760","",""
"product-sitemap.xml","https://www.petroni.hr/proizvod/podizac-drzac-prozora-s3-s4-par-2/","308","/product/podizac-drzac-prozora-s3-s4-par-13759","",""
"product-sitemap.xml","https://www.petroni.hr/en/product/podizac-drzac-prozora-s3-s4-par-2/","308","/product/podizac-drzac-prozora-s3-s4-par-13759?lang=en","en",""
"product-sitemap.xml","https://www.petroni.hr/proizvod/podizac-drzac-prozora-s3-s4-par/","308","/product/podizac-drzac-prozora-s3-s4-par","",""
"product-sitemap.xml","https://www.petroni.hr/en/product/podizac-drzac-prozora-s3-s4-par/","308","/product/podizac-drzac-prozora-s3-s4-par?lang=en","en",""
"product-sitemap.xml","https://www.petroni.hr/en/product/sprej-za-otklanjanje-smole-i-ljepila-yachticon-200ml/","308","/product/sprej-za-otklanjanje-smole-i-ljepila-yachticon-200ml?lang=en","en",""
"product-sitemap.xml","https://www.petroni.hr/proizvod/ventil-plinski-za-hladnjak-dometic-gv100/","308","/product/ventil-plinski-za-hladnjak-dometic-gv100","",""
"product-sitemap.xml","https://www.petroni.hr/en/product/ventil-plinski-za-hladnjak-dometic-gv100/","308","/product/ventil-plinski-za-hladnjak-dometic-gv100?lang=en","en",""
"product-sitemap.xml","https://www.petroni.hr/proizvod/ventil-pipa-za-ispust-vode-iz-kanistera/","308","/product/ventil-pipa-za-ispust-vode-iz-kanistera","",""
"product-sitemap.xml","https://www.petroni.hr/en/product/ventil-pipa-za-ispust-vode-iz-kanistera/","308","/product/ventil-pipa-za-ispust-vode-iz-kanistera?lang=en","en",""
"product-sitemap.xml","https://www.petroni.hr/proizvod/posude-melamin-za-2-osobe-camp4-marmor/","308","/product/posude-melamin-za-2-osobe-camp4-marmor","",""
"product-sitemap.xml","https://www.petroni.hr/en/product/posude-melamin-za-2-osobe-camp4-marmor/","308","/product/posude-melamin-za-2-osobe-camp4-marmor?lang=en","en",""
"product-sitemap.xml","https://www.petroni.hr/proizvod/stolica-kamperska-strider-siva/","308","/product/stolica-kamperska-strider-siva","",""
"product-sitemap.xml","https://www.petroni.hr/en/product/stolica-kamperska-strider-siva/","308","/product/stolica-kamperska-strider-siva?lang=en","en",""
"product-sitemap.xml","https://www.petroni.hr/proizvod/fiksator-namjestaja-kutni-5-vijaka-avorio/","308","/product/fiksator-namjestaja-kutni-5-vijaka-avorio","",""
"product-sitemap.xml","https://www.petroni.hr/en/product/fiksator-namjestaja-kutni-5-vijaka-avorio/","308","/product/fiksator-namjestaja-kutni-5-vijaka-avorio?lang=en","en",""
"product-sitemap.xml","https://www.petroni.hr/en/product/ventil-za-ispust-vode-iz-spremnika-3-4-25mm/","308","/product/ventil-za-ispust-vode-iz-spremnika-3-4-25mm?lang=en","en",""
"product-sitemap.xml","https://www.petroni.hr/proizvod/ventil-za-ispust-vode-iz-spremnika-3-4-25mm/","308","/product/ventil-za-ispust-vode-iz-spremnika-3-4-25mm","",""
"product-sitemap.xml","https://www.petroni.hr/proizvod/mjerac-vlage-i-temparature/","308","/product/mjerac-vlage-i-temparature","",""
"product-sitemap.xml","https://www.petroni.hr/en/product/mjerac-vlage-i-temparature/","308","/product/mjerac-vlage-i-temparature?lang=en","en",""
"product-sitemap.xml","https://www.petroni.hr/proizvod/posude-melamin-maramor/","308","/product/posude-melamin-m-a-r-a-mor","",""
"product-sitemap.xml","https://www.petroni.hr/en/product/posude-melamin-maramor/","308","/product/posude-melamin-m-a-r-a-mor?lang=en","en",""
"product-sitemap.xml","https://www.petroni.hr/proizvod/kartusa-plinska-campingaz-cp250/","308","/product/kartusa-plinska-campingaz-cp250","",""
"product-sitemap.xml","https://www.petroni.hr/en/product/kartusa-plinska-campingaz-cp250/","308","/product/kartusa-plinska-campingaz-cp250?lang=en","en",""
"product-sitemap.xml","https://www.petroni.hr/proizvod/spoj-spremnika-vode-i-cijevi-fi-40-kutni-90-2/","308","/product/spoj-spremnika-vode-i-cijevi-fi-40-kutni-90-13453","",""
"product-sitemap.xml","https://www.petroni.hr/en/product/spoj-spremnika-vode-i-cijevi-fi-40-kutni-90-2/","308","/product/spoj-spremnika-vode-i-cijevi-fi-40-kutni-90-13453?lang=en","en",""
"product-sitemap.xml","https://www.petroni.hr/proizvod/pumpa-za-vodu-12v-15-lit-min-05bar-reich/","308","/product/pumpa-za-vodu-12v-15-lit-min-0-5bar-reich","",""
"product-sitemap.xml","https://www.petroni.hr/en/product/pumpa-za-vodu-12v-15-lit-min-05bar-reich/","308","/product/pumpa-za-vodu-12v-15-lit-min-0-5bar-reich?lang=en","en",""
"product-sitemap.xml","https://www.petroni.hr/proizvod/fiskator-namjestaja-kutni-4-vijka-svjetlo-smedi/","308","/product/fiskator-namjestaja-kutni-4-vijka-svjetlo-smedi-10kom","",""
"product-sitemap.xml","https://www.petroni.hr/en/product/fiskator-namjestaja-kutni-4-vijka-svjetlo-smedi/","308","/product/fiskator-namjestaja-kutni-4-vijka-svjetlo-smedi-10kom?lang=en","en",""
"product-sitemap.xml","https://www.petroni.hr/proizvod/fiskator-namjestaja-kutni-4-vijka-smedi/","308","/product/fiskator-namjestaja-kutni-4-vijka-smedi-10kom","",""
"product-sitemap.xml","https://www.petroni.hr/en/product/fiskator-namjestaja-kutni-4-vijka-smedi/","308","/product/fiskator-namjestaja-kutni-4-vijka-smedi-10kom?lang=en","en",""
"product-sitemap.xml","https://www.petroni.hr/proizvod/hladnjak-kompresorski-carbest-87-litara/","308","/product/hladnjak-kompresorski-carbest-87-litara","",""
"product-sitemap.xml","https://www.petroni.hr/en/product/hladnjak-kompresorski-carbest-87-litara/","308","/product/hladnjak-kompresorski-carbest-87-litara?lang=en","en",""
"product-sitemap.xml","https://www.petroni.hr/proizvod/brava-push-lock-mini-48x35mm/","308","/product/brava-push-lock-mini-48x35mm","",""
"product-sitemap.xml","https://www.petroni.hr/en/product/brava-push-lock-mini-48x35mm/","308","/product/brava-push-lock-mini-48x35mm?lang=en","en",""
"product-sitemap.xml","https://www.petroni.hr/proizvod/svjetiljka-led-500-lumen-9w/","308","/product/svjetiljka-led-500-lumen-9w","",""
"product-sitemap.xml","https://www.petroni.hr/en/product/svjetiljka-led-500-lumen-9w/","308","/product/svjetiljka-led-500-lumen-9w?lang=en","en",""
"product-sitemap.xml","https://www.petroni.hr/proizvod/produzetak-rucice-fiamma-krovnog-prozora-bijeli/","308","/product/produzetak-rucice-fiamma-krovnog-prozora-bijeli","",""
"product-sitemap.xml","https://www.petroni.hr/en/product/produzetak-rucice-fiamma-krovnog-prozora-bijeli/","308","/product/produzetak-rucice-fiamma-krovnog-prozora-bijeli?lang=en","en",""
"product-sitemap.xml","https://www.petroni.hr/proizvod/ventil-plinski-za-dometic-hladnjak-gv100/","308","/product/ventil-plinski-za-dometic-hladnjak-gv100","",""
"product-sitemap.xml","https://www.petroni.hr/en/product/ventil-plinski-za-dometic-hladnjak-gv100/","308","/product/ventil-plinski-za-dometic-hladnjak-gv100?lang=en","en",""
"product-sitemap.xml","https://www.petroni.hr/proizvod/konektor-za-led-traku-8mm-led-led/","308","/product/konektor-za-led-traku-8mm-led-led","",""
"product-sitemap.xml","https://www.petroni.hr/en/product/konektor-za-led-traku-8mm-led-led/","308","/product/konektor-za-led-traku-8mm-led-led?lang=en","en",""
"product-sitemap.xml","https://www.petroni.hr/en/product/konaktor-za-led-traku-8mm-led-zica/","308","/product/konektor-za-led-traku-8mm-led-zica?lang=en","en",""
"product-sitemap.xml","https://www.petroni.hr/proizvod/konaktor-za-led-traku-8mm-led-zica/","308","/product/konektor-za-led-traku-8mm-led-zica","",""
"product-sitemap.xml","https://www.petroni.hr/en/product/svjetlo-led-12v-fi-65x13mm-24-ledice/","308","/product/svjetlo-led-12v-fi-65x13mm-24-ledice?lang=en","en",""
"product-sitemap.xml","https://www.petroni.hr/proizvod/svjetlo-led-12v-fi-65x13mm-24-ledice/","308","/product/svjetlo-led-12v-fi-65x13mm-24-ledice","",""
"product-sitemap.xml","https://www.petroni.hr/proizvod/vrata-servisna-dometic-sk4-700x405/","308","/product/vrata-servisna-dometic-sk4-700x405","",""
"product-sitemap.xml","https://www.petroni.hr/en/product/vrata-servisna-dometic-sk4-700x405/","308","/product/vrata-servisna-dometic-sk4-700x405?lang=en","en",""
"product-sitemap.xml","https://www.petroni.hr/proizvod/cep-gumeni-za-resetku-plamenika-smev-dometic/","308","/product/cep-gumeni-za-resetku-plamenika-smev-dometic-set-8kom","",""
"product-sitemap.xml","https://www.petroni.hr/en/product/cep-gumeni-za-resetku-plamenika-smev-dometic/","308","/product/cep-gumeni-za-resetku-plamenika-smev-dometic-set-8kom?lang=en","en",""
"product-sitemap.xml","https://www.petroni.hr/proizvod/rucica-vrata-zadi-nutarnja-desna/","308","/product/rucica-vrata-zadi-nutarnja-desna","",""
"product-sitemap.xml","https://www.petroni.hr/en/product/rucica-vrata-zadi-nutarnja-desna/","308","/product/rucica-vrata-zadi-nutarnja-desna?lang=en","en",""
"product-sitemap.xml","https://www.petroni.hr/proizvod/posude-melamin-tulip-set-16kom/","308","/product/posude-melamin-tulip-set-16kom","",""
"product-sitemap.xml","https://www.petroni.hr/en/product/posude-melamin-tulip-set-16kom/","308","/product/posude-melamin-tulip-set-16kom?lang=en","en",""
"product-sitemap.xml","https://www.petroni.hr/proizvod/stol-za-kampiranje-alu-110x70x70-cm/","308","/product/stol-za-kampiranje-alu-110x70x70-cm","",""
"product-sitemap.xml","https://www.petroni.hr/en/product/stol-za-kampiranje-alu-110x70x70-cm/","308","/product/stol-za-kampiranje-alu-110x70x70-cm?lang=en","en",""
"product-sitemap.xml","https://www.petroni.hr/proizvod/rucka-ulaznih-vrata-590mm-siva/","308","/product/rucka-ulaznih-vrata-590mm-siva","",""
"product-sitemap.xml","https://www.petroni.hr/en/product/rucka-ulaznih-vrata-590mm-siva/","308","/product/rucka-ulaznih-vrata-590mm-siva?lang=en","en",""
"product-sitemap.xml","https://www.petroni.hr/en/product/poklopac-ukrasni-za-kotac-15-bez-logotipa/","308","/product/poklopac-ukrasni-za-kotac-15-bez-logotipa?lang=en","en",""
"product-sitemap.xml","https://www.petroni.hr/proizvod/poklopac-ukrasni-za-kotac-15-bez-logotipa/","308","/product/poklopac-ukrasni-za-kotac-15-bez-logotipa","",""
"product-sitemap.xml","https://www.petroni.hr/proizvod/grijac-hladnjaka-dometic-electrolux-rm300-400-235v-125w/","308","/product/grijac-hladnjaka-dometic-electrolux-rm300-400-235v-125w","",""
"product-sitemap.xml","https://www.petroni.hr/en/product/grijac-hladnjaka-dometic-electrolux-rm300-400-235v-125w/","308","/product/grijac-hladnjaka-dometic-electrolux-rm300-400-235v-125w?lang=en","en",""
"product-sitemap.xml","https://www.petroni.hr/proizvod/kontrolna-jedinica-za-truma-combi-diesel/","308","/product/kontrolna-jedinica-za-truma-combi-diesel","",""
"product-sitemap.xml","https://www.petroni.hr/en/product/kontrolna-jedinica-za-truma-combi-diesel/","308","/product/kontrolna-jedinica-za-truma-combi-diesel?lang=en","en",""
"product-sitemap.xml","https://www.petroni.hr/en/product/plamenik-za-truma-trumatic-c-set/","410","","","removed_product"
"product-sitemap.xml","https://www.petroni.hr/en/product/blok-za-2-sjedala-3-tockovnim-pojasevima/","308","/product/blok-za-2-sjedala-3-tockovnim-pojasevima?lang=en","en",""
"product-sitemap.xml","https://www.petroni.hr/proizvod/blok-za-2-sjedala-3-tockovnim-pojasevima/","308","/product/blok-za-2-sjedala-3-tockovnim-pojasevima","",""
"product-sitemap.xml","https://www.petroni.hr/en/product/svjetlo-gabaritno-gornje-hella-desno/","308","/product/svjetlo-gabaritno-gornje-hella-desno?lang=en","en",""
"product-sitemap.xml","https://www.petroni.hr/proizvod/svjetlo-gabaritno-gornje-hella-desno/","308","/product/svjetlo-gabaritno-gornje-hella-desno","",""
"product-sitemap.xml","https://www.petroni.hr/proizvod/svjetlo-gabaritno-gornje-hella-lijevo/","308","/product/svjetlo-gabaritno-gornje-hella-lijevo","",""
"product-sitemap.xml","https://www.petroni.hr/en/product/svjetlo-gabaritno-gornje-hella-lijevo/","308","/product/svjetlo-gabaritno-gornje-hella-lijevo?lang=en","en",""
"product-sitemap.xml","https://www.petroni.hr/proizvod/rucica-rolo-zavjesa-seitz-dometic/","308","/product/rucica-rolo-zavjesa-seitz-dometic","",""
"product-sitemap.xml","https://www.petroni.hr/en/product/rucica-rolo-zavjesa-seitz-dometic/","308","/product/rucica-rolo-zavjesa-seitz-dometic?lang=en","en",""
"product-sitemap.xml","https://www.petroni.hr/proizvod/pasta-za-poliranje-acryl-a-yachticon-250ml/","308","/product/pasta-za-poliranje-acryl-a-yachticon-250ml","",""
"product-sitemap.xml","https://www.petroni.hr/en/product/pasta-za-poliranje-acryl-a-yachticon-250ml/","308","/product/pasta-za-poliranje-acryl-a-yachticon-250ml?lang=en","en",""
"product-sitemap.xml","https://www.petroni.hr/proizvod/svjetlo-nutarnje-12v-18w-bijelo/","308","/product/svjetlo-nutarnje-12v-18w-bijelo","",""
"product-sitemap.xml","https://www.petroni.hr/en/product/svjetlo-nutarnje-12v-18w-bijelo/","308","/product/svjetlo-nutarnje-12v-18w-bijelo?lang=en","en",""
"product-sitemap.xml","https://www.petroni.hr/en/product/upravljac-daljinski-za-led-rasvjetu-rgbw-touch/","308","/product/upravljac-daljinski-za-led-rasvjetu-rgbw-touch?lang=en","en",""
"product-sitemap.xml","https://www.petroni.hr/proizvod/upravljac-daljinski-za-led-rasvjetu-rgbw-touch/","308","/product/upravljac-daljinski-za-led-rasvjetu-rgbw-touch","",""
"product-sitemap.xml","https://www.petroni.hr/proizvod/traka-led-svjetlo-rgbw-5m-4-boje/","308","/product/traka-led-svjetlo-rgbw-5m-4-boje","",""
"product-sitemap.xml","https://www.petroni.hr/en/product/traka-led-svjetlo-rgbw-5m-4-boje/","308","/product/traka-led-svjetlo-rgbw-5m-4-boje?lang=en","en",""
"product-sitemap.xml","https://www.petroni.hr/en/product/upravljac-daljinski-za-rgb-12v-led-traku/","308","/product/upravljac-daljinski-za-rgb-12v-led-traku?lang=en","en",""
"product-sitemap.xml","https://www.petroni.hr/proizvod/upravljac-daljinski-za-rgb-12v-led-traku/","308","/product/upravljac-daljinski-za-rgb-12v-led-traku","",""
"product-sitemap.xml","https://www.petroni.hr/proizvod/retrovizor-dodatni-weekend/","308","/product/retrovizor-dodatni-weekend","",""
"product-sitemap.xml","https://www.petroni.hr/en/product/retrovizor-dodatni-weekend/","308","/product/retrovizor-dodatni-weekend?lang=en","en",""
"product-sitemap.xml","https://www.petroni.hr/en/product/kamera-za-voznju-unatrag-wrv-1-wi-fi-lcd-43/","410","","","removed_product"
"product-sitemap.xml","https://www.petroni.hr/en/product/nosac-za-bicikle-thule-elite-van-xt-black/","410","","","removed_product"
"product-sitemap.xml","https://www.petroni.hr/en/product/klizne-vodilice-za-zavjese-rolo-dometic-sp0264z/","308","/product/klizne-vodilice-za-zavjese-rolo-dometic-sp0264z?lang=en","en",""
"product-sitemap.xml","https://www.petroni.hr/proizvod/tekucina-za-ciscenje-spremnika-vode-pura-tank-500ml/","308","/product/tekucina-za-ciscenje-spremnika-vode-pura-tank-500ml","",""
"product-sitemap.xml","https://www.petroni.hr/en/product/tekucina-za-ciscenje-spremnika-vode-pura-tank-500ml/","308","/product/tekucina-za-ciscenje-spremnika-vode-pura-tank-500ml?lang=en","en",""
"product-sitemap.xml","https://www.petroni.hr/proizvod/ventil-nepovratni-10-12mm/","308","/product/ventil-nepovratni-10mm-12mm","",""
"product-sitemap.xml","https://www.petroni.hr/en/product/ventil-nepovratni-10-12mm/","308","/product/ventil-nepovratni-10mm-12mm?lang=en","en",""
"product-sitemap.xml","https://www.petroni.hr/proizvod/spremnik-za-vodu-84-litre/","308","/product/spremnik-za-vodu-84-litre","",""
"product-sitemap.xml","https://www.petroni.hr/en/product/spremnik-za-vodu-84-litre/","308","/product/spremnik-za-vodu-84-litre?lang=en","en",""
"product-sitemap.xml","https://www.petroni.hr/proizvod/lufter-truma-y-fi-65-72mm/","308","/product/razvod-spojnica-truma-y-fi-65-72mm","",""
"product-sitemap.xml","https://www.petroni.hr/en/product/lufter-truma-y-fi-65-72mm/","308","/product/razvod-spojnica-truma-y-fi-65-72mm?lang=en","en",""
"product-sitemap.xml","https://www.petroni.hr/proizvod/drzac-stola-police-preklopni-par/","308","/product/drzac-stola-police-preklopni-par","",""
"product-sitemap.xml","https://www.petroni.hr/en/product/drzac-stola-police-preklopni-par/","308","/product/drzac-stola-police-preklopni-par?lang=en","en",""
"product-sitemap.xml","https://www.petroni.hr/proizvod/poklopac-vijka-ukrasni-plasticni-fi-13-bez/","308","/product/poklopac-vijka-ukrasni-plasticni-fi-13-bez","",""
"product-sitemap.xml","https://www.petroni.hr/en/product/poklopac-vijka-ukrasni-plasticni-fi-13-bez/","308","/product/poklopac-vijka-ukrasni-plasticni-fi-13-bez?lang=en","en",""
"product-sitemap.xml","https://www.petroni.hr/proizvod/poklopac-vijka-ukrasni-plasticni-fi-13-smedi/","308","/product/poklopac-vijka-ukrasni-plasticni-fi-13-smedi","",""
"product-sitemap.xml","https://www.petroni.hr/en/product/poklopac-vijka-ukrasni-plasticni-fi-13-smedi/","308","/product/poklopac-vijka-ukrasni-plasticni-fi-13-smedi?lang=en","en",""
"product-sitemap.xml","https://www.petroni.hr/proizvod/poklopac-vijka-ukrasni-plasticni-fi-13-bijeli/","308","/product/poklopac-vijka-ukrasni-plasticni-fi-13-bijeli","",""
"product-sitemap.xml","https://www.petroni.hr/en/product/poklopac-vijka-ukrasni-plasticni-fi-13-bijeli/","308","/product/poklopac-vijka-ukrasni-plasticni-fi-13-bijeli?lang=en","en",""
"product-sitemap.xml","https://www.petroni.hr/en/product/staklo-svjetla-zadnjeg-jokon-165x122-2/","308","/product/staklo-svjetla-zadnjeg-jokon-165x122-11713?lang=en","en",""
"product-sitemap.xml","https://www.petroni.hr/proizvod/staklo-svjetla-zadnjeg-jokon-165x122-2/","308","/product/staklo-svjetla-zadnjeg-jokon-165x122-11713","",""
"product-sitemap.xml","https://www.petroni.hr/proizvod/staklo-svjetla-zadnjeg-jokon-165x122/","308","/product/staklo-svjetla-zadnjeg-jokon-165x122","",""
"product-sitemap.xml","https://www.petroni.hr/en/product/staklo-svjetla-zadnjeg-jokon-165x122/","308","/product/staklo-svjetla-zadnjeg-jokon-165x122?lang=en","en",""
"product-sitemap.xml","https://www.petroni.hr/en/product/cilindar-za-bravu-zadi-sa-2-kljuca-set/","308","/product/cilindar-za-bravu-zadi-sa-2-kljuca-set?lang=en","en",""
"product-sitemap.xml","https://www.petroni.hr/proizvod/cilindar-za-bravu-zadi-sa-2-kljuca-set/","308","/product/cilindar-za-bravu-zadi-sa-2-kljuca-set","",""
"product-sitemap.xml","https://www.petroni.hr/proizvod/salter-automatski-za-pipu-reich-3-8/","308","/product/salter-automatski-za-pipu-reich-3-8","",""
"product-sitemap.xml","https://www.petroni.hr/en/product/salter-automatski-za-pipu-reich-3-8/","308","/product/salter-automatski-za-pipu-reich-3-8?lang=en","en",""
"product-sitemap.xml","https://www.petroni.hr/proizvod/retrovizor-za-renault-master/","308","/product/retrovizor-za-renault-master-2010-lijevi","",""
"product-sitemap.xml","https://www.petroni.hr/en/product/retrovizor-za-renault-master/","308","/product/retrovizor-za-renault-master-2010-lijevi?lang=en","en",""
"product-sitemap.xml","https://www.petroni.hr/proizvod/bravica-automatski-snaper-za-vrata-2-kom/","308","/product/bravica-automatski-snaper-za-vrata-2-kom","",""
"product-sitemap.xml","https://www.petroni.hr/en/product/bravica-automatski-snaper-za-vrata-2-kom/","308","/product/bravica-automatski-snaper-za-vrata-2-kom?lang=en","en",""
"product-sitemap.xml","https://www.petroni.hr/proizvod/spremnik-za-vodu-90-lit-40x80x30-crni/","308","/product/spremnik-za-vodu-90-lit-40x80x30-crni","",""
"product-sitemap.xml","https://www.petroni.hr/en/product/spremnik-za-vodu-90-lit-40x80x30-crni/","308","/product/spremnik-za-vodu-90-lit-40x80x30-crni?lang=en","en",""
"product-sitemap.xml","https://www.petroni.hr/proizvod/spremnik-za-vodu-uni-74-lit-13x55x104cm/","308","/product/spremnik-za-vodu-uni-74-lit-13x55x104cm","",""
"product-sitemap.xml","https://www.petroni.hr/en/product/spremnik-za-vodu-uni-74-lit-13x55x104cm/","308","/product/spremnik-za-vodu-uni-74-lit-13x55x104cm?lang=en","en",""
"product-sitemap.xml","https://www.petroni.hr/proizvod/retrovizor-dodatni-huckepack-3-par/","308","/product/retrovizor-dodatni-huckepack-3-par","",""
"product-sitemap.xml","https://www.petroni.hr/en/product/retrovizor-dodatni-huckepack-3-par/","308","/product/retrovizor-dodatni-huckepack-3-par?lang=en","en",""
"product-sitemap.xml","https://www.petroni.hr/proizvod/gas-level-check-dometic-gc100/","308","/product/gas-level-check-dometic-gc100","",""
"product-sitemap.xml","https://www.petroni.hr/en/product/gas-level-check-dometic-gc100/","308","/product/gas-level-check-dometic-gc100?lang=en","en",""
"product-sitemap.xml","https://www.petroni.hr/proizvod/zavjese-remis-bocne-za-renault-master-4-2010/","308","/product/zavjese-remis-bocne-za-renault-master-4-2010","",""
"product-sitemap.xml","https://www.petroni.hr/en/product/zavjese-remis-bocne-za-renault-master-4-2010/","308","/product/zavjese-remis-bocne-za-renault-master-4-2010?lang=en","en",""
"product-sitemap.xml","https://www.petroni.hr/proizvod/pumpa-za-vodu-12v-comet-10-lit-min/","308","/product/pumpa-za-vodu-12v-comet-10-lit-min","",""
"product-sitemap.xml","https://www.petroni.hr/en/product/pumpa-za-vodu-12v-comet-10-lit-min/","308","/product/pumpa-za-vodu-12v-comet-10-lit-min?lang=en","en",""
"product-sitemap.xml","https://www.petroni.hr/proizvod/tenda-thule-6002-35m-srebrena-al-grey/","308","/product/tenda-thule-6002-3-5m-srebrena-al-grey","",""
"product-sitemap.xml","https://www.petroni.hr/en/product/tenda-thule-6002-35m-srebrena-al-grey/","308","/product/tenda-thule-6002-3-5m-srebrena-al-grey?lang=en","en",""
"product-sitemap.xml","https://www.petroni.hr/proizvod/nivelatori-froli-par/","308","/product/nivelatori-froli-par","",""
"product-sitemap.xml","https://www.petroni.hr/en/product/nivelatori-froli-par/","308","/product/nivelatori-froli-par?lang=en","en",""
"product-sitemap.xml","https://www.petroni.hr/proizvod/konzola-okretna-za-prednje-sjedalo-vozaca-za-fiat-ducato-06/","308","/product/konzola-okretna-za-prednje-sjedalo-vozaca-za-fiat-ducato-06","",""
"product-sitemap.xml","https://www.petroni.hr/en/product/konzola-okretna-za-prednje-sjedalo-vozaca-za-fiat-ducato-06/","308","/product/konzola-okretna-za-prednje-sjedalo-vozaca-za-fiat-ducato-06?lang=en","en",""
"product-sitemap.xml","https://www.petroni.hr/proizvod/hladnjak-dometic-rc10-4t-70-crni-kompresor/","308","/product/hladnjak-dometic-rc10-4t-70-crni-kompresor","",""
"product-sitemap.xml","https://www.petroni.hr/en/product/hladnjak-dometic-rc10-4t-70-crni-kompresor/","308","/product/hladnjak-dometic-rc10-4t-70-crni-kompresor?lang=en","en",""
"product-sitemap.xml","https://www.petroni.hr/proizvod/profil-za-brtvljenje-izreza-za-prozore/","308","/product/profil-za-brtvljenje-izreza-za-prozore","",""
"product-sitemap.xml","https://www.petroni.hr/en/product/profil-za-brtvljenje-izreza-za-prozore/","308","/product/profil-za-brtvljenje-izreza-za-prozore?lang=en","en",""
"product-sitemap.xml","https://www.petroni.hr/proizvod/termozastita-prednjeg-stakla-vanjska-iveco-daily-06-14/","308","/product/termozastita-kabine-vanjska-iveco-daily-06-14","",""
"product-sitemap.xml","https://www.petroni.hr/en/product/termozastita-prednjeg-stakla-vanjska-iveco-daily-06-14/","308","/product/termozastita-kabine-vanjska-iveco-daily-06-14?lang=en","en",""
"product-sitemap.xml","https://www.petroni.hr/proizvod/grlo-naljevno-za-vodu-bijelo-fi-35/","308","/product/grlo-naljevno-za-vodu-bijelo-fi-35","",""
"product-sitemap.xml","https://www.petroni.hr/en/product/grlo-naljevno-za-vodu-bijelo-fi-35/","308","/product/grlo-naljevno-za-vodu-bijelo-fi-35?lang=en","en",""
"product-sitemap.xml","https://www.petroni.hr/proizvod/glava-push-bravice-mini-fi-16-mat-nichel/","308","/product/glava-push-bravice-mini-fi-16-mat-nichel","",""
"product-sitemap.xml","https://www.petroni.hr/en/product/glava-push-bravice-mini-fi-16-mat-nichel/","308","/product/glava-push-bravice-mini-fi-16-mat-nichel?lang=en","en",""
"product-sitemap.xml","https://www.petroni.hr/en/product/brava-ulaznih-vrata-za-kamp-vozila-fap-160x95mm/","308","/product/brava-ulaznih-vrata-za-kamp-vozila-fap-160x95mm?lang=en","en",""
"product-sitemap.xml","https://www.petroni.hr/proizvod/zakacka-za-rolo-zavjesu-seitz-st-typ-bez/","308","/product/zakacka-za-rolo-zavjesu-seitz-st-typ-bez","",""
"product-sitemap.xml","https://www.petroni.hr/en/product/zakacka-za-rolo-zavjesu-seitz-st-typ-bez/","308","/product/zakacka-za-rolo-zavjesu-seitz-st-typ-bez?lang=en","en",""
"product-sitemap.xml","https://www.petroni.hr/proizvod/zakacka-za-rolo-zavjesu-seitz-st-typ-bijela/","308","/product/zakacka-za-rolo-zavjesu-seitz-st-typ-bijela","",""
"product-sitemap.xml","https://www.petroni.hr/en/product/zakacka-za-rolo-zavjesu-seitz-st-typ-bijela/","308","/product/zakacka-za-rolo-zavjesu-seitz-st-typ-bijela?lang=en","en",""
"product-sitemap.xml","https://www.petroni.hr/proizvod/pumpa-za-vodu-lilie-12v-21bar-106-lit/","308","/product/pumpa-za-vodu-lilie-12v-2-1bar-10-6-lit","",""
"product-sitemap.xml","https://www.petroni.hr/en/product/pumpa-za-vodu-lilie-12v-21bar-106-lit/","308","/product/pumpa-za-vodu-lilie-12v-2-1bar-10-6-lit?lang=en","en",""
"product-sitemap.xml","https://www.petroni.hr/proizvod/ocjedivac-za-posude/","308","/product/ocjedivac-za-posude","",""
"product-sitemap.xml","https://www.petroni.hr/en/product/ocjedivac-za-posude/","308","/product/ocjedivac-za-posude?lang=en","en",""
"product-sitemap.xml","https://www.petroni.hr/proizvod/kabel-produzni-12v-3-metra/","308","/product/kabel-produzni-12v-3-metra","",""
"product-sitemap.xml","https://www.petroni.hr/en/product/kabel-produzni-12v-3-metra/","308","/product/kabel-produzni-12v-3-metra?lang=en","en",""
"product-sitemap.xml","https://www.petroni.hr/proizvod/stop-svjetlo-led-rimor-trece-350x20x15mm/","308","/product/stop-svjetlo-led-rimor-trece-350x20x15mm","",""
"product-sitemap.xml","https://www.petroni.hr/en/product/stop-svjetlo-led-rimor-trece-350x20x15mm/","308","/product/stop-svjetlo-led-rimor-trece-350x20x15mm?lang=en","en",""
"product-sitemap.xml","https://www.petroni.hr/proizvod/osigurac-megaval-200a-plavi/","308","/product/osigurac-megaval-200a-plavi","",""
"product-sitemap.xml","https://www.petroni.hr/en/product/osigurac-megaval-200a-plavi/","308","/product/osigurac-megaval-200a-plavi?lang=en","en",""
"product-sitemap.xml","https://www.petroni.hr/proizvod/osigurac-megaval-150a-narancasti/","308","/product/osigurac-megaval-150a-narancasti","",""
"product-sitemap.xml","https://www.petroni.hr/en/product/osigurac-megaval-150a-narancasti/","308","/product/osigurac-megaval-150a-narancasti?lang=en","en",""
"product-sitemap.xml","https://www.petroni.hr/proizvod/osigurac-maxival-100a-ljubicasti/","308","/product/osigurac-maxival-100a-ljubicasti","",""
"product-sitemap.xml","https://www.petroni.hr/en/product/osigurac-maxival-100a-ljubicasti/","308","/product/osigurac-maxival-100a-ljubicasti?lang=en","en",""
"product-sitemap.xml","https://www.petroni.hr/proizvod/osigurac-maxival-80a-prozirni/","308","/product/osigurac-maxival-80a-prozirni","",""
"product-sitemap.xml","https://www.petroni.hr/en/product/osigurac-maxival-80a-prozirni/","308","/product/osigurac-maxival-80a-prozirni?lang=en","en",""
"product-sitemap.xml","https://www.petroni.hr/proizvod/osigurac-maxival-70a-bez/","308","/product/osigurac-maxival-70a-bez","",""
"product-sitemap.xml","https://www.petroni.hr/en/product/osigurac-maxival-70a-bez/","308","/product/osigurac-maxival-70a-bez?lang=en","en",""
"product-sitemap.xml","https://www.petroni.hr/proizvod/osigurac-maxival-60a-plavi/","308","/product/osigurac-maxival-60a-plavi","",""
"product-sitemap.xml","https://www.petroni.hr/en/product/osigurac-maxival-60a-plavi/","308","/product/osigurac-maxival-60a-plavi?lang=en","en",""
"product-sitemap.xml","https://www.petroni.hr/proizvod/osigurac-maxival-40a-narancasti/","308","/product/osigurac-maxival-40a-narancasti","",""
"product-sitemap.xml","https://www.petroni.hr/en/product/osigurac-maxival-40a-narancasti/","308","/product/osigurac-maxival-40a-narancasti?lang=en","en",""
"product-sitemap.xml","https://www.petroni.hr/proizvod/osugurac-maxival-20a-zuti/","308","/product/osigurac-maxival-20a-zuti","",""
"product-sitemap.xml","https://www.petroni.hr/en/product/osugurac-maxival-20a-zuti/","308","/product/osigurac-maxival-20a-zuti?lang=en","en",""
"product-sitemap.xml","https://www.petroni.hr/proizvod/bravica-vrata-kupaone-push-bijela-sa-kukicama/","308","/product/bravica-vrata-kupaone-push-bijela-sa-kukicama","",""
"product-sitemap.xml","https://www.petroni.hr/en/product/bravica-vrata-kupaone-push-bijela-sa-kukicama/","308","/product/bravica-vrata-kupaone-push-bijela-sa-kukicama?lang=en","en",""
"product-sitemap.xml","https://www.petroni.hr/proizvod/bravica-vrata-kupaone-push-smeda-sa-kukicama/","308","/product/bravica-vrata-kupaone-push-smeda-sa-kukicama","",""
"product-sitemap.xml","https://www.petroni.hr/en/product/bravica-vrata-kupaone-push-smeda-sa-kukicama/","308","/product/bravica-vrata-kupaone-push-smeda-sa-kukicama?lang=en","en",""
"product-sitemap.xml","https://www.petroni.hr/proizvod/drzac-stola-police-preklopni-445mm/","308","/product/drzac-stola-police-preklopni-445mm","",""
"product-sitemap.xml","https://www.petroni.hr/en/product/drzac-stola-police-preklopni-445mm/","308","/product/drzac-stola-police-preklopni-445mm?lang=en","en",""
"product-sitemap.xml","https://www.petroni.hr/proizvod/drzac-granicnik-za-vrata-gumeni/","308","/product/drzac-granicnik-za-vrata-gumeni","",""
"product-sitemap.xml","https://www.petroni.hr/en/product/drzac-granicnik-za-vrata-gumeni/","308","/product/drzac-granicnik-za-vrata-gumeni?lang=en","en",""
"product-sitemap.xml","https://www.petroni.hr/proizvod/kutija-zastitna-za-spoj-priklucka-cee-schuko/","308","/product/kutija-zastitna-za-spoj-priklucka-cee-schuko","",""
"product-sitemap.xml","https://www.petroni.hr/en/product/kutija-zastitna-za-spoj-priklucka-cee-schuko/","308","/product/kutija-zastitna-za-spoj-priklucka-cee-schuko?lang=en","en",""
"product-sitemap.xml","https://www.petroni.hr/proizvod/hladnjak-prijenosni-dometic-cf11-105-lita/","308","/product/hladnjak-prijenosni-dometic-cf11-10-5-lita","",""
"product-sitemap.xml","https://www.petroni.hr/en/product/hladnjak-prijenosni-dometic-cf11-105-lita/","308","/product/hladnjak-prijenosni-dometic-cf11-10-5-lita?lang=en","en",""
"product-sitemap.xml","https://www.petroni.hr/proizvod/kuciste-osiguraca-bf1/","308","/product/kuciste-osiguraca-bf1","",""
"product-sitemap.xml","https://www.petroni.hr/en/product/kuciste-osiguraca-bf1/","308","/product/kuciste-osiguraca-bf1?lang=en","en",""
"product-sitemap.xml","https://www.petroni.hr/proizvod/relej-70a-12v/","308","/product/relej-70a-12v","",""
"product-sitemap.xml","https://www.petroni.hr/en/product/relej-70a-12v/","308","/product/relej-70a-12v?lang=en","en",""
"product-sitemap.xml","https://www.petroni.hr/proizvod/pokrov-zastititni-za-bicikle-2-3-kom46/","308","/product/pokrov-zastititni-za-bicikle-2-3-kom","",""
"product-sitemap.xml","https://www.petroni.hr/en/product/pokrov-zastititni-za-bicikle-2-3-kom46/","308","/product/pokrov-zastititni-za-bicikle-2-3-kom?lang=en","en",""
"product-sitemap.xml","https://www.petroni.hr/proizvod/svjetlo-zadnje-rimor-katamarano-xgp-ahorn-desno/","308","/product/svjetlo-zadnje-rimor-katamarano-xgo-ahorn-desno","",""
"product-sitemap.xml","https://www.petroni.hr/en/product/svjetlo-zadnje-rimor-katamarano-xgp-ahorn-desno/","308","/product/svjetlo-zadnje-rimor-katamarano-xgo-ahorn-desno?lang=en","en",""
"product-sitemap.xml","https://www.petroni.hr/proizvod/svjetlo-zadnje-rimor-katamarano-xgp-ahorn-lijevo/","308","/product/svjetlo-zadnje-rimor-katamarano-xgo-ahorn-lijevo","",""
"product-sitemap.xml","https://www.petroni.hr/en/product/svjetlo-zadnje-rimor-katamarano-xgp-ahorn-lijevo/","308","/product/svjetlo-zadnje-rimor-katamarano-xgo-ahorn-lijevo?lang=en","en",""
"product-sitemap.xml","https://www.petroni.hr/proizvod/senzor-co-za-detektor-plina-carbest-gascube-twin/","308","/product/senzor-co-za-detektor-plina-carbest-gascube-twin","",""
"product-sitemap.xml","https://www.petroni.hr/en/product/senzor-co-za-detektor-plina-carbest-gascube-twin/","308","/product/senzor-co-za-detektor-plina-carbest-gascube-twin?lang=en","en",""
"product-sitemap.xml","https://www.petroni.hr/proizvod/hladnjak-prijenosni-kompresorski-carbest-35-litara-12v-24v/","308","/product/hladnjak-prijenosni-kompresorski-carbest-35-litara-12v-24v","",""
"product-sitemap.xml","https://www.petroni.hr/en/product/hladnjak-prijenosni-kompresorski-carbest-35-litara-12v-24v/","308","/product/hladnjak-prijenosni-kompresorski-carbest-35-litara-12v-24v?lang=en","en",""
"product-sitemap.xml","https://www.petroni.hr/proizvod/sifon-odvod-smev-kutni-fi-25/","308","/product/sifon-odvod-smev-kutni-fi-25","",""
"product-sitemap.xml","https://www.petroni.hr/en/product/sifon-odvod-smev-kutni-fi-25/","308","/product/sifon-odvod-smev-kutni-fi-25?lang=en","en",""
"product-sitemap.xml","https://www.petroni.hr/proizvod/ruka-za-ucvrscivanje-bicikla-na-nosacu-fiamma-bike-block-pro-2-2/","308","/product/ruka-za-ucvrscivanje-bicikla-na-nosacu-fiamma-bike-block-pro-2-10809","",""
"product-sitemap.xml","https://www.petroni.hr/en/product/ruka-za-ucvrscivanje-bicikla-na-nosacu-fiamma-bike-block-pro-2-2/","308","/product/ruka-za-ucvrscivanje-bicikla-na-nosacu-fiamma-bike-block-pro-2-10809?lang=en","en",""
"product-sitemap.xml","https://www.petroni.hr/proizvod/ruka-za-ucvrscivanje-bicikla-na-nosacu-fiamma-pro-s2-crna/","308","/product/ruka-za-ucvrscivanje-bicikla-na-nosacu-fiamma-pro-s2-crna","",""
"product-sitemap.xml","https://www.petroni.hr/en/product/ruka-za-ucvrscivanje-bicikla-na-nosacu-fiamma-pro-s2-crna/","308","/product/ruka-za-ucvrscivanje-bicikla-na-nosacu-fiamma-pro-s2-crna?lang=en","en",""
"product-sitemap.xml","https://www.petroni.hr/en/product/traka-za-ucvrscivanje-kotaca-bicikla-na-nosacu-39cm-2kom/","308","/product/traka-za-ucvrscivanje-kotaca-bicikla-na-nosacu-39cm-2kom?lang=en","en",""
"product-sitemap.xml","https://www.petroni.hr/proizvod/zarulja-led-12v-24v-28w-e14/","308","/product/zarulja-led-12v-24v-28w-e14","",""
"product-sitemap.xml","https://www.petroni.hr/en/product/zarulja-led-12v-24v-28w-e14/","308","/product/zarulja-led-12v-24v-28w-e14?lang=en","en",""
"product-sitemap.xml","https://www.petroni.hr/proizvod/prozor-bocni-carbest-rw-compact-800x400/","308","/product/prozor-bocni-carbest-rw-compact-800x450","",""
"product-sitemap.xml","https://www.petroni.hr/en/product/prozor-bocni-carbest-rw-compact-800x400/","308","/product/prozor-bocni-carbest-rw-compact-800x450?lang=en","en",""
"product-sitemap.xml","https://www.petroni.hr/proizvod/set-za-zakljucavanje-hladnjaka-dometic-ser-rm7xxx/","308","/product/set-za-zakljucavanje-hladnjaka-dometic-ser-rm7xxx","",""
"product-sitemap.xml","https://www.petroni.hr/en/product/set-za-zakljucavanje-hladnjaka-dometic-ser-rm7xxx/","308","/product/set-za-zakljucavanje-hladnjaka-dometic-ser-rm7xxx?lang=en","en",""
"product-sitemap.xml","https://www.petroni.hr/en/product/pumpa-za-vodu-12v-10-lit-min-potopna/","308","/product/pumpa-za-vodu-12v-10-lit-min-potopna?lang=en","en",""
"product-sitemap.xml","https://www.petroni.hr/proizvod/pumpa-za-vodu-12v-10-lit-min-potopna/","308","/product/pumpa-za-vodu-12v-10-lit-min-potopna","",""
"product-sitemap.xml","https://www.petroni.hr/proizvod/kotac-za-jockey-wheel-200x50/","308","/product/kotac-za-jockey-wheel-200x50","",""
"product-sitemap.xml","https://www.petroni.hr/en/product/kotac-za-jockey-wheel-200x50/","308","/product/kotac-za-jockey-wheel-200x50?lang=en","en",""
"product-sitemap.xml","https://www.petroni.hr/en/product/nivelatori-za-kamper-fiamma-level-up-5t/","308","/product/nivelatori-za-kamper-fiamma-level-up-5t?lang=en","en",""
"product-sitemap.xml","https://www.petroni.hr/proizvod/nivelatori-za-kamper-fiamma-level-up-5t/","308","/product/nivelatori-za-kamper-fiamma-level-up-5t","",""
"product-sitemap.xml","https://www.petroni.hr/proizvod/zglob-tende-fiamma-f45i-l-f65-desni/","308","/product/zglob-tende-fiamma-f45i-l-f65-desni","",""
"product-sitemap.xml","https://www.petroni.hr/en/product/zglob-tende-fiamma-f45i-l-f65-desni/","308","/product/zglob-tende-fiamma-f45i-l-f65-desni?lang=en","en",""
"product-sitemap.xml","https://www.petroni.hr/en/product/poklopac-bocni-za-tendu-fiamma-f45ti-l-lijevi/","308","/product/poklopac-bocni-za-tendu-fiamma-f45ti-l-lijevi?lang=en","en",""
"product-sitemap.xml","https://www.petroni.hr/proizvod/poklopac-bocni-za-tendu-fiamma-f45ti-l-lijevi/","308","/product/poklopac-bocni-za-tendu-fiamma-f45ti-l-lijevi","",""
"product-sitemap.xml","https://www.petroni.hr/proizvod/poklopac-bocni-za-tendu-fiamma-f45ti-l-desni/","308","/product/poklopac-bocni-za-tendu-fiamma-f45ti-l-desni","",""
"product-sitemap.xml","https://www.petroni.hr/en/product/poklopac-bocni-za-tendu-fiamma-f45ti-l-desni/","308","/product/poklopac-bocni-za-tendu-fiamma-f45ti-l-desni?lang=en","en",""
"product-sitemap.xml","https://www.petroni.hr/en/product/salice-sa-zlicama-melamin/","308","/product/salice-sa-zlicama-melamin?lang=en","en",""
"product-sitemap.xml","https://www.petroni.hr/en/product/kuhalo-plinsko-206s-kartusa/","308","/product/kuhalo-plinsko-206s-kartusa?lang=en","en",""
"product-sitemap.xml","https://www.petroni.hr/proizvod/kuhalo-plinsko-206s-kartusa/","308","/product/kuhalo-plinsko-206s-kartusa","",""
"product-sitemap.xml","https://www.petroni.hr/en/product/profil-brtveni-kutni-gumeni-ispod-alu-profila-za-kamp-vozila/","308","/product/profil-brtveni-kutni-gumeni-ispod-alu-profila-za-kamp-vozila?lang=en","en",""
"product-sitemap.xml","https://www.petroni.hr/proizvod/profil-brtveni-kutni-gumeni-ispod-alu-profila-za-kamp-vozila/","308","/product/profil-brtveni-kutni-gumeni-ispod-alu-profila-za-kamp-vozila","",""
"product-sitemap.xml","https://www.petroni.hr/en/product/traka-profilna-gumena-crna-12mm/","308","/product/traka-profilna-gumena-crna-12mm?lang=en","en",""
"product-sitemap.xml","https://www.petroni.hr/proizvod/brtveni-profil-vrata-za-kamp-vozila-2/","308","/product/profil-brtveni-za-vrata-kamp-vozila-5m","",""
"product-sitemap.xml","https://www.petroni.hr/en/product/brtveni-profil-vrata-za-kamp-vozila-2/","308","/product/profil-brtveni-za-vrata-kamp-vozila-5m?lang=en","en",""
"product-sitemap.xml","https://www.petroni.hr/proizvod/grijac-za-hladnjak-dometic-220v-190w/","308","/product/grijac-za-hladnjak-dometic-220v-190w","",""
"product-sitemap.xml","https://www.petroni.hr/en/product/grijac-za-hladnjak-dometic-220v-190w/","308","/product/grijac-za-hladnjak-dometic-220v-190w?lang=en","en",""
"product-sitemap.xml","https://www.petroni.hr/proizvod/hladnjak-prijenosni-dometic-coolfreeze-cf26-215-litara/","308","/product/hladnjak-prijenosni-dometic-coolfreeze-cf26-21-5-litara","",""
"product-sitemap.xml","https://www.petroni.hr/en/product/hladnjak-prijenosni-dometic-coolfreeze-cf26-215-litara/","308","/product/hladnjak-prijenosni-dometic-coolfreeze-cf26-21-5-litara?lang=en","en",""
"product-sitemap.xml","https://www.petroni.hr/proizvod/traka-profilna-crvena-12mm/","308","/product/traka-profilna-gumena-crvena-12mm","",""
"product-sitemap.xml","https://www.petroni.hr/en/product/traka-profilna-crvena-12mm/","308","/product/traka-profilna-gumena-crvena-12mm?lang=en","en",""
"product-sitemap.xml","https://www.petroni.hr/en/product/gumb-sa-rozetom-za-push-bravice-chrom-16mm/","308","/product/gumb-sa-rozetom-za-push-bravice-chrom-16mm?lang=en","en",""
"product-sitemap.xml","https://www.petroni.hr/en/product/zavjese-rolo-sa-okvirom-za-prozor-1000x650-avorio/","308","/product/zavjese-rolo-sa-okvirom-za-prozor-1000x650-avorio?lang=en","en",""
"product-sitemap.xml","https://www.petroni.hr/proizvod/zavjese-rolo-sa-okvirom-za-prozor-1000x650-avorio/","308","/product/zavjese-rolo-sa-okvirom-za-prozor-1000x650-avorio","",""
"product-sitemap.xml","https://www.petroni.hr/en/product/spuzve-za-posude-u-kamperu-3-kom/","308","/product/spuzve-za-posude-u-kamperu-3-kom?lang=en","en",""
"product-sitemap.xml","https://www.petroni.hr/proizvod/spuzve-za-posude-u-kamperu-3-kom/","308","/product/spuzve-za-posude-u-kamperu-3-kom","",""
"product-sitemap.xml","https://www.petroni.hr/en/product/podizac-drzac-prozora-parapress-compass-192mm-par/","308","/product/podizac-drzac-prozora-parapress-compass-192mm-par?lang=en","en",""
"product-sitemap.xml","https://www.petroni.hr/proizvod/podizac-drzac-prozora-parapress-compass-192mm-par/","308","/product/podizac-drzac-prozora-parapress-compass-192mm-par","",""
"product-sitemap.xml","https://www.petroni.hr/proizvod/podizac-drzac-prozora-parapress-compass-250mm-par/","308","/product/podizac-drzac-prozora-parapress-compass-250mm-par","",""
"product-sitemap.xml","https://www.petroni.hr/en/product/podizac-drzac-prozora-parapress-compass-250mm-par/","308","/product/podizac-drzac-prozora-parapress-compass-250mm-par?lang=en","en",""
"product-sitemap.xml","https://www.petroni.hr/en/product/tekucina-za-wc-thetford-b-fresh-2-litre/","308","/product/tekucina-za-wc-thetford-b-fresh-2-litre?lang=en","en",""
"product-sitemap.xml","https://www.petroni.hr/proizvod/tekucina-za-wc-thetford-b-fresh-2-litre/","308","/product/tekucina-za-wc-thetford-b-fresh-2-litre","",""
"product-sitemap.xml","https://www.petroni.hr/en/product/solarni-sustav-vechline-monocrostall-140w/","308","/product/solarni-sustav-vechline-monocrostall-140w?lang=en","en",""
"product-sitemap.xml","https://www.petroni.hr/proizvod/solarni-sustav-vechline-monocrostall-140w/","308","/product/solarni-sustav-vechline-monocrostall-140w","",""
"product-sitemap.xml","https://www.petroni.hr/proizvod/solarni-sustav-vechline-monocrostall-100w/","308","/product/solarni-sustav-vechline-monocrostall-100w","",""
"product-sitemap.xml","https://www.petroni.hr/en/product/solarni-sustav-vechline-monocrostall-100w/","308","/product/solarni-sustav-vechline-monocrostall-100w?lang=en","en",""
"product-sitemap.xml","https://www.petroni.hr/proizvod/inverter-vechline-2000w-p4000w-12v-220v/","308","/product/inverter-vechline-2000w-p4000w-12v-220v","",""
"product-sitemap.xml","https://www.petroni.hr/en/product/inverter-vechline-2000w-p4000w-12v-220v/","308","/product/inverter-vechline-2000w-p4000w-12v-220v?lang=en","en",""
"product-sitemap.xml","https://www.petroni.hr/proizvod/ljepilo-univerzalno-tkk-fix-41-750ml/","308","/product/ljepilo-univerzalno-tkk-fix-41-750ml","",""
"product-sitemap.xml","https://www.petroni.hr/en/product/ljepilo-univerzalno-tkk-fix-41-750ml/","308","/product/ljepilo-univerzalno-tkk-fix-41-750ml?lang=en","en",""
"product-sitemap.xml","https://www.petroni.hr/en/product/igracka-kamper-alkoven-metal-plastika/","308","/product/igracka-kamper-alkoven-metal-plastika?lang=en","en",""
"product-sitemap.xml","https://www.petroni.hr/proizvod/igracka-kamper-alkoven-metal-plastika/","308","/product/igracka-kamper-alkoven-metal-plastika","",""
"product-sitemap.xml","https://www.petroni.hr/proizvod/tus-vanjski-za-hladnu-vodu-15m/","308","/product/tus-vanjski-za-hladnu-vodu-1-5m","",""
"product-sitemap.xml","https://www.petroni.hr/en/product/tus-vanjski-za-hladnu-vodu-15m/","308","/product/tus-vanjski-za-hladnu-vodu-1-5m?lang=en","en",""
"product-sitemap.xml","https://www.petroni.hr/proizvod/ljepilo-univerzalno-u-spreju-tkk-fix-71-250ml/","308","/product/ljepilo-univerzalno-tkk-fix-41-125ml","",""
"product-sitemap.xml","https://www.petroni.hr/en/product/ljepilo-univerzalno-u-spreju-tkk-fix-71-250ml/","308","/product/ljepilo-univerzalno-tkk-fix-41-125ml?lang=en","en",""
"product-sitemap.xml","https://www.petroni.hr/proizvod/zavjesa-rolo-za-prednje-vozacko-staklo-dometic-fp300/","308","/product/zavjesa-rolo-za-prednje-vozacko-staklo-dometic-fp300","",""
"product-sitemap.xml","https://www.petroni.hr/en/product/zavjesa-rolo-za-prednje-vozacko-staklo-dometic-fp300/","308","/product/zavjesa-rolo-za-prednje-vozacko-staklo-dometic-fp300?lang=en","en",""
"product-sitemap.xml","https://www.petroni.hr/proizvod/grijac-za-bojler-truma-therme-220v/","308","/product/grijac-za-bojler-truma-therme-220v","",""
"product-sitemap.xml","https://www.petroni.hr/en/product/grijac-za-bojler-truma-therme-220v/","308","/product/grijac-za-bojler-truma-therme-220v?lang=en","en",""
"product-sitemap.xml","https://www.petroni.hr/en/product/bojler-za-vodu-6-litara/","410","","","removed_product"
"product-sitemap.xml","https://www.petroni.hr/proizvod/upaljac-piezo-za-truma-3002p-5-965-1999/","308","/product/upaljac-piezo-za-truma-3002p-5-96-5-1999","",""
"product-sitemap.xml","https://www.petroni.hr/en/product/upaljac-piezo-za-truma-3002p-5-965-1999/","308","/product/upaljac-piezo-za-truma-3002p-5-96-5-1999?lang=en","en",""
"product-sitemap.xml","https://www.petroni.hr/proizvod/upaljac-piezo-za-truma-3004p-kit/","308","/product/upaljac-piezo-za-truma-3004p-kit","",""
"product-sitemap.xml","https://www.petroni.hr/en/product/upaljac-piezo-za-truma-3004p-kit/","308","/product/upaljac-piezo-za-truma-3004p-kit?lang=en","en",""
"product-sitemap.xml","https://www.petroni.hr/proizvod/upravljacki-kit-za-truma-3002-grijalicu/","308","/product/upravljacki-kit-za-truma-3002-grijalicu","",""
"product-sitemap.xml","https://www.petroni.hr/en/product/upravljacki-kit-za-truma-3002-grijalicu/","308","/product/upravljacki-kit-za-truma-3002-grijalicu?lang=en","en",""
"product-sitemap.xml","https://www.petroni.hr/proizvod/ventil-plinski-za-truma-3002-5002-30mb/","308","/product/ventil-plinski-za-truma-3002-5002-30mb-5-2012","",""
"product-sitemap.xml","https://www.petroni.hr/en/product/ventil-plinski-za-truma-3002-5002-30mb/","308","/product/ventil-plinski-za-truma-3002-5002-30mb-5-2012?lang=en","en",""
"product-sitemap.xml","https://www.petroni.hr/proizvod/ventil-plinski-za-truma-grijac-vode-30mbar/","308","/product/ventil-plinski-za-truma-grijac-vode-30mbar","",""
"product-sitemap.xml","https://www.petroni.hr/en/product/ventil-plinski-za-truma-grijac-vode-30mbar/","308","/product/ventil-plinski-za-truma-grijac-vode-30mbar?lang=en","en",""
"product-sitemap.xml","https://www.petroni.hr/proizvod/parking-nogica-za-stabilizaciju-kampera-27-38cm/","308","/product/parking-nogica-za-stabilizaciju-kampera-27-38cm","",""
"product-sitemap.xml","https://www.petroni.hr/en/product/parking-nogica-za-stabilizaciju-kampera-27-38cm/","308","/product/parking-nogica-za-stabilizaciju-kampera-27-38cm?lang=en","en",""
"product-sitemap.xml","https://www.petroni.hr/proizvod/gumb-bravice-sa-okvirom-mat-chrom-fi-35/","308","/product/gumb-bravice-sa-okvirom-mat-chrom-fi-35","",""
"product-sitemap.xml","https://www.petroni.hr/en/product/gumb-bravice-sa-okvirom-mat-chrom-fi-35/","308","/product/gumb-bravice-sa-okvirom-mat-chrom-fi-35?lang=en","en",""
"product-sitemap.xml","https://www.petroni.hr/proizvod/bravica-za-kupaonska-vrata-lilie-mot-3-siva/","308","/product/bravica-za-kupaonska-vrata-lilie-mot-3-siva","",""
"product-sitemap.xml","https://www.petroni.hr/en/product/bravica-za-kupaonska-vrata-lilie-mot-3-siva/","308","/product/bravica-za-kupaonska-vrata-lilie-mot-3-siva?lang=en","en",""
"product-sitemap.xml","https://www.petroni.hr/en/product/crijevo-za-plin-40cm-do-30c-1-4%e2%80%b31-4%e2%80%b3/","308","/product/crijevo-za-plin-40cm-do-30c-1-4-1-4?lang=en","en",""
"product-sitemap.xml","https://www.petroni.hr/proizvod/ploca-zastitna-truma-3002/","308","/product/ploca-zastitna-truma-3002","",""
"product-sitemap.xml","https://www.petroni.hr/proizvod/poklopac-donjeg-produzetka-za-grijalicu-truma-3002-5004/","308","/product/poklopac-donjeg-produzetka-za-grijalicu-truma-3002-5004","",""
"product-sitemap.xml","https://www.petroni.hr/proizvod/elektronika-hladnjaka-thetford-n3140-lcd-kit/","308","/product/elektronika-hladnjaka-thetford-n3140-lcd-kit","",""
"product-sitemap.xml","https://www.petroni.hr/proizvod/podizac-prozora-ld-230-400450mm-poly-t-klik/","308","/product/podizac-prozora-l-d-230-400-450mm-poly-t-klik","",""
"product-sitemap.xml","https://www.petroni.hr/proizvod/podizac-prozora-ld-230-400mm-poly-t-klik/","308","/product/podizac-prozora-l-d-230-400mm-poly-t-klik","",""
"product-sitemap.xml","https://www.petroni.hr/proizvod/simp-seal-55-290ml/","308","/product/brtvena-masa-ljepilo-simp-seal-55-290ml","",""
"product-sitemap.xml","https://www.petroni.hr/proizvod/dekasyl-ms-2-290ml/","308","/product/dekasyl-ms-2-290ml","",""
"product-sitemap.xml","https://www.petroni.hr/proizvod/sikaflex-521-uv-300ml-bijela/","308","/product/sikaflex-521-uv-300ml-bijela","",""
"product-sitemap.xml","https://www.petroni.hr/en/product/sikaflex-521-uv-300ml-bijela/","308","/product/sikaflex-521-uv-300ml-bijela?lang=en","en",""
"product-sitemap.xml","https://www.petroni.hr/proizvod/sikaflex-515-300ml-bijela/","308","/product/sikaflex-515-300ml-bijela","",""
"product-sitemap.xml","https://www.petroni.hr/en/product/sikaflex-515-300ml-bijela/","308","/product/sikaflex-515-300ml-bijela?lang=en","en",""
"product-sitemap.xml","https://www.petroni.hr/proizvod/sikaflex-221-300ml-bijela/","308","/product/sikaflex-221i-300ml-bijela","",""
"product-sitemap.xml","https://www.petroni.hr/en/product/sikaflex-221-300ml-bijela/","308","/product/sikaflex-221i-300ml-bijela?lang=en","en",""
"product-sitemap.xml","https://www.petroni.hr/proizvod/lampa-dometic-led-labudi-vrat-l80tm/","308","/product/lampa-dometic-led-labudi-vrat-l80tm","",""
"product-sitemap.xml","https://www.petroni.hr/proizvod/hladnjak-dometic-rc-10-4t-90-litara/","308","/product/hladnjak-dometic-rc-10-4t-90-litara-12v-220v","",""
"product-sitemap.xml","https://www.petroni.hr/proizvod/adapter-za-krovni-prozor-dometic-mini-heki-40x40/","308","/product/adapter-za-krovni-prozor-dometic-mini-heki-40x40","",""
"product-sitemap.xml","https://www.petroni.hr/proizvod/panel-sperploca-viseslojna-15mm-244x122cm-pure-graffiti/","308","/product/panel-sperploca-viseslojna-15mm-244x122cm-pure-graffiti","",""
"product-sitemap.xml","https://www.petroni.hr/proizvod/brtvena-traka-terostat-274-19mm-x-2mm/","308","/product/brtvena-traka-terostat-274-19mm-x-2mm","",""
"product-sitemap.xml","https://www.petroni.hr/proizvod/velur-platno-sa-flisom-3mm-sirina-160cm-sivo/","308","/product/velur-platno-sa-flisom-3mm-sirina-160cm-sivo","",""
"product-sitemap.xml","https://www.petroni.hr/en/product/velur-platno-sa-flisom-3mm-sirina-160cm-sivo/","308","/product/velur-platno-sa-flisom-3mm-sirina-160cm-sivo?lang=en","en",""
"product-sitemap.xml","https://www.petroni.hr/proizvod/staklo-vjetrobrana-za-kamper-i-tec-dethleffs-i-modeli/","308","/product/staklo-vjetrobrana-za-kamper-i-tec-dethleffs-i-modeli","",""
"product-sitemap.xml","https://www.petroni.hr/proizvod/sina-za-cetvrti-bicikl-za-thule-esse4-nosac/","308","/product/sina-za-cetvrti-bicikl-za-thule-esse4-nosac","",""
"product-sitemap.xml","https://www.petroni.hr/en/product/sina-za-cetvrti-bicikl-za-thule-esse4-nosac/","308","/product/sina-za-cetvrti-bicikl-za-thule-esse4-nosac?lang=en","en",""
"product-sitemap.xml","https://www.petroni.hr/proizvod/klizni-drzac-kukice-za-zavjesu/","308","/product/klizni-drzac-kukice-za-zavjesu","",""
"product-sitemap.xml","https://www.petroni.hr/proizvod/traka-za-fiksiranje-tankova-ispod-vozila-kampera-10m/","308","/product/traka-za-fiksiranje-tankova-ispod-vozila-kampera-10m","",""
"product-sitemap.xml","https://www.petroni.hr/en/product/traka-za-fiksiranje-tankova-ispod-vozila-kampera-10m/","308","/product/traka-za-fiksiranje-tankova-ispod-vozila-kampera-10m?lang=en","en",""
"product-sitemap.xml","https://www.petroni.hr/proizvod/profili-za-konstrukciju-kampera-zid-pod-38-x3-x-250cm/","308","/product/profili-za-konstrukciju-kampera-zid-pod-3-8-x3-x-250cm","",""
"product-sitemap.xml","https://www.petroni.hr/en/product/profili-za-konstrukciju-kampera-zid-pod-38-x3-x-250cm/","308","/product/profili-za-konstrukciju-kampera-zid-pod-3-8-x3-x-250cm?lang=en","en",""
"product-sitemap.xml","https://www.petroni.hr/proizvod/boca-za-plin-263-lit-sa-sigurnosnim-ventilom-prakto/","308","/product/boca-za-plin-26-3-lit-sa-sigurnosnim-ventilom-prakto","",""
"product-sitemap.xml","https://www.petroni.hr/proizvod/mover-carbest-cara-move-automatic/","308","/product/mover-carbest-cara-move-automatic","",""
"product-sitemap.xml","https://www.petroni.hr/proizvod/mover-powerset-plus/","308","/product/mover-powerset-plus","",""
"product-sitemap.xml","https://www.petroni.hr/proizvod/mover-truma-xt4-4-motora/","308","/product/mover-truma-xt4-4-motora","",""
"product-sitemap.xml","https://www.petroni.hr/proizvod/mover-truma-xt2-2-motora/","308","/product/mover-truma-xt2-2-motora","",""
"product-sitemap.xml","https://www.petroni.hr/proizvod/mover-truma-xt-automatski/","308","/product/mover-truma-xt-automatski","",""
"product-sitemap.xml","https://www.petroni.hr/proizvod/mover-powerset-petroni/","308","/product/mover-powerset-petroni","",""
"product-sitemap.xml","https://www.petroni.hr/proizvod/mover-powerset-carbest/","308","/product/mover-powerset-carbest","",""
"product-sitemap.xml","https://www.petroni.hr/proizvod/mover-reich-caravan-easy-driver-pro-1-8/","308","/product/mover-reich-caravan-easy-driver-pro-1-8","",""
"product-sitemap.xml","https://www.petroni.hr/proizvod/mover-reich-caravan-easy-driver-active-1-8/","308","/product/mover-reich-caravan-easy-driver-active-1-8","",""
"product-sitemap.xml","https://www.petroni.hr/proizvod/prozor-polyvision-700x300-sa-okvirom-kpl/","308","/product/prozor-polyvision-700x300-sa-okvirom-kpl","",""
"product-sitemap.xml","https://www.petroni.hr/en/product/prozor-polyvision-700x300-sa-okvirom-kpl/","308","/product/prozor-polyvision-700x300-sa-okvirom-kpl?lang=en","en",""
"product-sitemap.xml","https://www.petroni.hr/proizvod/tenda-thule-5200-4m-anthrazit-crna/","308","/product/tenda-thule-5200-4m-anthrazit-crna","",""
"product-sitemap.xml","https://www.petroni.hr/en/product/tenda-thule-5200-4m-anthrazit-crna/","308","/product/tenda-thule-5200-4m-anthrazit-crna?lang=en","en",""
"product-sitemap.xml","https://www.petroni.hr/proizvod/klupa-za-sjedenje-spavanje-variotech-3000-za-vw-t5-t6/","308","/product/klupa-za-sjedenje-spavanje-variotech-3000-za-vw-t5-t6","",""
"product-sitemap.xml","https://www.petroni.hr/proizvod/brava-fap-bijela-38mm/","308","/product/brava-fap-bijela-38mm","",""
"product-sitemap.xml","https://www.petroni.hr/proizvod/brava-zadi-push-ovalna-78x41mm/","308","/product/brava-zadi-push-ovalna-78x41mm","",""
"product-sitemap.xml","https://www.petroni.hr/proizvod/brava-zadi-push-kvadratna-47x47mm/","308","/product/brava-zadi-push-kvadratna-47x47mm","",""
"product-sitemap.xml","https://www.petroni.hr/proizvod/brava-zadi-push-sa-cilindrom-i-kljucevima-56x45mm/","308","/product/brava-zadi-push-sa-cilindrom-i-kljucevima-56x45mm","",""
"product-sitemap.xml","https://www.petroni.hr/proizvod/brava-zadi-90-sa-cilindrom-i-2-kljuca/","308","/product/brava-zadi-90-sa-cilindrom-i-2-kljuca","",""
"product-sitemap.xml","https://www.petroni.hr/proizvod/wc-okretni-thetford-c-200cs/","308","/product/wc-okretni-thetford-c-200cs","",""
"product-sitemap.xml","https://www.petroni.hr/en/product/wc-okretni-thetford-c-200cs/","308","/product/wc-okretni-thetford-c-200cs?lang=en","en",""
"product-sitemap.xml","https://www.petroni.hr/proizvod/trece-stop-svjetlo-jokon-trigano-32led/","308","/product/trece-stop-svjetlo-jokon-trigano-32led","",""
"product-sitemap.xml","https://www.petroni.hr/en/product/trece-stop-svjetlo-jokon-trigano-32led/","308","/product/trece-stop-svjetlo-jokon-trigano-32led?lang=en","en",""
"product-sitemap.xml","https://www.petroni.hr/proizvod/podizni-krov-pop-top-za-vw-transporter-t4-dugi/","308","/product/podizni-krov-pop-top-za-vw-transporter-t4-dugi","",""
"product-sitemap.xml","https://www.petroni.hr/proizvod/felga-aluminijska-16-za-ford-transit-5x160/","308","/product/felga-aluminijska-16-za-ford-transit-5x160","",""
"product-sitemap.xml","https://www.petroni.hr/proizvod/felga-aluminijska-16-5x130-grafit-za-fiat-ducato-citroen-jumper-peugeot-boxer/","308","/product/felga-aluminijska-16-5x130-grafit-za-fiat-ducato-citroen-jumper-peugeot-boxer","",""
"product-sitemap.xml","https://www.petroni.hr/proizvod/felga-aluminijska-16-5x130-za-fiat-ducato-citroen-jumper-peugeot-boxer/","308","/product/felga-aluminijska-16-5x130-za-fiat-ducato-citroen-jumper-peugeot-boxer","",""
"product-sitemap.xml","https://www.petroni.hr/proizvod/felga-aluminijska-15-5x118-za-fiat-ducato-citroen-jumper-peugeot-boxer/","308","/product/felga-aluminijska-15-5x118-za-fiat-ducato-citroen-jumper-peugeot-boxer","",""
"product-sitemap.xml","https://www.petroni.hr/proizvod/regulator-plina-truma-duocontrol-cs-vodoravani/","308","/product/regulator-plina-truma-duocontrol-cs-horizontalni","",""
"product-sitemap.xml","https://www.petroni.hr/en/product/regulator-plina-truma-duocontrol-cs-vodoravani/","308","/product/regulator-plina-truma-duocontrol-cs-horizontalni?lang=en","en",""
"product-sitemap.xml","https://www.petroni.hr/proizvod/fiskator-namjestaja-kutni-sa-poklopcem-avorio/","308","/product/fiskator-namjestaja-kutni-sa-poklopcem-avorio","",""
"product-sitemap.xml","https://www.petroni.hr/proizvod/pant-mali-za-vrata-namjestaj-mod-2839-sa-podesavanjem/","308","/product/pant-mali-za-vrata-namjestaj-mod-2839-sa-podesavanjem","",""
"product-sitemap.xml","https://www.petroni.hr/proizvod/kutnici-za-fiskiranje-namjestaja-sa-poklopcima-avorio-fi-255/","308","/product/kutnici-za-fiskiranje-namjestaja-sa-poklopcima-avorio-fi-25-5","",""
"product-sitemap.xml","https://www.petroni.hr/proizvod/pipa-tlacna-jednorucna-90-crom-2/","308","/product/pipa-tlacna-jednorucna-90-crom-9232","",""
"product-sitemap.xml","https://www.petroni.hr/proizvod/pipa-tlacna-jednorucna-90-crom/","308","/product/pipa-tlacna-jednorucna-90-crom","",""
"product-sitemap.xml","https://www.petroni.hr/proizvod/crijeva-za-pipu-vodu-fleksibilna-pletena-inox-jg-12mm-x-10mm/","308","/product/crijeva-za-pipu-vodu-fleksibilna-pletena-inox-jg-12mm-x-10mm","",""
"product-sitemap.xml","https://www.petroni.hr/proizvod/pant-za-namjestaj-vrata-mod-2953-stelajuci/","308","/product/pant-za-namjestaj-vrata-mod-2953-sa-podesavanjem","",""
"product-sitemap.xml","https://www.petroni.hr/proizvod/pant-za-namjestaj-vrata-mod-2941-stelajuci/","308","/product/pant-za-namjestaj-vrata-mod-2941-sa-podesavanjem","",""
"product-sitemap.xml","https://www.petroni.hr/proizvod/pant-za-vrata-metalni-ravni-model-90/","308","/product/pant-za-vrata-metalni-ravni-model-90","",""
"product-sitemap.xml","https://www.petroni.hr/proizvod/pant-plasticni-ravni-za-poklopce-avori-40x40/","308","/product/pant-plasticni-ravni-za-poklopce-avori-40x40","",""
"product-sitemap.xml","https://www.petroni.hr/proizvod/pant-za-namjestaj-metalni-nestelajuci-40x21mm-smedi/","308","/product/pant-za-namjestaj-metalni-fixni-40x21mm-smedi","",""
"product-sitemap.xml","https://www.petroni.hr/proizvod/pant-za-namjestaj-metalni-nestelajuci-50x21mm-smedi/","308","/product/pant-za-namjestaj-metalni-fixni-50x21mm-smedi","",""
"product-sitemap.xml","https://www.petroni.hr/proizvod/upravljacki-sustav-cbe-pc180-komplet/","308","/product/upravljacki-sustav-cbe-pc180-komplet","",""
"product-sitemap.xml","https://www.petroni.hr/en/product/upravljacki-sustav-cbe-pc180-komplet/","308","/product/upravljacki-sustav-cbe-pc180-komplet?lang=en","en",""
"product-sitemap.xml","https://www.petroni.hr/proizvod/uticnica-usb-cbe-r550-ui-12v-3a/","308","/product/uticnica-usb-cbe-r550-ui-12v-3a","",""
"product-sitemap.xml","https://www.petroni.hr/en/product/uticnica-usb-cbe-r550-ui-12v-3a/","308","/product/uticnica-usb-cbe-r550-ui-12v-3a?lang=en","en",""
"product-sitemap.xml","https://www.petroni.hr/proizvod/ploca-upravljacka-cbe-pc100/","308","/product/ploca-upravljacka-cbe-pc100","",""
"product-sitemap.xml","https://www.petroni.hr/proizvod/senzori-nivoa-otpadne-vode-cbe-ss-p/","308","/product/senzori-nivoa-otpadne-vode-cbe-ss-p","",""
"product-sitemap.xml","https://www.petroni.hr/en/product/senzori-nivoa-otpadne-vode-cbe-ss-p/","308","/product/senzori-nivoa-otpadne-vode-cbe-ss-p?lang=en","en",""
"product-sitemap.xml","https://www.petroni.hr/proizvod/kutija-razvodna-cbe-ds300-12v-sa-osiguracima/","308","/product/kutija-razvodna-cbe-ds300-12v-sa-osiguracima","",""
"product-sitemap.xml","https://www.petroni.hr/proizvod/ploca-upravljacka-cbe-pc110/","308","/product/ploca-upravljacka-cbe-pc110","",""
"product-sitemap.xml","https://www.petroni.hr/proizvod/ploca-upravljacka-cbe-pc180/","308","/product/ploca-upravljacka-cbe-pc180","",""
"product-sitemap.xml","https://www.petroni.hr/proizvod/staklo-krovnog-prozora-remitop-vario-ii-40x40/","308","/product/staklo-krovnog-prozora-remitop-vario-ii-40x40","",""
"product-sitemap.xml","https://www.petroni.hr/en/product/staklo-krovnog-prozora-remitop-vario-ii-40x40/","308","/product/staklo-krovnog-prozora-remitop-vario-ii-40x40?lang=en","en",""
"product-sitemap.xml","https://www.petroni.hr/proizvod/kutija-za-prtljagu-fiamma-ultra-box-360/","308","/product/kutija-za-prtljagu-fiamma-ultra-box-360","",""
"product-sitemap.xml","https://www.petroni.hr/proizvod/crijevo-za-zrak-usis-truma-zr80-fi-80/","308","/product/crijevo-za-zrak-usis-truma-zr80-fi-80","",""
"product-sitemap.xml","https://www.petroni.hr/proizvod/camper-trolley-ct2500/","308","/product/mover-camper-trolley-rt2500","",""
"product-sitemap.xml","https://www.petroni.hr/proizvod/bravica-push-lock-za-namjestaj-smeda/","308","/product/bravica-push-lock-za-namjestaj-smeda","",""
"product-sitemap.xml","https://www.petroni.hr/proizvod/spremnik-otpadne-vode-125lit/","308","/product/spremnik-otpadne-vode-125lit","",""
"product-sitemap.xml","https://www.petroni.hr/en/product/spremnik-otpadne-vode-125lit/","308","/product/spremnik-otpadne-vode-125lit?lang=en","en",""
"product-sitemap.xml","https://www.petroni.hr/proizvod/sifon-za-odvod-fi-20mm/","308","/product/sifon-za-odvod-fi-20mm","",""
"product-sitemap.xml","https://www.petroni.hr/en/product/sifon-za-odvod-fi-20mm/","308","/product/sifon-za-odvod-fi-20mm?lang=en","en",""
"product-sitemap.xml","https://www.petroni.hr/en/product/sifon-za-odvod-fi-39mm/","308","/product/sifon-za-odvod-fi-39mm?lang=en","en",""
"product-sitemap.xml","https://www.petroni.hr/proizvod/sifon-za-odvod-fi-39mm/","308","/product/sifon-za-odvod-fi-39mm","",""
"product-sitemap.xml","https://www.petroni.hr/proizvod/cep-zavrsetak-cijevi-jg-prikljucak-12mm/","308","/product/cep-zavrsetak-cijevi-jg-prikljucak-12mm","",""
"product-sitemap.xml","https://www.petroni.hr/en/product/selna-metalna-ispuh-za-truma-combi-bojler/","308","/product/selna-metalna-ispuh-za-truma-combi-bojler?lang=en","en",""
"product-sitemap.xml","https://www.petroni.hr/proizvod/selna-metalna-ispuh-za-truma-combi-bojler/","308","/product/selna-metalna-ispuh-za-truma-combi-bojler","",""
"product-sitemap.xml","https://www.petroni.hr/proizvod/svjetlo-registarske-plocice-u-braniku-12-24v-l/","308","/product/svjetlo-registarske-plocice-u-braniku-12-24v-l","",""
"product-sitemap.xml","https://www.petroni.hr/en/product/svjetlo-registarske-plocice-u-braniku-12-24v-l/","308","/product/svjetlo-registarske-plocice-u-braniku-12-24v-l?lang=en","en",""
"product-sitemap.xml","https://www.petroni.hr/proizvod/svjetlo-led-plafonjera-6500k-opal/","308","/product/svjetlo-led-plafonjera-6500k-opal","",""
"product-sitemap.xml","https://www.petroni.hr/en/product/svjetlo-led-plafonjera-6500k-opal/","308","/product/svjetlo-led-plafonjera-6500k-opal?lang=en","en",""
"product-sitemap.xml","https://www.petroni.hr/proizvod/svjetiljka-led-model-l-crna-sa-usb-prikljuckom/","308","/product/svjetiljka-led-model-l-crna-sa-usb-prikljuckom","",""
"product-sitemap.xml","https://www.petroni.hr/en/product/svjetiljka-led-model-l-crna-sa-usb-prikljuckom/","308","/product/svjetiljka-led-model-l-crna-sa-usb-prikljuckom?lang=en","en",""
"product-sitemap.xml","https://www.petroni.hr/proizvod/remen-za-kutiju-akumulatora/","308","/product/remen-za-kutiju-akumulatora","",""
"product-sitemap.xml","https://www.petroni.hr/en/product/remen-za-kutiju-akumulatora/","308","/product/remen-za-kutiju-akumulatora?lang=en","en",""
"product-sitemap.xml","https://www.petroni.hr/proizvod/prikljucak-za-crijevo-spremnik-3-4x25mm/","308","/product/prikljucak-za-crijevo-spremnik-3-4-x25mm","",""
"product-sitemap.xml","https://www.petroni.hr/en/product/prikljucak-za-crijevo-spremnik-3-4x25mm/","308","/product/prikljucak-za-crijevo-spremnik-3-4-x25mm?lang=en","en",""
"product-sitemap.xml","https://www.petroni.hr/proizvod/okvir-sa-poklopcem-za-presto-uticnicu-crni/","308","/product/okvir-sa-poklopcem-za-presto-uticnicu-crni","",""
"product-sitemap.xml","https://www.petroni.hr/proizvod/crijevo-za-plin-75cm-do-30c-1-48-rvs/","308","/product/crijevo-za-plin-75cm-do-30c-1-4-8-rvs","",""
"product-sitemap.xml","https://www.petroni.hr/proizvod/svjetlo-registarske-plocice-montaza-na-branik/","308","/product/svjetlo-registarske-plocice-montaza-na-branik","",""
"product-sitemap.xml","https://www.petroni.hr/en/product/svjetlo-registarske-plocice-montaza-na-branik/","308","/product/svjetlo-registarske-plocice-montaza-na-branik?lang=en","en",""
"product-sitemap.xml","https://www.petroni.hr/proizvod/kabel-produzni-12v-4-metra/","308","/product/kabel-produzni-12v-4-metra","",""
"product-sitemap.xml","https://www.petroni.hr/proizvod/drzac-za-sipke-predsatora-metalni-horizontalni/","308","/product/drzac-za-sipke-predsatora-metalni-horizontalni","",""
"product-sitemap.xml","https://www.petroni.hr/proizvod/hvatac-drzac-ulaznih-vrata-magnetni-10kg/","308","/product/hvatac-drzac-ulaznih-vrata-magnetni-10kg","",""
"product-sitemap.xml","https://www.petroni.hr/proizvod/matica-prikljucka-crijeva-na-spremnik-vode-3-8/","308","/product/matica-prikljucka-crijeva-na-spremnik-vode-3-8","",""
"product-sitemap.xml","https://www.petroni.hr/proizvod/protusklizna-podloga-360x30cm/","308","/product/protusklizna-podloga-360x30cm","",""
"product-sitemap.xml","https://www.petroni.hr/en/product/protusklizna-podloga-360x30cm/","308","/product/protusklizna-podloga-360x30cm?lang=en","en",""
"product-sitemap.xml","https://www.petroni.hr/proizvod/tenda-fiamma-f80s-370cm-za/","308","/product/tenda-fiamma-f80s-370cm","",""
"product-sitemap.xml","https://www.petroni.hr/en/product/tenda-fiamma-f80s-370cm-za/","308","/product/tenda-fiamma-f80s-370cm?lang=en","en",""
"product-sitemap.xml","https://www.petroni.hr/proizvod/preusmjerivac-vode-za-thetford-wc-kazetu/","308","/product/preusmjerivac-vode-za-thetford-wc-kazetu","",""
"product-sitemap.xml","https://www.petroni.hr/en/product/preusmjerivac-vode-za-thetford-wc-kazetu/","308","/product/preusmjerivac-vode-za-thetford-wc-kazetu?lang=en","en",""
"product-sitemap.xml","https://www.petroni.hr/proizvod/crijevo-za-ispiranje-wc-kazete-thetford/","308","/product/crijevo-za-ispiranje-wc-kazete-thetford","",""
"product-sitemap.xml","https://www.petroni.hr/proizvod/poklopac-rupe-thetford-wc-kazete/","308","/product/poklopac-rupe-thetford-wc-kazete","",""
"product-sitemap.xml","https://www.petroni.hr/proizvod/plovak-za-thetford-wc-kazetu-c200/","308","/product/plovak-za-thetford-wc-kazetu-c200","",""
"product-sitemap.xml","https://www.petroni.hr/proizvod/glava-regulatora-hladnjaka-dometic-ser-7/","308","/product/glava-regulatora-hladnjaka-dometic-ser-7","",""
"product-sitemap.xml","https://www.petroni.hr/proizvod/rozeta-ispuha-grijanja-klime-fi-65-siva-agate/","308","/product/rozeta-ispuha-grijanja-klime-fi-65-siva-agate","",""
"product-sitemap.xml","https://www.petroni.hr/en/product/rozeta-ispuha-grijanja-klime-fi-65-siva-agate/","308","/product/rozeta-ispuha-grijanja-klime-fi-65-siva-agate?lang=en","en",""
"product-sitemap.xml","https://www.petroni.hr/proizvod/selna-plasticna-za-crijevo-grijanja-klime-fi-65-siva/","308","/product/selna-plasticna-za-crijevo-grijanja-klime-fi-65-siva","",""
"product-sitemap.xml","https://www.petroni.hr/en/product/selna-plasticna-za-crijevo-grijanja-klime-fi-65-siva/","308","/product/selna-plasticna-za-crijevo-grijanja-klime-fi-65-siva?lang=en","en",""
"product-sitemap.xml","https://www.petroni.hr/proizvod/crijevo-za-plin-45cm-sa-sig-ventilom-g8-hr/","308","/product/crijevo-za-plin-45cm-sa-sig-ventilom-g8-hr","",""
"product-sitemap.xml","https://www.petroni.hr/proizvod/prekrivka-za-kamper-710cm/","308","/product/prekrivac-zastitni-za-kamper-12m-7-5x2-4x2-7m","",""
"product-sitemap.xml","https://www.petroni.hr/en/product/prekrivka-za-kamper-710cm/","308","/product/prekrivac-zastitni-za-kamper-12m-7-5x2-4x2-7m?lang=en","en",""
"product-sitemap.xml","https://www.petroni.hr/proizvod/grijac-na-diesel-planar-44d12/","308","/product/grijac-zraka-na-diesel-vanheat-4-kw","",""
"product-sitemap.xml","https://www.petroni.hr/proizvod/brtvila-gumena-o-ring-za-thetford-wc-kazetu/","308","/product/brtvila-gumena-o-ring-za-thetford-wc-kazetu","",""
"product-sitemap.xml","https://www.petroni.hr/proizvod/cep-navojni-za-thetford-wc-kazetu-c2-3-4/","308","/product/cep-navojni-za-thetford-wc-kazetu-c2-3-4","",""
"product-sitemap.xml","https://www.petroni.hr/proizvod/rucica-klizna-za-otvaranje-theteford-wc-kazete-c200/","308","/product/rucica-klizna-za-otvaranje-theteford-wc-kazete-c200","",""
"product-sitemap.xml","https://www.petroni.hr/en/product/rucica-klizna-za-otvaranje-theteford-wc-kazete-c200/","308","/product/rucica-klizna-za-otvaranje-theteford-wc-kazete-c200?lang=en","en",""
"product-sitemap.xml","https://www.petroni.hr/proizvod/elektronika-hladnjaka-thetford-n3000-sr-lcd-kit/","308","/product/elektronika-hladnjaka-thetford-n3000-sr-lcd-kit","",""
"product-sitemap.xml","https://www.petroni.hr/proizvod/stednjak-plinski-thetford-serija-330-lijevi/","308","/product/stednjak-plinski-thetford-serija-330-lijevi","",""
"product-sitemap.xml","https://www.petroni.hr/en/product/stednjak-plinski-thetford-serija-330-lijevi/","308","/product/stednjak-plinski-thetford-serija-330-lijevi?lang=en","en",""
"product-sitemap.xml","https://www.petroni.hr/proizvod/panti-staklenog-poklopca-thetford/","308","/product/panti-staklenog-poklopca-thetford-par","",""
"product-sitemap.xml","https://www.petroni.hr/proizvod/otvarac-wc-kazete-thetford-nazubljeni/","308","/product/otvarac-wc-kazete-thetford-nazubljeni","",""
"product-sitemap.xml","https://www.petroni.hr/proizvod/glava-plina-kontrolna-za-thetford-stednjak-ser-330/","308","/product/glava-plina-kontrolna-za-thetford-stednjak-ser-330","",""
"product-sitemap.xml","https://www.petroni.hr/proizvod/pumpa-vode-za-thetford-wc-kazete/","308","/product/pumpa-vode-za-thetford-wc-kazete","",""
"product-sitemap.xml","https://www.petroni.hr/en/product/pumpa-vode-za-thetford-wc-kazete/","308","/product/pumpa-vode-za-thetford-wc-kazete?lang=en","en",""
"product-sitemap.xml","https://www.petroni.hr/proizvod/pumpa-rucna-thetford-sc4/","308","/product/pumpa-rucna-thetford-sc4","",""
"product-sitemap.xml","https://www.petroni.hr/en/product/pumpa-rucna-thetford-sc4/","308","/product/pumpa-rucna-thetford-sc4?lang=en","en",""
"product-sitemap.xml","https://www.petroni.hr/proizvod/ventil-sigurnosni-odvodni-truma-tb10-28bar/","308","/product/ventil-sigurnosni-odvodni-truma-tb10-2-8bar","",""
"product-sitemap.xml","https://www.petroni.hr/en/product/ventil-sigurnosni-odvodni-truma-tb10-28bar/","308","/product/ventil-sigurnosni-odvodni-truma-tb10-2-8bar?lang=en","en",""
"product-sitemap.xml","https://www.petroni.hr/proizvod/cep-vakum-fi-50/","308","/product/cep-vakum-fi-50","",""
"product-sitemap.xml","https://www.petroni.hr/proizvod/pokrov-zimski-za-resetke-hladnjaka-dometic-ls300-500/","308","/product/pokrov-zimski-za-resetke-hladnjaka-dometic-ls300-500","",""
"product-sitemap.xml","https://www.petroni.hr/en/product/pokrov-zimski-za-resetke-hladnjaka-dometic-ls300-500/","308","/product/pokrov-zimski-za-resetke-hladnjaka-dometic-ls300-500?lang=en","en",""
"product-sitemap.xml","https://www.petroni.hr/proizvod/pokrov-zimski-za-resetke-hladnjaka-dometic/","308","/product/pokrov-zimski-za-resetke-hladnjaka-dometic","",""
"product-sitemap.xml","https://www.petroni.hr/en/product/pokrov-zimski-za-resetke-hladnjaka-dometic/","308","/product/pokrov-zimski-za-resetke-hladnjaka-dometic?lang=en","en",""
"product-sitemap.xml","https://www.petroni.hr/proizvod/ventilator-za-hladnjak-12v-dupli/","308","/product/ventilator-za-hladnjak-12v-dupli","",""
"product-sitemap.xml","https://www.petroni.hr/en/product/ventilator-za-hladnjak-12v-dupli/","308","/product/ventilator-za-hladnjak-12v-dupli?lang=en","en",""
"product-sitemap.xml","https://www.petroni.hr/proizvod/rucka-za-vuci-kamp-prikolicu/","308","/product/rucka-za-vuci-kamp-prikolicu","",""
"product-sitemap.xml","https://www.petroni.hr/en/product/rucka-za-vuci-kamp-prikolicu/","308","/product/rucka-za-vuci-kamp-prikolicu?lang=en","en",""
"product-sitemap.xml","https://www.petroni.hr/proizvod/okvir-ukrasni-ispod-ulaznih-vrata-rimor/","308","/product/okvir-ukrasni-ispod-ulaznih-vrata-rimor","",""
"product-sitemap.xml","https://www.petroni.hr/proizvod/maska-ugradna-za-radio-ford-transit-07/","308","/product/maska-ugradna-za-radio-ford-transit-07","",""
"product-sitemap.xml","https://www.petroni.hr/proizvod/prihvati-gornji-za-nosace-bicikla-za-hymer-alu-line/","308","/product/prihvati-gornji-za-nosace-bicikla-za-hymer-alu-line","",""
"product-sitemap.xml","https://www.petroni.hr/en/product/prihvati-gornji-za-nosace-bicikla-za-hymer-alu-line/","308","/product/prihvati-gornji-za-nosace-bicikla-za-hymer-alu-line?lang=en","en",""
"product-sitemap.xml","https://www.petroni.hr/proizvod/prihvati-za-nosace-bicikla-za-hymer-alu-line/","308","/product/prihvati-gornji-za-nosace-bicikla-za-hymer-alu-line","",""
"product-sitemap.xml","https://www.petroni.hr/en/product/prihvati-za-nosace-bicikla-za-hymer-alu-line/","308","/product/prihvati-gornji-za-nosace-bicikla-za-hymer-alu-line?lang=en","en",""
"product-sitemap.xml","https://www.petroni.hr/proizvod/ruka-za-ucvrscivanje-bicikla-na-nosacu-fiamma-bike-block-pro-1/","308","/product/ruka-za-ucvrscivanje-bicikla-na-nosacu-fiamma-bike-block-pro-1","",""
"product-sitemap.xml","https://www.petroni.hr/en/product/ruka-za-ucvrscivanje-bicikla-na-nosacu-fiamma-bike-block-pro-1/","308","/product/ruka-za-ucvrscivanje-bicikla-na-nosacu-fiamma-bike-block-pro-1?lang=en","en",""
"product-sitemap.xml","https://www.petroni.hr/proizvod/ring-mehanizma-za-otvaranje-thetford-wc-kazete/","308","/product/ring-mehanizma-za-otvaranje-thetford-wc-kazete","",""
"product-sitemap.xml","https://www.petroni.hr/en/product/ring-mehanizma-za-otvaranje-thetford-wc-kazete/","308","/product/ring-mehanizma-za-otvaranje-thetford-wc-kazete?lang=en","en",""
"product-sitemap.xml","https://www.petroni.hr/proizvod/rucica-za-otvaranje-thetford-wc-kazete-c250-260/","308","/product/rucica-za-otvaranje-thetford-wc-kazete-c250-260","",""
"product-sitemap.xml","https://www.petroni.hr/en/product/rucica-za-otvaranje-thetford-wc-kazete-c250-260/","308","/product/rucica-za-otvaranje-thetford-wc-kazete-c250-260?lang=en","en",""
"product-sitemap.xml","https://www.petroni.hr/proizvod/ventil-za-odzracivanje-thetford-kazete/","308","/product/ventil-za-odzracivanje-wc-kazete-thetford-c200","",""
"product-sitemap.xml","https://www.petroni.hr/en/product/ventil-za-odzracivanje-thetford-kazete/","308","/product/ventil-za-odzracivanje-wc-kazete-thetford-c200?lang=en","en",""
"product-sitemap2.xml","https://www.petroni.hr/proizvod/ruka-za-ucvrscivanje-bicikla-na-nosacu-fiamma-bike-block-pro-3/","308","/product/ruka-za-ucvrscivanje-bicikla-na-nosacu-fiamma-bike-block-pro-3","",""
"product-sitemap2.xml","https://www.petroni.hr/en/product/ruka-za-ucvrscivanje-bicikla-na-nosacu-fiamma-bike-block-pro-3/","308","/product/ruka-za-ucvrscivanje-bicikla-na-nosacu-fiamma-bike-block-pro-3?lang=en","en",""
"product-sitemap2.xml","https://www.petroni.hr/proizvod/birac-baterija-4-pozicije-max-24v-300a/","308","/product/birac-baterija-4-pozicije-max-24v-300a","",""
"product-sitemap2.xml","https://www.petroni.hr/proizvod/prekidac-napona-baterije-2-pozicije-24v-300a/","308","/product/prekidac-napona-baterije-2-pozicije-24v-300a","",""
"product-sitemap2.xml","https://www.petroni.hr/en/product/prekidac-napona-baterije-2-pozicije-24v-300a/","308","/product/prekidac-napona-baterije-2-pozicije-24v-300a?lang=en","en",""
"product-sitemap2.xml","https://www.petroni.hr/proizvod/sperploca-viseslojna-topola-luano-mc-2200x1220x12mm/","308","/product/sperploca-viseslojna-topola-luano-mc-2200x1220x12mm","",""
"product-sitemap2.xml","https://www.petroni.hr/en/product/sperploca-viseslojna-topola-luano-mc-2200x1220x12mm/","308","/product/sperploca-viseslojna-topola-luano-mc-2200x1220x12mm?lang=en","en",""
"product-sitemap2.xml","https://www.petroni.hr/proizvod/brava-ulaznih-vrata-zadi-vanjski-dio/","308","/product/brava-ulaznih-vrata-zadi-vanjski-dio","",""
"product-sitemap2.xml","https://www.petroni.hr/proizvod/stitnik-od-vode-iznad-ulaznih-vrata-u-kamp-vozilo/","308","/product/stitnik-od-vode-iznad-ulaznih-vrata-u-kamp-vozilo","",""
"product-sitemap2.xml","https://www.petroni.hr/en/product/stitnik-od-vode-iznad-ulaznih-vrata-u-kamp-vozilo/","308","/product/stitnik-od-vode-iznad-ulaznih-vrata-u-kamp-vozilo?lang=en","en",""
"product-sitemap2.xml","https://www.petroni.hr/proizvod/profil-spojni-alu-30x4mm-24m/","308","/product/profil-spojni-alu-30x4mm-2-4m","",""
"product-sitemap2.xml","https://www.petroni.hr/en/product/profil-spojni-alu-30x4mm-24m/","308","/product/profil-spojni-alu-30x4mm-2-4m?lang=en","en",""
"product-sitemap2.xml","https://www.petroni.hr/proizvod/profil-kutni-alu-27x11-mm/","308","/product/profil-kutni-alu-27x11-mm-2m","",""
"product-sitemap2.xml","https://www.petroni.hr/en/product/profil-kutni-alu-27x11-mm/","308","/product/profil-kutni-alu-27x11-mm-2m?lang=en","en",""
"product-sitemap2.xml","https://www.petroni.hr/proizvod/prozor-bocni-polyplast-350x550-sa-okvirom-ser-4-25/","308","/product/prozor-bocni-polyplast-350x550-sa-okvirom-ser-4-25","",""
"product-sitemap2.xml","https://www.petroni.hr/en/product/prozor-bocni-polyplast-350x550-sa-okvirom-ser-4-25/","308","/product/prozor-bocni-polyplast-350x550-sa-okvirom-ser-4-25?lang=en","en",""
"product-sitemap2.xml","https://www.petroni.hr/proizvod/ventil-sigurnosni-odvodni-truma-therme-1-izlaz/","308","/product/ventil-sigurnosni-odvodni-truma-therme-1-izlaz","",""
"product-sitemap2.xml","https://www.petroni.hr/en/product/ventil-sigurnosni-odvodni-truma-therme-1-izlaz/","308","/product/ventil-sigurnosni-odvodni-truma-therme-1-izlaz?lang=en","en",""
"product-sitemap2.xml","https://www.petroni.hr/proizvod/crijevo-ispuha-truma-ae-3-fi-55/","308","/product/crijevo-ispuha-truma-ae-3-fi-55","",""
"product-sitemap2.xml","https://www.petroni.hr/proizvod/prozor-bocni-dometic-s7-760x365/","308","/product/prozor-bocni-dometic-s7-760x365","",""
"product-sitemap2.xml","https://www.petroni.hr/en/product/prozor-bocni-dometic-s7-760x365/","308","/product/prozor-bocni-dometic-s7-760x365?lang=en","en",""
"product-sitemap2.xml","https://www.petroni.hr/proizvod/resetka-ventilacije-10cm2-2/","308","/product/resetka-ventilacije-10cm2-8414","",""
"product-sitemap2.xml","https://www.petroni.hr/en/product/resetka-ventilacije-10cm2-2/","308","/product/resetka-ventilacije-10cm2-8414?lang=en","en",""
"product-sitemap2.xml","https://www.petroni.hr/proizvod/resetka-ventilacije-10cm2/","308","/product/resetka-ventilacije-10cm2","",""
"product-sitemap2.xml","https://www.petroni.hr/en/product/resetka-ventilacije-10cm2/","308","/product/resetka-ventilacije-10cm2?lang=en","en",""
"product-sitemap2.xml","https://www.petroni.hr/en/product/resetka-ventilacije-30cm2/","410","","","removed_product"
"product-sitemap2.xml","https://www.petroni.hr/proizvod/resetka-plasticna-385x220mm/","308","/product/resetka-plasticna-385x220mm","",""
"product-sitemap2.xml","https://www.petroni.hr/en/product/resetka-plasticna-385x220mm/","308","/product/resetka-plasticna-385x220mm?lang=en","en",""
"product-sitemap2.xml","https://www.petroni.hr/proizvod/resetka-metalna-310x110mm/","308","/product/resetka-metalna-310x110mm","",""
"product-sitemap2.xml","https://www.petroni.hr/en/product/resetka-metalna-310x110mm/","308","/product/resetka-metalna-310x110mm?lang=en","en",""
"product-sitemap2.xml","https://www.petroni.hr/proizvod/resetka-metalna-200x50cm/","308","/product/resetka-metalna-200x50cm","",""
"product-sitemap2.xml","https://www.petroni.hr/en/product/resetka-metalna-200x50cm/","308","/product/resetka-metalna-200x50cm?lang=en","en",""
"product-sitemap2.xml","https://www.petroni.hr/proizvod/uticnica-vanjska-12v-220v-tvsat/","308","/product/uticnica-vanjska-12v-220v-tv-sat","",""
"product-sitemap2.xml","https://www.petroni.hr/en/product/uticnica-vanjska-12v-220v-tvsat/","308","/product/uticnica-vanjska-12v-220v-tv-sat?lang=en","en",""
"product-sitemap2.xml","https://www.petroni.hr/proizvod/profil-brtveni-za-namjestaj-fi-5mm-srebreni/","308","/product/profil-brtveni-za-namjestaj-fi-5mm-srebreni","",""
"product-sitemap2.xml","https://www.petroni.hr/en/product/profil-brtveni-za-namjestaj-fi-5mm-srebreni/","308","/product/profil-brtveni-za-namjestaj-fi-5mm-srebreni?lang=en","en",""
"product-sitemap2.xml","https://www.petroni.hr/proizvod/profil-brtveni-za-namjestaj-fi-5mm-sivi/","308","/product/profil-brtveni-za-namjestaj-fi-5mm-sivi","",""
"product-sitemap2.xml","https://www.petroni.hr/en/product/profil-brtveni-za-namjestaj-fi-5mm-sivi/","308","/product/profil-brtveni-za-namjestaj-fi-5mm-sivi?lang=en","en",""
"product-sitemap2.xml","https://www.petroni.hr/proizvod/cetka-za-ciscenje-rostilja-3u1/","308","/product/cetka-za-ciscenje-rostilja-3u1","",""
"product-sitemap2.xml","https://www.petroni.hr/en/product/tekucina-za-uklanjanje-musica-sa-vozila-500ml/","410","","","removed_product"
"product-sitemap2.xml","https://www.petroni.hr/proizvod/kontroler-daljinski-za-carbest-pretvarace-2019/","308","/product/kontroler-daljinski-za-carbest-pretvarace-2019","",""
"product-sitemap2.xml","https://www.petroni.hr/proizvod/pretvarac-12v-220v-300w/","308","/product/inverter-vechline-12v-220v-300w","",""
"product-sitemap2.xml","https://www.petroni.hr/en/product/zarulja-12v-10w-g4-ubodna/","308","/product/zarulja-12v-10w-g4-ubodna?lang=en","en",""
"product-sitemap2.xml","https://www.petroni.hr/proizvod/zarulja-12v-5w-g4-ubodna/","308","/product/zarulja-12v-5w-g4-ubodna","",""
"product-sitemap2.xml","https://www.petroni.hr/en/product/zarulja-12v-5w-g4-ubodna/","308","/product/zarulja-12v-5w-g4-ubodna?lang=en","en",""
"product-sitemap2.xml","https://www.petroni.hr/proizvod/zarulja-e14-12v-5w-ljevkasta/","308","/product/zarulja-e14-12v-5w-ljevkasta","",""
"product-sitemap2.xml","https://www.petroni.hr/en/product/zarulja-e14-12v-5w-ljevkasta/","308","/product/zarulja-e14-12v-5w-ljevkasta?lang=en","en",""
"product-sitemap2.xml","https://www.petroni.hr/proizvod/zarulja-led-g4-ubodna-12v/","308","/product/zarulja-led-g4-ubodna-12v","",""
"product-sitemap2.xml","https://www.petroni.hr/en/product/zarulja-led-g4-ubodna-12v/","308","/product/zarulja-led-g4-ubodna-12v?lang=en","en",""
"product-sitemap2.xml","https://www.petroni.hr/proizvod/zarulja-led-g4-bocni-pin/","308","/product/zarulja-led-g4-bocni-pin","",""
"product-sitemap2.xml","https://www.petroni.hr/en/product/zarulja-led-g4-bocni-pin/","308","/product/zarulja-led-g4-bocni-pin?lang=en","en",""
"product-sitemap2.xml","https://www.petroni.hr/proizvod/lampa-led-nutarnja-dometic/","308","/product/lampa-led-nutarnja-dometic","",""
"product-sitemap2.xml","https://www.petroni.hr/proizvod/svjetlo-kocnice-dodatno-trece-led/","308","/product/svjetlo-kocnice-dodatno-trece-led","",""
"product-sitemap2.xml","https://www.petroni.hr/en/product/svjetlo-kocnice-dodatno-trece-led/","308","/product/svjetlo-kocnice-dodatno-trece-led?lang=en","en",""
"product-sitemap2.xml","https://www.petroni.hr/proizvod/trokut-svjetloreflektirajuce-za-zadnji-branik-prikolice/","308","/product/trokut-svjetlo-reflektirajuce-za-zadnji-branik-prikolice","",""
"product-sitemap2.xml","https://www.petroni.hr/en/product/trokut-svjetloreflektirajuce-za-zadnji-branik-prikolice/","308","/product/trokut-svjetlo-reflektirajuce-za-zadnji-branik-prikolice?lang=en","en",""
"product-sitemap2.xml","https://www.petroni.hr/proizvod/tester-za-baterije-akumulatore-12v/","308","/product/tester-za-baterije-akumulatore-12v","",""
"product-sitemap2.xml","https://www.petroni.hr/en/product/tester-za-baterije-akumulatore-12v/","308","/product/tester-za-baterije-akumulatore-12v?lang=en","en",""
"product-sitemap2.xml","https://www.petroni.hr/proizvod/okvir-zadnjeg-svjetla-jokon-crveni/","308","/product/okvir-zadnjeg-svjetla-jokon-crveni","",""
"product-sitemap2.xml","https://www.petroni.hr/proizvod/svjetlo-reflektirajuce-jokon-macije-oko/","308","/product/staklo-reflektirajuce-jokon-710-macije-oko","",""
"product-sitemap2.xml","https://www.petroni.hr/en/product/svjetlo-reflektirajuce-jokon-macije-oko/","308","/product/staklo-reflektirajuce-jokon-710-macije-oko?lang=en","en",""
"product-sitemap2.xml","https://www.petroni.hr/proizvod/okvir-ukrasni-chrom-za-zadnja-svjetla-jokon/","308","/product/okvir-ukrasni-chrom-za-zadnja-svjetla-jokon","",""
"product-sitemap2.xml","https://www.petroni.hr/proizvod/punjac-akumulatora-al-bl20-rimor/","308","/product/punjac-akumulatora-al-bk20-rimor","",""
"product-sitemap2.xml","https://www.petroni.hr/en/product/punjac-akumulatora-al-bl20-rimor/","308","/product/punjac-akumulatora-al-bk20-rimor?lang=en","en",""
"product-sitemap2.xml","https://www.petroni.hr/proizvod/kabel-za-sondu-cbe-kit/","308","/product/kabel-za-sondu-pc100-cbe-kit","",""
"product-sitemap2.xml","https://www.petroni.hr/proizvod/sonda-nivoa-vode-260mm-cbe/","308","/product/sonda-nivoa-vode-260mm-cbe","",""
"product-sitemap2.xml","https://www.petroni.hr/en/product/sonda-nivoa-vode-260mm-cbe/","308","/product/sonda-nivoa-vode-260mm-cbe?lang=en","en",""
"product-sitemap2.xml","https://www.petroni.hr/proizvod/elektronska-ploca-power-link-r5-rimor/","308","/product/elektro-blok-power-link-r5-rimor","",""
"product-sitemap2.xml","https://www.petroni.hr/proizvod/sustav-za-opskrbu-vozila-energijom-12v-pc100/","308","/product/elektro-blok-cbe-pc100-12v","",""
"product-sitemap2.xml","https://www.petroni.hr/proizvod/svjetiljka-led-aku-215-led/","308","/product/svjetiljka-led-aku-21-5-led","",""
"product-sitemap2.xml","https://www.petroni.hr/en/product/svjetiljka-led-aku-215-led/","308","/product/svjetiljka-led-aku-21-5-led?lang=en","en",""
"product-sitemap2.xml","https://www.petroni.hr/proizvod/reflektor-svjetlo-za-zadnji-branik-rimor/","308","/product/reflektor-svjetlo-za-zadnji-branik-rimor","",""
"product-sitemap2.xml","https://www.petroni.hr/en/product/reflektor-svjetlo-za-zadnji-branik-rimor/","308","/product/reflektor-svjetlo-za-zadnji-branik-rimor?lang=en","en",""
"product-sitemap2.xml","https://www.petroni.hr/en/product/svjetlo-bocno-donje-hella-12v/","308","/product/svjetlo-bocno-donje-hella-12v?lang=en","en",""
"product-sitemap2.xml","https://www.petroni.hr/proizvod/svjetlo-bocno-donje-led-hella-2/","308","/product/svjetlo-bocno-donje-led-hella-7960","",""
"product-sitemap2.xml","https://www.petroni.hr/en/product/svjetlo-bocno-donje-led-hella-2/","308","/product/svjetlo-bocno-donje-led-hella-7960?lang=en","en",""
"product-sitemap2.xml","https://www.petroni.hr/proizvod/svjetlo-bocno-donje-led-hella/","308","/product/svjetlo-bocno-donje-led-hella","",""
"product-sitemap2.xml","https://www.petroni.hr/en/product/svjetlo-bocno-donje-led-hella/","308","/product/svjetlo-bocno-donje-led-hella?lang=en","en",""
"product-sitemap2.xml","https://www.petroni.hr/en/product/svjetlo-bocno-donje-jokon/","308","/product/svjetlo-bocno-donje-jokon?lang=en","en",""
"product-sitemap2.xml","https://www.petroni.hr/proizvod/svjetlo-bocno-donje-jokon/","308","/product/svjetlo-bocno-donje-jokon","",""
"product-sitemap2.xml","https://www.petroni.hr/en/product/svjetlo-bocno-donje-led-jokon-2/","308","/product/svjetlo-bocno-donje-led-jokon-7906?lang=en","en",""
"product-sitemap2.xml","https://www.petroni.hr/proizvod/svjetlo-bocno-donje-led-jokon-2/","308","/product/svjetlo-bocno-donje-led-jokon-7906","",""
"product-sitemap2.xml","https://www.petroni.hr/en/product/svjetlo-bocno-donje-led-jokon/","308","/product/svjetlo-bocno-donje-led-jokon?lang=en","en",""
"product-sitemap2.xml","https://www.petroni.hr/proizvod/svjetlo-bocno-donje-led-jokon/","308","/product/svjetlo-bocno-donje-led-jokon","",""
"product-sitemap2.xml","https://www.petroni.hr/en/product/svjetlo-bocno-gornje-jokon/","308","/product/svjetlo-bocno-gornje-jokon?lang=en","en",""
"product-sitemap2.xml","https://www.petroni.hr/proizvod/svjetlo-bocno-gornje-jokon/","308","/product/svjetlo-bocno-gornje-jokon","",""
"product-sitemap2.xml","https://www.petroni.hr/en/product/svjetlo-bocno-gabaritno-jokon-112x42/","308","/product/svjetlo-bocno-donje-jokon-112x42?lang=en","en",""
"product-sitemap2.xml","https://www.petroni.hr/proizvod/svjetlo-bocno-gabaritno-jokon-112x42/","308","/product/svjetlo-bocno-donje-jokon-112x42","",""
"product-sitemap2.xml","https://www.petroni.hr/proizvod/svjetlo-naglavno-7-led/","308","/product/svjetlo-naglavno-7-led","",""
"product-sitemap2.xml","https://www.petroni.hr/en/product/svjetlo-naglavno-7-led/","308","/product/svjetlo-naglavno-7-led?lang=en","en",""
"product-sitemap2.xml","https://www.petroni.hr/proizvod/kuciste-za-svjetlo-vanjsko-led/","308","/product/kuciste-za-svjetlo-vanjsko-led","",""
"product-sitemap2.xml","https://www.petroni.hr/en/product/svjetlo-vanjsko-led-10x05w/","410","","","removed_product"
"product-sitemap2.xml","https://www.petroni.hr/proizvod/svjetlo-stropno-nutarnje-led-12v-6w/","308","/product/svjetlo-stropno-nutarnje-led-12v-6w","",""
"product-sitemap2.xml","https://www.petroni.hr/en/product/svjetlo-stropno-nutarnje-led-12v-6w/","308","/product/svjetlo-stropno-nutarnje-led-12v-6w?lang=en","en",""
"product-sitemap2.xml","https://www.petroni.hr/proizvod/svjetlo-stropno-nutarnje-led-12v/","308","/product/svjetlo-stropno-nutarnje-led-12v-3w","",""
"product-sitemap2.xml","https://www.petroni.hr/en/product/svjetlo-stropno-nutarnje-led-12v/","308","/product/svjetlo-stropno-nutarnje-led-12v-3w?lang=en","en",""
"product-sitemap2.xml","https://www.petroni.hr/proizvod/svjetlo-vanjsko-bijelo-12v-2x10w/","308","/product/svjetlo-vanjsko-bijelo-12v-2x10w","",""
"product-sitemap2.xml","https://www.petroni.hr/en/product/svjetlo-vanjsko-bijelo-12v-2x10w/","308","/product/svjetlo-vanjsko-bijelo-12v-2x10w?lang=en","en",""
"product-sitemap2.xml","https://www.petroni.hr/proizvod/uticnica-cee-set/","308","/product/uticnica-cee-set","",""
"product-sitemap2.xml","https://www.petroni.hr/en/product/uticnica-cee-set/","308","/product/uticnica-cee-set?lang=en","en",""
"product-sitemap2.xml","https://www.petroni.hr/proizvod/drzac-mobitela/","308","/product/drzac-za-mobitele","",""
"product-sitemap2.xml","https://www.petroni.hr/proizvod/kuciste-osiguraca-fs-1/","308","/product/kuciste-osiguraca-fs-1","",""
"product-sitemap2.xml","https://www.petroni.hr/proizvod/uticnica-12v/","308","/product/uticnica-12v","",""
"product-sitemap2.xml","https://www.petroni.hr/en/product/uticnica-12v/","308","/product/uticnica-12v?lang=en","en",""
"product-sitemap2.xml","https://www.petroni.hr/proizvod/okvir-za-utikace-i-uticnice/","308","/product/okvir-za-saltere-i-uticnice-berker-60x60-anthrazit-matt","",""
"product-sitemap2.xml","https://www.petroni.hr/proizvod/brava-za-namjestaj/","308","/product/brava-za-namjestaj-lilie-mot-3","",""
"product-sitemap2.xml","https://www.petroni.hr/proizvod/kutija-zastitna-berker/","308","/product/kutija-zastitna-berker","",""
"product-sitemap2.xml","https://www.petroni.hr/en/product/retrovizor-dodatni-scope-par/","308","/product/retrovizor-dodatni-scope-par?lang=en","en",""
"product-sitemap2.xml","https://www.petroni.hr/proizvod/retrovizor-dodatni-scope-par/","308","/product/retrovizor-dodatni-scope-par","",""
"product-sitemap2.xml","https://www.petroni.hr/proizvod/cep-za-vodu-sa-grlom-komplet-2/","308","/product/cep-za-vodu-sa-naljevnim-grlom-komplet","",""
"product-sitemap2.xml","https://www.petroni.hr/proizvod/okvir-sa-poklopcem-za-uticnice-60x60/","308","/product/okvir-sa-poklopcem-za-uticnice-60x60","",""
"product-sitemap2.xml","https://www.petroni.hr/proizvod/okvir-sa-poklopcem-za-uticnice-46x46/","308","/product/okvir-sa-poklopcem-za-uticnice-46x46","",""
"product-sitemap2.xml","https://www.petroni.hr/en/product/prekidac-za-svjetla-12v-mali-2/","308","/product/prekidac-za-svjetla-12v-mali?lang=en","en",""
"product-sitemap2.xml","https://www.petroni.hr/proizvod/prekidac-za-svjetla-12v-mali-2/","308","/product/prekidac-za-svjetla-12v-mali","",""
"product-sitemap2.xml","https://www.petroni.hr/proizvod/uticnica-usb-5v-1a-5v-21a/","308","/product/uticnica-usb-5v-1a-5v-2-1a","",""
"product-sitemap2.xml","https://www.petroni.hr/en/product/uticnica-usb-5v-1a-5v-21a/","308","/product/uticnica-usb-5v-1a-5v-2-1a?lang=en","en",""
"product-sitemap2.xml","https://www.petroni.hr/proizvod/uticnica-12v-tv-sat/","308","/product/uticnica-12v-tv-sat","",""
"product-sitemap2.xml","https://www.petroni.hr/en/product/uticnica-12v-tv-sat/","308","/product/uticnica-12v-tv-sat?lang=en","en",""
"product-sitemap2.xml","https://www.petroni.hr/en/product/sklopka-za-otvaranje-zatvaranje-el-stepenica/","308","/product/sklopka-za-otvaranje-zatvaranje-el-stepenica?lang=en","en",""
"product-sitemap2.xml","https://www.petroni.hr/proizvod/sklopka-za-otvaranje-zatvaranje-el-stepenica/","308","/product/sklopka-za-otvaranje-zatvaranje-el-stepenica","",""
"product-sitemap2.xml","https://www.petroni.hr/proizvod/kutija-zastitna/","308","/product/kutija-zastitna","",""
"product-sitemap2.xml","https://www.petroni.hr/en/product/spojleri-za-solare-sa-uvodnikom-kabela/","308","/product/spojleri-za-solare-sa-uvodnikom-kabela?lang=en","en",""
"product-sitemap2.xml","https://www.petroni.hr/proizvod/spojleri-za-solare-sa-uvodnikom-kabela/","308","/product/spojleri-za-solare-sa-uvodnikom-kabela","",""
"product-sitemap2.xml","https://www.petroni.hr/proizvod/regulator-za-solare-lr-1218-schaudt/","308","/product/regulator-za-solare-lr-1218-schaudt","",""
"product-sitemap2.xml","https://www.petroni.hr/en/product/regulator-za-solare-lr-1218-schaudt/","308","/product/regulator-za-solare-lr-1218-schaudt?lang=en","en",""
"product-sitemap2.xml","https://www.petroni.hr/proizvod/solarni-regulator-punjenja-carbest-12v-sr243-duo-digital/","308","/product/solarni-regulator-punjenja-carbest-12v-sr243-duo-digital","",""
"product-sitemap2.xml","https://www.petroni.hr/en/product/solarni-regulator-punjenja-carbest-12v-sr243-duo-digital/","308","/product/solarni-regulator-punjenja-carbest-12v-sr243-duo-digital?lang=en","en",""
"product-sitemap2.xml","https://www.petroni.hr/proizvod/kabel-za-solare-2x25mm/","308","/product/kabel-za-solare-2x2-5mm","",""
"product-sitemap2.xml","https://www.petroni.hr/proizvod/uticnica-cee-okrugla/","308","/product/uticnica-cee-okrugla","",""
"product-sitemap2.xml","https://www.petroni.hr/en/product/uticnica-cee-okrugla/","308","/product/uticnica-cee-okrugla?lang=en","en",""
"product-sitemap2.xml","https://www.petroni.hr/proizvod/7522/","308","/product/gumb-za-bravice-sa-rozetom-fi-35","",""
"product-sitemap2.xml","https://www.petroni.hr/proizvod/drzac-precke-u-ormaru-par/","308","/product/drzac-precke-u-ormaru-par","",""
"product-sitemap2.xml","https://www.petroni.hr/proizvod/prihvat-jezika-brave-metalni/","308","/product/prihvat-jezika-brave-metalni","",""
"product-sitemap2.xml","https://www.petroni.hr/en/product/prihvat-jezika-brave-metalni/","308","/product/prihvat-jezika-brave-metalni?lang=en","en",""
"product-sitemap2.xml","https://www.petroni.hr/proizvod/prihvat-jezika-brave-2/","308","/product/prihvat-jezika-brave-7491","",""
"product-sitemap2.xml","https://www.petroni.hr/en/product/prihvat-jezika-brave-2/","308","/product/prihvat-jezika-brave-7491?lang=en","en",""
"product-sitemap2.xml","https://www.petroni.hr/en/product/zasun-zakretni-8mm-matalni/","308","/product/zasun-zakretni-8mm-matalni?lang=en","en",""
"product-sitemap2.xml","https://www.petroni.hr/proizvod/zasun-zakretni-8mm-matalni/","308","/product/zasun-zakretni-8mm-matalni","",""
"product-sitemap2.xml","https://www.petroni.hr/proizvod/kuciste-osiguraca-velikih-potrosaca/","308","/product/kuciste-osiguraca-megaval-za-velike-potrosace","",""
"product-sitemap2.xml","https://www.petroni.hr/proizvod/rolo-zavjese-sa-okvirom-za-prozor-800x450/","308","/product/zavjesa-rolo-sa-okvirom-za-prozor-800x450","",""
"product-sitemap2.xml","https://www.petroni.hr/en/product/rolo-zavjese-sa-okvirom-za-prozor-800x450/","308","/product/zavjesa-rolo-sa-okvirom-za-prozor-800x450?lang=en","en",""
"product-sitemap2.xml","https://www.petroni.hr/proizvod/prozor-bocni-carbest-800x450-sa-okvirom/","308","/product/prozor-bocni-carbest-800x450-sa-okvirom","",""
"product-sitemap2.xml","https://www.petroni.hr/en/product/prozor-bocni-carbest-800x450-sa-okvirom/","308","/product/prozor-bocni-carbest-800x450-sa-okvirom?lang=en","en",""
"product-sitemap2.xml","https://www.petroni.hr/proizvod/rolo-zavjese-sa-okvirom-za-prozor-700x300/","308","/product/zavjesa-rolo-sa-okvirom-za-prozor-700x300","",""
"product-sitemap2.xml","https://www.petroni.hr/en/product/rolo-zavjese-sa-okvirom-za-prozor-700x300/","308","/product/zavjesa-rolo-sa-okvirom-za-prozor-700x300?lang=en","en",""
"product-sitemap2.xml","https://www.petroni.hr/proizvod/prozor-bocni-carbest-700x300-sa-okvirom/","308","/product/prozor-bocni-carbest-700x300-sa-okvirom","",""
"product-sitemap2.xml","https://www.petroni.hr/en/product/prozor-bocni-carbest-700x300-sa-okvirom/","308","/product/prozor-bocni-carbest-700x300-sa-okvirom?lang=en","en",""
"product-sitemap2.xml","https://www.petroni.hr/proizvod/adapter-cee-zenski-schuko-muski/","308","/product/adapter-kabel-cee-zenski-schuko-muski","",""
"product-sitemap2.xml","https://www.petroni.hr/proizvod/utikac-cee-zenski/","308","/product/utikac-cee-zenski","",""
"product-sitemap2.xml","https://www.petroni.hr/en/product/utikac-cee-zenski/","308","/product/utikac-cee-zenski?lang=en","en",""
"product-sitemap2.xml","https://www.petroni.hr/proizvod/utikac-cee-muski/","308","/product/utikac-cee-muski","",""
"product-sitemap2.xml","https://www.petroni.hr/en/product/utikac-cee-muski/","308","/product/utikac-cee-muski?lang=en","en",""
"product-sitemap2.xml","https://www.petroni.hr/proizvod/izlaz-zavrsni-t-fi-65/","308","/product/izlaz-zavrsni-t-fi-65","",""
"product-sitemap2.xml","https://www.petroni.hr/proizvod/panti-za-namjestaj-par/","308","/product/panti-za-namjestaj-par","",""
"product-sitemap2.xml","https://www.petroni.hr/proizvod/panel-za-namjestaj-orah-122x244/","308","/product/panel-za-namjestaj-orah-122x244","",""
"product-sitemap2.xml","https://www.petroni.hr/proizvod/panti-vrata-nadogradnje-3/","308","/product/panti-vrata-nadogradnje-4x8-4-8-x4-cm","",""
"product-sitemap2.xml","https://www.petroni.hr/proizvod/panti-vrata-nadogradnje-2/","308","/product/panti-vrata-nadogradnje-4-5x11-5-4-8-x4-5-4cm","",""
"product-sitemap2.xml","https://www.petroni.hr/proizvod/panti-vrata-nadogradnje/","308","/product/panti-vrata-nadogradnje-7x20x7-4-9cm","",""
"product-sitemap2.xml","https://www.petroni.hr/proizvod/pipa-mjesalica-za-kupaonu-trend-reich/","308","/product/pipa-mjesalica-za-kupaonu-trend-e-reich","",""
"product-sitemap2.xml","https://www.petroni.hr/proizvod/mehanizam-ispusta-otpadne-vode-fap/","308","/product/mehanizam-ispusta-otpadne-vode-fap","",""
"product-sitemap2.xml","https://www.petroni.hr/en/product/rucica-ispusta-otpadne-vode-za-kamper/","308","/product/rucica-ispusta-otpadne-vode-za-kamper?lang=en","en",""
"product-sitemap2.xml","https://www.petroni.hr/proizvod/rucica-ispusta-otpadne-vode-za-kamper/","308","/product/rucica-ispusta-otpadne-vode-za-kamper","",""
"product-sitemap2.xml","https://www.petroni.hr/en/product/sipke-rotacijske-sa-kukicama-za-push-bravicu/","308","/product/sipke-rotacijske-sa-kukicama-za-push-bravicu?lang=en","en",""
"product-sitemap2.xml","https://www.petroni.hr/proizvod/sipke-rotacijske-sa-kukicama-za-push-bravicu/","308","/product/sipke-rotacijske-sa-kukicama-za-push-bravicu","",""
"product-sitemap2.xml","https://www.petroni.hr/proizvod/kartusa-za-pipu-fi-40mm/","308","/product/kartusa-za-pipu-fi-40mm","",""
"product-sitemap2.xml","https://www.petroni.hr/proizvod/kartusa-za-pipu-fi-35/","308","/product/kartusa-za-pipu-fi-35","",""
"product-sitemap2.xml","https://www.petroni.hr/proizvod/kartusa-za-pipu-reich-fi-25/","308","/product/kartusa-za-pipu-reich-fi-25","",""
"product-sitemap2.xml","https://www.petroni.hr/proizvod/cep-ispusta-spremnika-otpadne-vode-fap/","308","/product/cep-ispusta-spremnika-otpadne-vode-fap","",""
"product-sitemap2.xml","https://www.petroni.hr/proizvod/spojnica-za-vodu-y-10mm/","308","/product/spojnica-za-vodu-y-10mm","",""
"product-sitemap2.xml","https://www.petroni.hr/en/product/spojnica-za-vodu-y-10mm/","308","/product/spojnica-za-vodu-y-10mm?lang=en","en",""
"product-sitemap2.xml","https://www.petroni.hr/proizvod/brtvilo-cepa-spremnika-za-vodu-fi-1500/","308","/product/brtvilo-cepa-spremnika-za-vodu-fi-150","",""
"product-sitemap2.xml","https://www.petroni.hr/proizvod/spojnica-cijevi-jg-12mm-na-cijev-12mm/","308","/product/spojka-cijevi-jg-12mm-na-cijev-12mm","",""
"product-sitemap2.xml","https://www.petroni.hr/en/product/spojnica-cijevi-jg-12mm-na-cijev-12mm/","308","/product/spojka-cijevi-jg-12mm-na-cijev-12mm?lang=en","en",""
"product-sitemap2.xml","https://www.petroni.hr/proizvod/spojnica-cijevi-jg-12mm-na-10mm-crijevo/","308","/product/spojka-cijevi-jg-12mm-na-10mm-crijevo","",""
"product-sitemap2.xml","https://www.petroni.hr/en/product/spojnica-cijevi-jg-12mm-na-10mm-crijevo/","308","/product/spojka-cijevi-jg-12mm-na-10mm-crijevo?lang=en","en",""
"product-sitemap2.xml","https://www.petroni.hr/proizvod/spremnik-ciste-vode-fiamma-23-lit/","308","/product/spremnik-ciste-vode-fiamma-23-lit","",""
"product-sitemap2.xml","https://www.petroni.hr/en/product/spremnik-ciste-vode-fiamma-23-lit/","308","/product/spremnik-ciste-vode-fiamma-23-lit?lang=en","en",""
"product-sitemap2.xml","https://www.petroni.hr/en/product/set-za-opskrbu-vodom/","308","/product/set-za-opskrbu-vodom?lang=en","en",""
"product-sitemap2.xml","https://www.petroni.hr/proizvod/set-za-opskrbu-vodom/","308","/product/set-za-opskrbu-vodom","",""
"product-sitemap2.xml","https://www.petroni.hr/proizvod/kuhalo-na-spirit-etilni-alkohol/","308","/product/kuhalo-na-spirit-etilni-alkohol","",""
"product-sitemap2.xml","https://www.petroni.hr/proizvod/podloska-drzaca-vrata/","308","/product/podloska-drzaca-vrata","",""
"product-sitemap2.xml","https://www.petroni.hr/proizvod/hvatac-drzac-vrata/","308","/product/hvatac-drzac-vrata-2-kom","",""
"product-sitemap2.xml","https://www.petroni.hr/proizvod/crijevo-za-vodu-na-kolutu-15m-3-komore/","308","/product/crijevo-za-vodu-na-kolutu-15m-3-komore","",""
"product-sitemap2.xml","https://www.petroni.hr/proizvod/filter-za-vodu-shurflo-2/","308","/product/filter-za-vodu-shurflo-7064","",""
"product-sitemap2.xml","https://www.petroni.hr/en/product/sklopka-membranska-10-12mm/","308","/product/sklopka-membranska-10-12mm?lang=en","en",""
"product-sitemap2.xml","https://www.petroni.hr/proizvod/sklopka-membranska-10-12mm/","308","/product/sklopka-membranska-10-12mm","",""
"product-sitemap2.xml","https://www.petroni.hr/proizvod/brava-ulaznih-vrata-fap-2/","308","/product/brava-ulaznih-vrata-fap-7045","",""
"product-sitemap2.xml","https://www.petroni.hr/en/product/rucica-za-ormaric-rimor/","308","/product/rucica-za-ormaric-rimor?lang=en","en",""
"product-sitemap2.xml","https://www.petroni.hr/proizvod/rucica-za-ormaric-rimor/","308","/product/rucica-za-ormaric-rimor","",""
"product-sitemap2.xml","https://www.petroni.hr/proizvod/brava-ulaznih-vrata-zadi/","308","/product/brava-ulaznih-vrata-zadi","",""
"product-sitemap2.xml","https://www.petroni.hr/proizvod/brava-ulaznih-vrata-zadi-kpl/","308","/product/brava-ulaznih-vrata-zadi-kpl","",""
"product-sitemap2.xml","https://www.petroni.hr/proizvod/podloska-za-nutarnji-dio-brave-fap/","308","/product/podloska-za-nutarnji-dio-brave-fap","",""
"product-sitemap2.xml","https://www.petroni.hr/proizvod/brava-ulaznih-vrata-fap/","308","/product/brava-ulaznih-vrata-fap","",""
"product-sitemap2.xml","https://www.petroni.hr/proizvod/kljuc-cilindra-fap-hsc/","308","/product/kljuc-cilindra-fap-hsc","",""
"product-sitemap2.xml","https://www.petroni.hr/proizvod/cep-za-vodu-sa-poklopcem/","308","/product/cep-za-vodu-zadi-sa-poklopcem-i-kljucem","",""
"product-sitemap2.xml","https://www.petroni.hr/proizvod/cep-za-vodu-i-gorivo-crni/","308","/product/cep-za-vodu-i-gorivo-crni","",""
"product-sitemap2.xml","https://www.petroni.hr/proizvod/cep-za-spremnik-vode-sa-2-kljuca-bijeli/","308","/product/cep-za-spremnik-vode-sa-2-kljuca-bijeli","",""
"product-sitemap2.xml","https://www.petroni.hr/proizvod/prihvat-noge-stola-fi-19-70mm/","308","/product/prihvat-noge-stola-fi-19-70mm","",""
"product-sitemap2.xml","https://www.petroni.hr/en/product/prihvat-noge-stola-fi-19-70mm/","308","/product/prihvat-noge-stola-fi-19-70mm?lang=en","en",""
"product-sitemap2.xml","https://www.petroni.hr/en/product/prihvat-stola-za-zidnu-sinu-u-kamp-vozilu/","308","/product/prihvat-stola-za-zidnu-sinu-u-kamp-vozilu?lang=en","en",""
"product-sitemap2.xml","https://www.petroni.hr/proizvod/prihvat-stola-za-zidnu-sinu-u-kamp-vozilu/","308","/product/prihvat-stola-za-zidnu-sinu-u-kamp-vozilu","",""
"product-sitemap2.xml","https://www.petroni.hr/proizvod/drzac-noge-tende-fiamma-f45-til-lijeva/","308","/product/drzac-noge-tende-fiamma-f45-til-lijeva","",""
"product-sitemap2.xml","https://www.petroni.hr/proizvod/drzac-noge-tende-fiamma-f45-til-desna/","308","/product/drzac-noge-tende-fiamma-f45-til-desna","",""
"product-sitemap2.xml","https://www.petroni.hr/proizvod/resetka-ventilacije-sa-mrezicom-air-170cm3/","308","/product/resetka-ventilacije-sa-mrezicom-air-170cm3","",""
"product-sitemap2.xml","https://www.petroni.hr/en/product/resetka-ventilacije-sa-mrezicom-air-170cm3/","308","/product/resetka-ventilacije-sa-mrezicom-air-170cm3?lang=en","en",""
"product-sitemap2.xml","https://www.petroni.hr/en/product/sipka-sigurnosna-protuprovalna-fiamma-duo-safe/","308","/product/sipka-sigurnosna-protuprovalna-fiamma-duo-safe?lang=en","en",""
"product-sitemap2.xml","https://www.petroni.hr/proizvod/noga-stola-preklopnog-675mm/","308","/product/noga-stola-preklopnog-675mm","",""
"product-sitemap2.xml","https://www.petroni.hr/proizvod/noga-stola-preklopnog-dvostruka-720mm/","308","/product/noga-stola-preklopnog-dvostruka-720mm","",""
"product-sitemap2.xml","https://www.petroni.hr/proizvod/vijak-l-za-stezaljku-mehanizma-pomocnog-kotaca/","308","/product/vijak-l-za-stezaljku-mehanizma-pomocnog-kotaca","",""
"product-sitemap2.xml","https://www.petroni.hr/en/product/vijak-l-za-stezaljku-mehanizma-pomocnog-kotaca/","308","/product/vijak-l-za-stezaljku-mehanizma-pomocnog-kotaca?lang=en","en",""
"product-sitemap2.xml","https://www.petroni.hr/proizvod/amortizer-naletne-kocnice-al-ko/","308","/product/amortizer-naletne-kocnice-al-ko","",""
"product-sitemap2.xml","https://www.petroni.hr/proizvod/pomocni-kotac-sa-mehanizmon-za-podizanje-jockey-wheel/","308","/product/kotac-pomocni-sa-mehanizmom-za-podizanje-jockey-wheel","",""
"product-sitemap2.xml","https://www.petroni.hr/proizvod/kotac-pomocni-za-jockey-wheel/","308","/product/kotac-pomocni-za-jockey-wheel","",""
"product-sitemap2.xml","https://www.petroni.hr/proizvod/zglob-noge-za-tendu-fiamma-f45il-f65/","308","/product/zglob-noge-za-tendu-fiamma-f45il-f65","",""
"product-sitemap2.xml","https://www.petroni.hr/en/product/zglob-noge-za-tendu-fiamma-f45il-f65/","308","/product/zglob-noge-za-tendu-fiamma-f45il-f65?lang=en","en",""
"product-sitemap2.xml","https://www.petroni.hr/proizvod/drzac-noge-tende-fiamma-f45s-desni/","308","/product/drzac-noge-tende-fiamma-f45s-desni","",""
"product-sitemap2.xml","https://www.petroni.hr/proizvod/zglob-noge-za-tendu-fiamma-f45iti-2/","308","/product/zglob-noge-za-tendu-fiamma-f45i-ti-6768","",""
"product-sitemap2.xml","https://www.petroni.hr/en/product/zglob-noge-za-tendu-fiamma-f45iti-2/","308","/product/zglob-noge-za-tendu-fiamma-f45i-ti-6768?lang=en","en",""
"product-sitemap2.xml","https://www.petroni.hr/proizvod/zglob-noge-za-tendu-fiamma-f45iti/","308","/product/zglob-noge-za-tendu-fiamma-f45i-ti","",""
"product-sitemap2.xml","https://www.petroni.hr/en/product/zglob-noge-za-tendu-fiamma-f45iti/","308","/product/zglob-noge-za-tendu-fiamma-f45i-ti?lang=en","en",""
"product-sitemap2.xml","https://www.petroni.hr/proizvod/vijak-za-nogu-tende-fiamma/","308","/product/vijak-za-nogu-tende-fiamma","",""
"product-sitemap2.xml","https://www.petroni.hr/en/product/vijak-za-nogu-tende-fiamma/","308","/product/vijak-za-nogu-tende-fiamma?lang=en","en",""
"product-sitemap2.xml","https://www.petroni.hr/proizvod/kapa-zavrsna-za-tendu-fiamma-f65-polar-2/","308","/product/kapa-zavrsna-za-tendu-fiamma-f65-polar-6759","",""
"product-sitemap2.xml","https://www.petroni.hr/proizvod/kapa-zavrsna-za-tendu-fiamma-f65-polar/","308","/product/kapa-zavrsna-za-tendu-fiamma-f65-polar","",""
"product-sitemap2.xml","https://www.petroni.hr/proizvod/kape-zavrsne-za-tendu-omnistor-5003-bijele-ld/","308","/product/kape-zavrsne-za-tendu-omnistor-5003-bijele-l-d","",""
"product-sitemap2.xml","https://www.petroni.hr/proizvod/adapter-za-prihvat-tende-fiamma-f65-top/","308","/product/adapter-za-tendu-fiamma-f65-top","",""
"product-sitemap2.xml","https://www.petroni.hr/proizvod/profil-protiv-curenja-vode-fiamma-drip-stop-300/","308","/product/profil-protiv-curenja-vode-fiamma-drip-stop-300","",""
"product-sitemap2.xml","https://www.petroni.hr/en/product/profil-protiv-curenja-vode-fiamma-drip-stop-300/","308","/product/profil-protiv-curenja-vode-fiamma-drip-stop-300?lang=en","en",""
"product-sitemap2.xml","https://www.petroni.hr/en/product/set-za-popravak-tendi-fiamma/","308","/product/set-za-popravak-tendi-fiamma?lang=en","en",""
"product-sitemap2.xml","https://www.petroni.hr/proizvod/cijev-ispuha-truma-aa3-fi-55/","308","/product/cijev-ispuha-truma-aa3-fi-55","",""
"product-sitemap2.xml","https://www.petroni.hr/proizvod/drzac-vrata-trigano/","308","/product/drzac-vrata-trigano-sa-podloznom-plocom","",""
"product-sitemap2.xml","https://www.petroni.hr/proizvod/brava-servisnih-vrata-zadi-push/","308","/product/brava-servisnih-vrata-zadi-push","",""
"product-sitemap2.xml","https://www.petroni.hr/proizvod/svjetlo-stop-trece-led-310x25x15mm-zadi/","308","/product/svjetlo-stop-trece-led-310x25x15mm-zadi","",""
"product-sitemap2.xml","https://www.petroni.hr/en/product/svjetlo-stop-trece-led-310x25x15mm-zadi/","308","/product/svjetlo-stop-trece-led-310x25x15mm-zadi?lang=en","en",""
"product-sitemap2.xml","https://www.petroni.hr/en/product/ruka-tende-fiamma-f45i-il-lijeva/","308","/product/ruka-tende-fiamma-f45i-il-lijeva?lang=en","en",""
"product-sitemap2.xml","https://www.petroni.hr/proizvod/ruka-tende-fiamma-f45s-lijeva/","308","/product/ruka-tende-fiamma-f45s-lijeva","",""
"product-sitemap2.xml","https://www.petroni.hr/en/product/ruka-tende-fiamma-f45s-lijeva/","308","/product/ruka-tende-fiamma-f45s-lijeva?lang=en","en",""
"product-sitemap2.xml","https://www.petroni.hr/proizvod/zatezac-tende-fiamma-caravanstore/","308","/product/zatezac-tende-fiamma-caravanstore","",""
"product-sitemap2.xml","https://www.petroni.hr/en/product/zatezac-tende-fiamma-caravanstore/","308","/product/zatezac-tende-fiamma-caravanstore?lang=en","en",""
"product-sitemap2.xml","https://www.petroni.hr/proizvod/kapa-ukrasna-zavrsetak-lajsne-par/","308","/product/kapa-ukrasna-zavrsetak-lajsne-par","",""
"product-sitemap2.xml","https://www.petroni.hr/proizvod/podizac-prozora-cjevasti-polyplast-230mm-desni/","308","/product/podizac-prozora-cjevasti-polyplast-230mm-desni","",""
"product-sitemap2.xml","https://www.petroni.hr/proizvod/amortizer-vrata-namjestaja-53x25/","308","/product/amortizer-vrata-namjestaja-53x25","",""
"product-sitemap2.xml","https://www.petroni.hr/en/product/sina-za-bicikl-fiamma-128cm-crvena/","308","/product/sina-za-bicikl-fiamma-128cm-crna?lang=en","en",""
"product-sitemap2.xml","https://www.petroni.hr/proizvod/sina-za-bicikl-fiamma-128cm-crvena/","308","/product/sina-za-bicikl-fiamma-128cm-crna","",""
"product-sitemap2.xml","https://www.petroni.hr/proizvod/nosac-za-bicikle-fiamma-carry-bike-ul-za-2-bicikla/","308","/product/nosac-za-bicikle-fiamma-carry-bike-ul-za-2-bicikla","",""
"product-sitemap2.xml","https://www.petroni.hr/proizvod/prekrivac-zastitni-za-bicikle-thule/","308","/product/prekrivac-zastitni-za-bicikle-thule","",""
"product-sitemap2.xml","https://www.petroni.hr/en/product/prekrivac-zastitni-za-bicikle-thule/","308","/product/prekrivac-zastitni-za-bicikle-thule?lang=en","en",""
"product-sitemap2.xml","https://www.petroni.hr/proizvod/keder-5mm-sa-usicom-set/","308","/product/keder-5mm-sa-usicom-set","",""
"product-sitemap2.xml","https://www.petroni.hr/proizvod/cep-plasticni-za-cijevi-fi-22-set/","308","/product/cep-plasticni-za-cijevi-fi-22-set","",""
"product-sitemap2.xml","https://www.petroni.hr/proizvod/podizac-prozora-t-za-plastoform-220mm-lijevi/","308","/product/podizac-prozora-t-za-plastoform-220mm-lijevi","",""
"product-sitemap2.xml","https://www.petroni.hr/proizvod/podizac-prozora-t-za-plastoform-230mm-desni/","308","/product/podizac-prozora-t-za-plastoform-220mm-desni","",""
"product-sitemap2.xml","https://www.petroni.hr/en/product/rucica-za-zatvaranje-seitz-s7-prozora/","308","/product/rucica-za-zatvaranje-seitz-s7-prozora?lang=en","en",""
"product-sitemap2.xml","https://www.petroni.hr/proizvod/rucica-za-zatvaranje-seitz-s7-prozora/","308","/product/rucica-za-zatvaranje-seitz-s7-prozora","",""
"product-sitemap2.xml","https://www.petroni.hr/en/product/rucica-za-zatvaranje-seitz-s3-s4-prozora-2/","308","/product/rucica-za-zatvaranje-seitz-s3-s4-prozora-lijeva?lang=en","en",""
"product-sitemap2.xml","https://www.petroni.hr/proizvod/rucica-za-zatvaranje-seitz-s3-s4-prozora-2/","308","/product/rucica-za-zatvaranje-seitz-s3-s4-prozora-lijeva","",""
"product-sitemap2.xml","https://www.petroni.hr/en/product/rucica-za-zatvaranje-seitz-s3-s4-prozora/","308","/product/rucica-za-zatvaranje-seitz-s3-s4-prozora?lang=en","en",""
"product-sitemap2.xml","https://www.petroni.hr/proizvod/rucica-za-zatvaranje-seitz-s3-s4-prozora/","308","/product/rucica-za-zatvaranje-seitz-s3-s4-prozora","",""
"product-sitemap2.xml","https://www.petroni.hr/proizvod/podizac-prozora-cijevni-polyplast-300mm-desni/","308","/product/podizac-prozora-cijevni-polyplast-300mm-desni","",""
"product-sitemap2.xml","https://www.petroni.hr/proizvod/protuprovalni-kit-za-vrata-fiamma-safe-pack/","308","/product/protuprovalni-kit-za-vrata-fiamma-safe-pack","",""
"product-sitemap2.xml","https://www.petroni.hr/en/product/protuprovalni-kit-za-vrata-fiamma-safe-pack/","308","/product/protuprovalni-kit-za-vrata-fiamma-safe-pack?lang=en","en",""
"product-sitemap2.xml","https://www.petroni.hr/proizvod/podizac-prozora-cjevasti-na-vijak-polyplast/","308","/product/podizac-prozora-cjevasti-na-vijak-polyplast","",""
"product-sitemap2.xml","https://www.petroni.hr/proizvod/klinovi-za-nivelatore/","308","/product/klinovi-za-nivelatore","",""
"product-sitemap2.xml","https://www.petroni.hr/proizvod/nivelatori-reimo-do-3-tone/","308","/product/nivelatori-reimo-do-3-tone","",""
"product-sitemap2.xml","https://www.petroni.hr/proizvod/podlozak-za-gume-kotace/","308","/product/podlozak-za-gume-kotace","",""
"product-sitemap2.xml","https://www.petroni.hr/proizvod/klinovi-podlozni-za-cuvanje-guma-froli/","308","/product/klinovi-podlozni-za-cuvanje-guma-froli","",""
"product-sitemap2.xml","https://www.petroni.hr/proizvod/tekucina-za-ciscenje-caravan-elixier-yachticon/","308","/product/tekucina-za-ciscenje-caravan-elixier-yachticon","",""
"product-sitemap2.xml","https://www.petroni.hr/en/product/tekucina-za-ciscenje-caravan-elixier-yachticon/","308","/product/tekucina-za-ciscenje-caravan-elixier-yachticon?lang=en","en",""
"product-sitemap2.xml","https://www.petroni.hr/proizvod/tekucina-za-otklanjanje-necistoca-crnih-kisnih-crta/","308","/product/tekucina-za-otklanjanje-necistoca-crnih-kisnih-crta","",""
"product-sitemap2.xml","https://www.petroni.hr/en/product/tekucina-za-otklanjanje-necistoca-crnih-kisnih-crta/","308","/product/tekucina-za-otklanjanje-necistoca-crnih-kisnih-crta?lang=en","en",""
"product-sitemap2.xml","https://www.petroni.hr/proizvod/sator-za-plazu-skoljka-exclusiv/","308","/product/sator-za-plazu-skoljka-exclusiv","",""
"product-sitemap2.xml","https://www.petroni.hr/en/product/sator-za-plazu-skoljka-exclusiv/","308","/product/sator-za-plazu-skoljka-exclusiv?lang=en","en",""
"product-sitemap2.xml","https://www.petroni.hr/proizvod/podizac-cjevasti-za-prozor-compas-200mm/","308","/product/podizac-cjevasti-za-prozor-compas-200mm","",""
"product-sitemap2.xml","https://www.petroni.hr/proizvod/podizac-cjevasti-za-seitz-dometic-s3-s4-prozor-l/","308","/product/podizac-cjevasti-za-seitz-dometic-s3-s4-prozor-l","",""
"product-sitemap2.xml","https://www.petroni.hr/proizvod/podizac-prozora-cjevasti-za-seitz-dometic-s6-ld/","308","/product/podizac-prozora-cjevasti-za-seitz-dometic-s6-l-d","",""
"product-sitemap2.xml","https://www.petroni.hr/proizvod/podizac-prozora-cjevasti-za-seitz-dometic-285mm-par/","308","/product/podizac-prozora-cjevasti-za-seitz-dometic-285mm-par","",""
"product-sitemap2.xml","https://www.petroni.hr/proizvod/podizac-prozora-cjevasti-seitz-serie-6m-desni/","308","/product/podizac-prozora-cjevasti-seitz-serie-6m-desni","",""
"product-sitemap2.xml","https://www.petroni.hr/en/product/retrovizor-unutarnji-za-nadzor-unutrasnjosti-vozila/","308","/product/retrovizor-unutarnji-za-nadzor-unutrasnjosti-vozila?lang=en","en",""
"product-sitemap2.xml","https://www.petroni.hr/proizvod/retrovizor-unutarnji-za-nadzor-unutrasnjosti-vozila/","308","/product/retrovizor-unutarnji-za-nadzor-unutrasnjosti-vozila","",""
"product-sitemap2.xml","https://www.petroni.hr/en/product/posude-melamin-brunner-esprit/","308","/product/posude-melamin-brunner-esprit?lang=en","en",""
"product-sitemap2.xml","https://www.petroni.hr/proizvod/posude-melamin-brunner-esprit/","308","/product/posude-melamin-brunner-esprit","",""
"product-sitemap2.xml","https://www.petroni.hr/proizvod/ocjedivac-za-posude-wing/","308","/product/ocjedivac-za-posude-wing","",""
"product-sitemap2.xml","https://www.petroni.hr/proizvod/poklopac-grijalice-zraka-truma-s3004/","308","/product/resetka-grijalice-zraka-truma-s3004","",""
"product-sitemap2.xml","https://www.petroni.hr/en/product/poklopac-grijalice-zraka-truma-s3004/","308","/product/resetka-grijalice-zraka-truma-s3004?lang=en","en",""
"product-sitemap2.xml","https://www.petroni.hr/proizvod/casa-plasticna-03-lit-set-4-kom/","308","/product/casa-plasticna-0-3-lit-set-4-kom","",""
"product-sitemap2.xml","https://www.petroni.hr/en/product/salice-za-kavu-03-lit-melamin/","308","/product/salice-za-kavu-0-3-lit-melamin-2-kom?lang=en","en",""
"product-sitemap2.xml","https://www.petroni.hr/proizvod/salice-za-kavu-03-lit-melamin/","308","/product/salice-za-kavu-0-3-lit-melamin-2-kom","",""
"product-sitemap2.xml","https://www.petroni.hr/proizvod/salica-za-kavu-03-l/","308","/product/salica-za-kavu-0-3-l","",""
"product-sitemap2.xml","https://www.petroni.hr/en/product/salica-za-kavu-03-l/","308","/product/salica-za-kavu-0-3-l?lang=en","en",""
"product-sitemap2.xml","https://www.petroni.hr/proizvod/tank-freshener-thetford-15-lit/","308","/product/tank-freshener-thetford-1-5-lit","",""
"product-sitemap2.xml","https://www.petroni.hr/en/product/tank-freshener-thetford-15-lit/","308","/product/tank-freshener-thetford-1-5-lit?lang=en","en",""
"product-sitemap2.xml","https://www.petroni.hr/proizvod/stepenica-ulazna/","308","/product/stepenica-ulazna-fiamma-step-platinium","",""
"product-sitemap2.xml","https://www.petroni.hr/en/product/stepenica-ulazna/","308","/product/stepenica-ulazna-fiamma-step-platinium?lang=en","en",""
"product-sitemap2.xml","https://www.petroni.hr/proizvod/spojnica-l-90za-plinsku-instalaciju/","308","/product/spojnica-l-90za-plinsku-instalaciju","",""
"product-sitemap2.xml","https://www.petroni.hr/en/product/spojnica-l-90za-plinsku-instalaciju/","308","/product/spojnica-l-90za-plinsku-instalaciju?lang=en","en",""
"product-sitemap2.xml","https://www.petroni.hr/proizvod/regulator-plina-ps-16-bara-30-mbar-12-kg-h/","308","/product/regulator-plina-ps-16-bara-30-mbar-1-2-kg-h","",""
"product-sitemap2.xml","https://www.petroni.hr/en/product/regulator-plina-ps-16-bara-30-mbar-12-kg-h/","308","/product/regulator-plina-ps-16-bara-30-mbar-1-2-kg-h?lang=en","en",""
"product-sitemap2.xml","https://www.petroni.hr/proizvod/plinski-ventil-blok-vk2-2x-ulaz-8-mm-2-zaporna-ventila/","308","/product/plinski-ventil-blok-vk2-2x-ulaz-8-mm-2-zaporna-ventila","",""
"product-sitemap2.xml","https://www.petroni.hr/proizvod/tus-vanjski-prikljucak-crijevo-2-m/","308","/product/tus-vanjski-prikljucak-crijevo-2-m","",""
"product-sitemap2.xml","https://www.petroni.hr/en/product/tus-vanjski-prikljucak-crijevo-2-m/","308","/product/tus-vanjski-prikljucak-crijevo-2-m?lang=en","en",""
"product-sitemap2.xml","https://www.petroni.hr/proizvod/pipa-za-vodu-12v-trend-a-chrom/","308","/product/pipa-za-vodu-12v-trend-a-chrom","",""
"product-sitemap2.xml","https://www.petroni.hr/proizvod/pipa-za-vodu-reich-crom/","308","/product/pipa-za-vodu-reich-crom-12v","",""
"product-sitemap2.xml","https://www.petroni.hr/en/product/kuke-za-rolo-zavjese-set/","308","/product/zakacka-za-rolo-zavjese-seitz-set?lang=en","en",""
"product-sitemap2.xml","https://www.petroni.hr/proizvod/kotac-pomocni-200x50-jockey-wheel/","308","/product/kotac-pomocni-200x50-jockey-wheel","",""
"product-sitemap2.xml","https://www.petroni.hr/en/product/kotac-pomocni-200x50-jockey-wheel/","308","/product/kotac-pomocni-200x50-jockey-wheel?lang=en","en",""
"product-sitemap2.xml","https://www.petroni.hr/proizvod/poklopac-kante-za-pranje-posuda-fi-35-crni/","308","/product/poklopac-kante-za-pranje-posuda-fi-35-crni","",""
"product-sitemap2.xml","https://www.petroni.hr/en/product/poklopac-kante-za-pranje-posuda-fi-35-crni/","308","/product/poklopac-kante-za-pranje-posuda-fi-35-crni?lang=en","en",""
"product-sitemap2.xml","https://www.petroni.hr/proizvod/svjetiljka-led-500-lumena/","308","/product/svjetiljka-led-4000mah-500lm","",""
"product-sitemap2.xml","https://www.petroni.hr/en/product/svjetiljka-led-500-lumena/","308","/product/svjetiljka-led-4000mah-500lm?lang=en","en",""
"product-sitemap2.xml","https://www.petroni.hr/proizvod/spremnik-otpadne-vode-fiamma-40-lit/","308","/product/spremnik-otpadne-vode-fiamma-40-lit","",""
"product-sitemap2.xml","https://www.petroni.hr/en/product/spremnik-otpadne-vode-fiamma-40-lit/","308","/product/spremnik-otpadne-vode-fiamma-40-lit?lang=en","en",""
"product-sitemap2.xml","https://www.petroni.hr/en/product/stolica-kamperska-brunner-raptor-3/","308","/product/stolica-kamperska-brunner-raptor?lang=en","en",""
"product-sitemap2.xml","https://www.petroni.hr/proizvod/stolica-kamperska-brunner-raptor-3/","308","/product/stolica-kamperska-brunner-raptor","",""
"product-sitemap2.xml","https://www.petroni.hr/proizvod/spremnik-otpadne-vode-18-lit/","308","/product/spremnik-otpadne-vode-18-lit","",""
"product-sitemap2.xml","https://www.petroni.hr/en/product/spremnik-otpadne-vode-18-lit/","308","/product/spremnik-otpadne-vode-18-lit?lang=en","en",""
"product-sitemap2.xml","https://www.petroni.hr/proizvod/prozor-bocni-seitz-dometic-s4-700x300/","308","/product/prozor-bocni-seitz-dometic-s4-700x300","",""
"product-sitemap2.xml","https://www.petroni.hr/en/product/prozor-bocni-seitz-dometic-s4-700x300/","308","/product/prozor-bocni-seitz-dometic-s4-700x300?lang=en","en",""
"product-sitemap2.xml","https://www.petroni.hr/proizvod/prozor-krovni-fiamma-turbo-vent-12v-40x40/","308","/product/prozor-krovni-fiamma-turbo-vent-12v-40x40","",""
"product-sitemap2.xml","https://www.petroni.hr/en/product/prozor-krovni-fiamma-turbo-vent-12v-40x40/","308","/product/prozor-krovni-fiamma-turbo-vent-12v-40x40?lang=en","en",""
"product-sitemap2.xml","https://www.petroni.hr/proizvod/rostilj-cadac-plinski-set-50-mbr/","308","/product/rostilj-cadac-plinski-set-50-mbr","",""
"product-sitemap2.xml","https://www.petroni.hr/en/product/rostilj-cadac-plinski-set-50-mbr/","308","/product/rostilj-cadac-plinski-set-50-mbr?lang=en","en",""
"product-sitemap2.xml","https://www.petroni.hr/proizvod/okvir-unutarnji-za-prozor-700x300-seitz-s4s3/","308","/product/okvir-unutarnji-za-prozor-700x300-seitz-s4-s3","",""
"product-sitemap2.xml","https://www.petroni.hr/en/product/tenda-dometic-pw1100-35m/","410","","","removed_product"
"product-sitemap2.xml","https://www.petroni.hr/proizvod/prozor-krovni-28x28-mpk/","308","/product/prozor-krovni-28x28-mpk","",""
"product-sitemap2.xml","https://www.petroni.hr/en/product/prozor-krovni-28x28-mpk/","308","/product/prozor-krovni-28x28-mpk?lang=en","en",""
"product-sitemap2.xml","https://www.petroni.hr/proizvod/prozor-bocni-500x450-carbest-sa-okvirom/","308","/product/prozor-bocni-500x450-carbest-sa-okvirom","",""
"product-sitemap2.xml","https://www.petroni.hr/en/product/prozor-bocni-500x450-carbest-sa-okvirom/","308","/product/prozor-bocni-500x450-carbest-sa-okvirom?lang=en","en",""
"product-sitemap2.xml","https://www.petroni.hr/proizvod/solarni-sustav-cb100-slim-12v-100w/","308","/product/solarni-sustav-cb140-carbest-12v-140w","",""
"product-sitemap2.xml","https://www.petroni.hr/proizvod/pumpa-za-vodu-carbest-12v-7-lit-min/","308","/product/pumpa-za-vodu-carbest-12v-7-lit-min","",""
"product-sitemap2.xml","https://www.petroni.hr/proizvod/okretna-konzola-za-prednja-sjedala-iveco-daily-2000-2/","308","/product/konzola-okretna-za-prednja-sjedala-iveco-daily-2000","",""
"product-sitemap2.xml","https://www.petroni.hr/proizvod/podizac-prozora-cjevasti-polyplast/","308","/product/podizac-prozora-cjevasti-polyplast-135mm-lijevi","",""
"product-sitemap2.xml","https://www.petroni.hr/proizvod/podizac-prozora-cjevasti-polyplast-135mm-desni/","308","/product/podizac-prozora-cjevasti-polyplast-135mm-desni","",""
"product-sitemap2.xml","https://www.petroni.hr/proizvod/klema-t-plasticna-za-cijevi-fi-22-mm-set/","308","/product/klema-t-plasticna-za-cijevi-fi-22-mm-set","",""
"product-sitemap2.xml","https://www.petroni.hr/proizvod/podizac-cjevasti-za-seitz-dometic-s6-prozor-par/","308","/product/podizac-cjevasti-za-seitz-dometic-s6-prozor-par","",""
"product-sitemap2.xml","https://www.petroni.hr/proizvod/prozor-bocni-sa-okvirom-acrylight-700x500/","308","/product/prozor-bocni-sa-okvirom-acrylight-700x500","",""
"product-sitemap2.xml","https://www.petroni.hr/proizvod/stepenice-ulazne-manulene-lippert-700mm-12473/","308","/product/stepenice-ulazne-manulene-lippert-700mm-12473","",""
"product-sitemap2.xml","https://www.petroni.hr/proizvod/stednjak-can-2-plamenika-sudoper/","308","/product/stednjak-can-2-plamenika-sudoper","",""
"product-sitemap2.xml","https://www.petroni.hr/proizvod/adapter-za-tendu-thule-6200-6300/","308","/product/adapter-za-tendu-thule-6200-6300-master","",""
"product-sitemap2.xml","https://www.petroni.hr/proizvod/profil-kutni-90-25m-sivi-alu-look-za-panele/","308","/product/profil-kutni-90-2-5m-sivi-alu-look-za-panele","",""
"product-sitemap2.xml","https://www.petroni.hr/proizvod/razdjelnik-na-mjesalici-vode-sa-perlatorom/","308","/product/razdjelnik-na-mjesalici-vode-sa-perlatorom","",""
"product-sitemap2.xml","https://www.petroni.hr/proizvod/profil-za-namjestaj-y-samoljepljivi/","308","/product/profil-za-namjestaj-y-samoljepljivi","",""
"product-sitemap2.xml","https://www.petroni.hr/proizvod/stednjak-plinski-dometic-hbg3445-3-plamenika/","308","/product/stednjak-plinski-dometic-hbg3445-3-plamenika","",""
"product-sitemap2.xml","https://www.petroni.hr/proizvod/staklo-bocno-lijevo-vw-t4-1990-2004/","308","/product/staklo-bocno-lijevo-vw-t4-1990-2004","",""
"product-sitemap2.xml","https://www.petroni.hr/proizvod/felga-aluminijska-rial-transporter-15-fiat-ducato/","308","/product/felga-aluminijska-rial-transporter-15-fiat-ducato","",""
"product-sitemap2.xml","https://www.petroni.hr/proizvod/solar-panel-130w-extrasun/","308","/product/solar-panel-130w-extrasun","",""
"product-sitemap2.xml","https://www.petroni.hr/proizvod/konzola-okretna-ford-transit-04-12-za-suvozacko-sjedalo/","308","/product/konzola-okretna-ford-transit-04-12-za-suvozacko-sjedalo","",""
"product-sitemap2.xml","https://www.petroni.hr/proizvod/konzola-okretna-ford-transit-04-12-za-vozacko-sjedalo/","308","/product/konzola-okretna-ford-transit-04-12-za-vozacko-sjedalo","",""
"product-sitemap2.xml","https://www.petroni.hr/proizvod/panel-sperploca-viseslojna-15mm-244x122cm-olive-hpl/","308","/product/panel-sperploca-viseslojna-15mm-244x122cm-olive-hpl","",""
"product-sitemap2.xml","https://www.petroni.hr/proizvod/prozor-bocni-nrf-europa-america-1000x500mm-bronze/","308","/product/prozor-bocni-nrf-europa-america-1000x500mm-bronze","",""
"product-sitemap2.xml","https://www.petroni.hr/proizvod/bravica-push-hafele-abs-crna/","308","/product/bravica-push-hafele-abs-crna","",""
"product-sitemap2.xml","https://www.petroni.hr/en/product/bravica-push-hafele-abs-crna/","308","/product/bravica-push-hafele-abs-crna?lang=en","en",""
"product-sitemap2.xml","https://www.petroni.hr/proizvod/konzola-okretna-za-fiat-ducato-x244-2002-2006/","308","/product/konzola-okretna-za-fiat-ducato-x244-2002-2006","",""
"product-sitemap2.xml","https://www.petroni.hr/en/product/konzola-okretna-za-fiat-ducato-x244-2002-2006/","308","/product/konzola-okretna-za-fiat-ducato-x244-2002-2006?lang=en","en",""
"product-sitemap2.xml","https://www.petroni.hr/proizvod/stolica-kamperska-westfield-vintage-grace/","308","/product/stolica-kamperska-westfield-vintage-grace","",""
"product-sitemap2.xml","https://www.petroni.hr/en/product/stolica-kamperska-westfield-vintage-grace/","308","/product/stolica-kamperska-westfield-vintage-grace?lang=en","en",""
"product-sitemap2.xml","https://www.petroni.hr/proizvod/baterija-akulumator-carbest-lifepo4-100ah/","308","/product/baterija-akumulator-carbest-lifepo4-100ah","",""
"product-sitemap2.xml","https://www.petroni.hr/en/product/baterija-akulumator-carbest-lifepo4-100ah/","308","/product/baterija-akumulator-carbest-lifepo4-100ah?lang=en","en",""
"product-sitemap2.xml","https://www.petroni.hr/proizvod/spremnik-za-otpadnu-vodu-za-renault-master-2010-67-litara/","308","/product/spremnik-za-otpadnu-vodu-za-renault-master-2010-67-litara","",""
"product-sitemap2.xml","https://www.petroni.hr/en/product/spremnik-za-otpadnu-vodu-za-renault-master-2010-67-litara/","308","/product/spremnik-za-otpadnu-vodu-za-renault-master-2010-67-litara?lang=en","en",""
"product-sitemap2.xml","https://www.petroni.hr/proizvod/obloga-izolacija-v-flex-pes-siva/","308","/product/obloga-izolacija-v-flex-pes-siva-2-7mm","",""
"product-sitemap2.xml","https://www.petroni.hr/en/product/obloga-izolacija-v-flex-pes-siva/","308","/product/obloga-izolacija-v-flex-pes-siva-2-7mm?lang=en","en",""
"product-sitemap2.xml","https://www.petroni.hr/proizvod/adapter-za-tandu-fiamma-f65l-f80s-univerzalni/","308","/product/adapter-za-tandu-fiamma-f65l-f80s-univerzalni","",""
"product-sitemap2.xml","https://www.petroni.hr/en/product/adapter-za-tandu-fiamma-f65l-f80s-univerzalni/","308","/product/adapter-za-tandu-fiamma-f65l-f80s-univerzalni?lang=en","en",""
"product-sitemap2.xml","https://www.petroni.hr/proizvod/profili-za-konstrukciju-kampera-zid-pod-38-x3-x-250cm-copy/","308","/product/profili-za-konstrukciju-kampera-zid-pod-3-8-x3-x-250cm-16598","",""
"product-sitemap2.xml","https://www.petroni.hr/en/product/profili-za-konstrukciju-kampera-zid-pod-38-x3-x-250cm-copy/","308","/product/profili-za-konstrukciju-kampera-zid-pod-3-8-x3-x-250cm-16598?lang=en","en",""
"product-sitemap2.xml","https://www.petroni.hr/proizvod/bravica-za-namjestaj-lilie-mot-3-bijela/","308","/product/bravica-za-namjestaj-lilie-mot-3-bijela","",""
"product-sitemap2.xml","https://www.petroni.hr/en/product/bravica-za-namjestaj-lilie-mot-3-bijela/","308","/product/bravica-za-namjestaj-lilie-mot-3-bijela?lang=en","en",""
"product-sitemap2.xml","https://www.petroni.hr/proizvod/spremnik-za-vodu-vw-t5-t6-6528-lit/","308","/product/spremnik-za-vodu-vw-t5-t6-65-28-lit","",""
"product-sitemap2.xml","https://www.petroni.hr/en/product/spremnik-za-vodu-vw-t5-t6-6528-lit/","308","/product/spremnik-za-vodu-vw-t5-t6-65-28-lit?lang=en","en",""
"product-sitemap2.xml","https://www.petroni.hr/en/product/prozor-bocni-616x650-bez-okvira-za-vanove-zad-vrata/","308","/product/prozor-bocni-816x650-bez-okvira-za-vanove-zad-vrata?lang=en","en",""
"product-sitemap2.xml","https://www.petroni.hr/proizvod/prozor-bocni-616x650-bez-okvira-za-vanove-zad-vrata/","308","/product/prozor-bocni-816x650-bez-okvira-za-vanove-zad-vrata","",""
"product-sitemap2.xml","https://www.petroni.hr/proizvod/tenda-dometic-pw1100-45m/","308","/product/tenda-dometic-pw1100-4-5m","",""
"product-sitemap2.xml","https://www.petroni.hr/en/product/tenda-dometic-pw1100-45m/","308","/product/tenda-dometic-pw1100-4-5m?lang=en","en",""
"product-sitemap2.xml","https://www.petroni.hr/proizvod/profil-brtveni-gumeni-za-vrata-kamp-vozila-8mm/","308","/product/profil-brtveni-gumeni-za-vrata-kamp-vozila-8mm","",""
"product-sitemap2.xml","https://www.petroni.hr/en/product/profil-brtveni-gumeni-za-vrata-kamp-vozila-8mm/","308","/product/profil-brtveni-gumeni-za-vrata-kamp-vozila-8mm?lang=en","en",""
"product-sitemap2.xml","https://www.petroni.hr/en/product/crijevo-za-ispust-otpadne-vode-300cm-kit-sanitary-flex/","308","/product/crijevo-za-ispust-otpadne-vode-300cm-kit-sanitary-flex?lang=en","en",""
"product-sitemap2.xml","https://www.petroni.hr/en/product/stol-kamperski-brunner-110x71cm-alu/","308","/product/stol-kamperski-brunner-110x71cm-alu?lang=en","en",""
"product-sitemap2.xml","https://www.petroni.hr/proizvod/spojler-za-tendu-fiamma/","308","/product/spojler-za-tendu-fiamma","",""
"product-sitemap2.xml","https://www.petroni.hr/en/product/spojler-za-tendu-fiamma/","308","/product/spojler-za-tendu-fiamma?lang=en","en",""
"product-sitemap2.xml","https://www.petroni.hr/proizvod/podizac-drzac-prozora-dometic-s3-s4-lijevi/","308","/product/podizac-drzac-prozora-dometic-s3-s4-lijevi","",""
"product-sitemap2.xml","https://www.petroni.hr/en/product/podizac-drzac-prozora-dometic-s3-s4-lijevi/","308","/product/podizac-drzac-prozora-dometic-s3-s4-lijevi?lang=en","en",""
"product-sitemap2.xml","https://www.petroni.hr/proizvod/pipa-mjesalica-za-hl-vodu-12v-delux-smeda/","308","/product/pipa-mjesalica-za-hl-vodu-12v-delux-smeda","",""
"product-sitemap2.xml","https://www.petroni.hr/en/product/pipa-mjesalica-za-hl-vodu-12v-delux-smeda/","308","/product/pipa-mjesalica-za-hl-vodu-12v-delux-smeda?lang=en","en",""
"product-sitemap2.xml","https://www.petroni.hr/proizvod/prikljucak-za-ispust-otpadne-vode-3-kutni/","308","/product/prikljucak-za-ispust-otpadne-vode-3-kutni","",""
"product-sitemap2.xml","https://www.petroni.hr/en/product/prikljucak-za-ispust-otpadne-vode-3-kutni/","308","/product/prikljucak-za-ispust-otpadne-vode-3-kutni?lang=en","en",""
"product-sitemap2.xml","https://www.petroni.hr/proizvod/hladnjak-thetford-n3141-140-lit-lijevi/","308","/product/hladnjak-thetford-n3141-140-lit-lijevi","",""
"product-sitemap2.xml","https://www.petroni.hr/en/product/hladnjak-thetford-n3141-140-lit-lijevi/","308","/product/hladnjak-thetford-n3141-140-lit-lijevi?lang=en","en",""
"product-sitemap2.xml","https://www.petroni.hr/proizvod/stednjak-thetford-330-3-plamenika-desni-crno-staklo/","308","/product/stednjak-thetford-330-3-plamenika-desni-crno-staklo","",""
"product-sitemap2.xml","https://www.petroni.hr/en/product/stednjak-thetford-330-3-plamenika-desni-crno-staklo/","308","/product/stednjak-thetford-330-3-plamenika-desni-crno-staklo?lang=en","en",""
"product-sitemap2.xml","https://www.petroni.hr/proizvod/wc-thetford-c250cs-basic/","308","/product/wc-thetford-c250cs-basic","",""
"product-sitemap2.xml","https://www.petroni.hr/en/product/wc-thetford-c250cs-basic/","308","/product/wc-thetford-c250cs-basic?lang=en","en",""
"product-sitemap2.xml","https://www.petroni.hr/proizvod/stednjak-thetford-330-3-plamenika-desni-tockasto-staklo/","308","/product/stednjak-thetford-330-3-plamenika-desni-tockasto-staklo","",""
"product-sitemap2.xml","https://www.petroni.hr/en/product/stednjak-thetford-330-3-plamenika-desni-tockasto-staklo/","308","/product/stednjak-thetford-330-3-plamenika-desni-tockasto-staklo?lang=en","en",""
"product-sitemap2.xml","https://www.petroni.hr/proizvod/termozastita-prednjeg-dijela-vw-crafter-man-tge-2017/","308","/product/termozastita-kabine-vw-crafter-man-tge-2017-13616","",""
"product-sitemap2.xml","https://www.petroni.hr/en/product/termozastita-prednjeg-dijela-vw-crafter-man-tge-2017/","308","/product/termozastita-kabine-vw-crafter-man-tge-2017-13616?lang=en","en",""
"product-sitemap2.xml","https://www.petroni.hr/en/product/ventil-ispusni-automatski-za-wc-kazetu-thetford/","308","/product/ventil-ispusni-automatski-za-wc-kazetu-thetford?lang=en","en",""
"product-sitemap2.xml","https://www.petroni.hr/proizvod/ventil-ispusni-automatski-za-wc-kazetu-thetford/","308","/product/ventil-ispusni-automatski-za-wc-kazetu-thetford","",""
"product-sitemap2.xml","https://www.petroni.hr/en/product/izolacija-akusticna-recyrex-120x80cm-35mm/","410","","","removed_product"
"product-sitemap2.xml","https://www.petroni.hr/en/product/obloge-straznjih-vrata-za-fiat-ducato-06/","308","/product/obloge-straznjih-vrata-za-fiat-ducato-06?lang=en","en",""
"product-sitemap2.xml","https://www.petroni.hr/proizvod/obloge-straznjih-vrata-za-fiat-ducato-06/","308","/product/obloge-straznjih-vrata-za-fiat-ducato-06","",""
"product-sitemap2.xml","https://www.petroni.hr/proizvod/resetka-ventilacije-220x385mm/","308","/product/resetka-ventilacije-220x385mm","",""
"product-sitemap2.xml","https://www.petroni.hr/en/product/resetka-ventilacije-220x385mm/","308","/product/resetka-ventilacije-220x385mm?lang=en","en",""
"product-sitemap2.xml","https://www.petroni.hr/proizvod/vrata-servisna-640x400-komplet/","308","/product/vrata-servisna-640x400-komplet","",""
"product-sitemap2.xml","https://www.petroni.hr/en/product/vrata-servisna-640x400-komplet/","308","/product/vrata-servisna-640x400-komplet?lang=en","en",""
"product-sitemap2.xml","https://www.petroni.hr/proizvod/spojler-ravni-spojni-za-solar-ploce-par/","308","/product/spojler-ravni-spojni-za-solar-ploce-par","",""
"product-sitemap2.xml","https://www.petroni.hr/en/product/spojler-ravni-spojni-za-solar-ploce-par/","308","/product/spojler-ravni-spojni-za-solar-ploce-par?lang=en","en",""
"product-sitemap2.xml","https://www.petroni.hr/proizvod/profil-u-spojni-zavrsni-za-sperploce-22m/","308","/product/profil-u-spojni-zavrsni-za-sperploce-2-2m","",""
"product-sitemap2.xml","https://www.petroni.hr/en/product/profil-u-spojni-zavrsni-za-sperploce-22m/","308","/product/profil-u-spojni-zavrsni-za-sperploce-2-2m?lang=en","en",""
"product-sitemap2.xml","https://www.petroni.hr/proizvod/okvir-nutarnji-za-bocna-klizna-vrata-fiat-ducato-06/","308","/product/okvir-nutarnji-za-bocna-klizna-vrata-fiat-ducato-06","",""
"product-sitemap2.xml","https://www.petroni.hr/en/product/okvir-nutarnji-za-bocna-klizna-vrata-fiat-ducato-06/","308","/product/okvir-nutarnji-za-bocna-klizna-vrata-fiat-ducato-06?lang=en","en",""
"product-sitemap2.xml","https://www.petroni.hr/proizvod/brava-sigurnosna-fiamma-safe-door-1-kom/","308","/product/brava-sigurnosna-fiamma-safe-door-1-kom","",""
"product-sitemap2.xml","https://www.petroni.hr/en/product/brava-sigurnosna-fiamma-safe-door-1-kom/","308","/product/brava-sigurnosna-fiamma-safe-door-1-kom?lang=en","en",""
"product-sitemap2.xml","https://www.petroni.hr/proizvod/brava-sigurnosna-fiamma-safe-door-set-3kom/","308","/product/brava-sigurnosna-fiamma-safe-door-set-3kom","",""
"product-sitemap2.xml","https://www.petroni.hr/en/product/brava-sigurnosna-fiamma-safe-door-set-3kom/","308","/product/brava-sigurnosna-fiamma-safe-door-set-3kom?lang=en","en",""
"product-sitemap2.xml","https://www.petroni.hr/proizvod/sina-i-drzac-za-3-ci-bicikl-za-thule-excellent-nosac/","308","/product/sina-i-drzac-za-3-ci-bicikl-za-thule-excellent-nosac","",""
"product-sitemap2.xml","https://www.petroni.hr/en/product/sina-i-drzac-za-3-ci-bicikl-za-thule-excellent-nosac/","308","/product/sina-i-drzac-za-3-ci-bicikl-za-thule-excellent-nosac?lang=en","en",""
"product-sitemap2.xml","https://www.petroni.hr/proizvod/tekucina-sanitarna-solbio-08-lit/","308","/product/tekucina-sanitarna-solbio-0-8-lit","",""
"product-sitemap2.xml","https://www.petroni.hr/en/product/tekucina-sanitarna-solbio-08-lit/","308","/product/tekucina-sanitarna-solbio-0-8-lit?lang=en","en",""
"product-sitemap2.xml","https://www.petroni.hr/proizvod/svjetlo-led-12v-12leds-fi-69/","308","/product/svjetlo-led-12v-12leds-fi-69","",""
"product-sitemap2.xml","https://www.petroni.hr/en/product/svjetlo-led-12v-12leds-fi-69/","308","/product/svjetlo-led-12v-12leds-fi-69?lang=en","en",""
"product-sitemap2.xml","https://www.petroni.hr/proizvod/stednjak-can-2-plamenika-i-sudoper/","308","/product/stednjak-can-2-plamenika-i-sudoper","",""
"product-sitemap2.xml","https://www.petroni.hr/en/product/stednjak-can-2-plamenika-i-sudoper/","308","/product/stednjak-can-2-plamenika-i-sudoper?lang=en","en",""
"product-sitemap2.xml","https://www.petroni.hr/proizvod/poklopac-ukrasni-za-retrovizor-fiat-ducato-boxer-jumper-2006/","308","/product/poklopac-ukrasni-za-retrovizor-fiat-ducato-boxer-jumper-2006","",""
"product-sitemap2.xml","https://www.petroni.hr/en/product/poklopac-ukrasni-za-retrovizor-fiat-ducato-boxer-jumper-2006/","308","/product/poklopac-ukrasni-za-retrovizor-fiat-ducato-boxer-jumper-2006?lang=en","en",""
"product-sitemap2.xml","https://www.petroni.hr/proizvod/podloga-protusklizna-30x150-siva/","308","/product/podloga-protusklizna-30x150-siva","",""
"product-sitemap2.xml","https://www.petroni.hr/en/product/podloga-protusklizna-30x150-siva/","308","/product/podloga-protusklizna-30x150-siva?lang=en","en",""
"product-sitemap2.xml","https://www.petroni.hr/en/product/profil-gumeni-brtva-za-vrata/","308","/product/profil-gumeni-brtva-za-vrata?lang=en","en",""
"product-sitemap2.xml","https://www.petroni.hr/proizvod/vrata-servisna-500x320-kpl-lci/","308","/product/vrata-servisna-500x320-kpl-lci","",""
"product-sitemap2.xml","https://www.petroni.hr/en/product/vrata-servisna-500x320-kpl-lci/","308","/product/vrata-servisna-500x320-kpl-lci?lang=en","en",""
"product-sitemap2.xml","https://www.petroni.hr/proizvod/vrata-servisna-dometic-sk5-650x350mm/","308","/product/vrata-servisna-dometic-sk5-650x350mm","",""
"product-sitemap2.xml","https://www.petroni.hr/en/product/vrata-servisna-dometic-sk5-650x350mm/","308","/product/vrata-servisna-dometic-sk5-650x350mm?lang=en","en",""
"product-sitemap2.xml","https://www.petroni.hr/proizvod/set-za-ucvrscivanje-ploce-stednjaka-smev-dometic/","308","/product/set-za-ucvrscivanje-ploce-stednjaka-smev-dometic","",""
"product-sitemap2.xml","https://www.petroni.hr/en/product/set-za-ucvrscivanje-ploce-stednjaka-smev-dometic/","308","/product/set-za-ucvrscivanje-ploce-stednjaka-smev-dometic?lang=en","en",""
"product-sitemap2.xml","https://www.petroni.hr/proizvod/rucka-ulaznih-vrata-400mm-siva/","308","/product/rucka-ulaznih-vrata-400mm-siva","",""
"product-sitemap2.xml","https://www.petroni.hr/en/product/rucka-ulaznih-vrata-400mm-siva/","308","/product/rucka-ulaznih-vrata-400mm-siva?lang=en","en",""
"product-sitemap2.xml","https://www.petroni.hr/proizvod/profil-gumeni-za-brtvljenje-vrata-crni-705f/","308","/product/profil-gumeni-za-brtvljenje-vrata-crni-705f","",""
"product-sitemap2.xml","https://www.petroni.hr/en/product/profil-gumeni-za-brtvljenje-vrata-crni-705f/","308","/product/profil-gumeni-za-brtvljenje-vrata-crni-705f?lang=en","en",""
"product-sitemap2.xml","https://www.petroni.hr/proizvod/pipa-mjesalica-sa-tusem-elka-130x150/","308","/product/pipa-mjesalica-sa-tusem-elka-130x150","",""
"product-sitemap2.xml","https://www.petroni.hr/en/product/pipa-mjesalica-sa-tusem-elka-130x150/","308","/product/pipa-mjesalica-sa-tusem-elka-130x150?lang=en","en",""
"product-sitemap2.xml","https://www.petroni.hr/en/product/rucica-vrata-chrom-245mm/","308","/product/rucica-vrata-chrom-245mm?lang=en","en",""
"product-sitemap2.xml","https://www.petroni.hr/en/product/brtvila-za-truma-combi-4e-6-e/","308","/product/brtvila-za-truma-combi-4-e-6-e?lang=en","en",""
"product-sitemap2.xml","https://www.petroni.hr/proizvod/brtvila-za-truma-combi-4e-6-e/","308","/product/brtvila-za-truma-combi-4-e-6-e","",""
"product-sitemap2.xml","https://www.petroni.hr/proizvod/termostat-ploca-za-truma-c-grijalice/","308","/product/termostat-ploca-za-truma-c-grijalice","",""
"product-sitemap2.xml","https://www.petroni.hr/en/product/termostat-ploca-za-truma-c-grijalice/","308","/product/termostat-ploca-za-truma-c-grijalice?lang=en","en",""
"product-sitemap2.xml","https://www.petroni.hr/proizvod/privjesak-za-kljuc-kamper/","308","/product/privjesak-za-kljuc-kamper","",""
"product-sitemap2.xml","https://www.petroni.hr/en/product/privjesak-za-kljuc-kamper/","308","/product/privjesak-za-kljuc-kamper?lang=en","en",""
"product-sitemap2.xml","https://www.petroni.hr/en/product/rolo-zavjese-sa-okvirom-za-prozor-900x450-carbest/","308","/product/zavjesa-rolo-sa-okvirom-za-prozor-900x450-carbest?lang=en","en",""
"product-sitemap2.xml","https://www.petroni.hr/proizvod/svjetlo-gabaritno-led-jokon-zuto/","308","/product/svjetlo-gabaritno-led-jokon-zuto","",""
"product-sitemap2.xml","https://www.petroni.hr/en/product/svjetlo-gabaritno-led-jokon-zuto/","308","/product/svjetlo-gabaritno-led-jokon-zuto?lang=en","en",""
"product-sitemap2.xml","https://www.petroni.hr/proizvod/svjetlo-gabaritno-led-jokon-bijelo/","308","/product/svjetlo-gabaritno-led-jokon-bijelo","",""
"product-sitemap2.xml","https://www.petroni.hr/en/product/svjetlo-gabaritno-led-jokon-bijelo/","308","/product/svjetlo-gabaritno-led-jokon-bijelo?lang=en","en",""
"product-sitemap2.xml","https://www.petroni.hr/proizvod/uticnica-vanjska-12-220v-tv-sat-12v/","308","/product/uticnica-vanjska-12-220v-tv-sat-12v","",""
"product-sitemap2.xml","https://www.petroni.hr/en/product/uticnica-vanjska-12-220v-tv-sat-12v/","308","/product/uticnica-vanjska-12-220v-tv-sat-12v?lang=en","en",""
"product-sitemap2.xml","https://www.petroni.hr/proizvod/zakacka-plasticna-za-ljestve-u-kamperu/","308","/product/zakacka-plasticna-za-ljestve-u-kamperu","",""
"product-sitemap2.xml","https://www.petroni.hr/en/product/zakacka-plasticna-za-ljestve-u-kamperu/","308","/product/zakacka-plasticna-za-ljestve-u-kamperu?lang=en","en",""
"product-sitemap2.xml","https://www.petroni.hr/en/product/stednjak-plinski-dometic-ce99-zf/","308","/product/stednjak-plinski-dometic-ce99-zf?lang=en","en",""
"product-sitemap2.xml","https://www.petroni.hr/en/product/pant-vrata-ledenice-hladnjaka-dometic-rmrms-8xxx/","308","/product/pant-vrata-ledenice-hladnjaka-dometic-rm-rms-8xxx?lang=en","en",""
"product-sitemap2.xml","https://www.petroni.hr/proizvod/pant-vrata-ledenice-hladnjaka-dometic-rmrms-8xxx/","308","/product/pant-vrata-ledenice-hladnjaka-dometic-rm-rms-8xxx","",""
"product-sitemap2.xml","https://www.petroni.hr/proizvod/pant-vrata-ledenice-hladnjaka-dometic-rml-8xxx/","308","/product/pant-vrata-ledenice-hladnjaka-dometic-rml-8xxx","",""
"product-sitemap2.xml","https://www.petroni.hr/en/product/pant-vrata-ledenice-hladnjaka-dometic-rml-8xxx/","308","/product/pant-vrata-ledenice-hladnjaka-dometic-rml-8xxx?lang=en","en",""
"product-sitemap2.xml","https://www.petroni.hr/en/product/okvir-za-ugradbeni-hladnjak-carbest-cv50l/","308","/product/okvir-za-ugradbeni-hladnjak-carbest-cv50l?lang=en","en",""
"product-sitemap2.xml","https://www.petroni.hr/proizvod/okvir-za-ugradbeni-hladnjak-carbest-cv50l/","308","/product/okvir-za-ugradbeni-hladnjak-carbest-cv50l","",""
"product-sitemap2.xml","https://www.petroni.hr/proizvod/hladnjak-kompresorski-carbest-cv50l-12-24v/","308","/product/hladnjak-kompresorski-carbest-cv50l-12-24v","",""
"product-sitemap2.xml","https://www.petroni.hr/en/product/profil-kutni-aluminijski-27x11mm-3-metra/","308","/product/profil-kutni-aluminijski-27x11mm-3-metra?lang=en","en",""
"product-sitemap2.xml","https://www.petroni.hr/proizvod/profil-kutni-aluminijski-27x11mm-3-metra/","308","/product/profil-kutni-aluminijski-27x11mm-3-metra","",""
"product-sitemap2.xml","https://www.petroni.hr/proizvod/hladnjak-kompresorski-carbest-40-litara/","308","/product/hladnjak-kompresorski-carbest-40-litara","",""
"product-sitemap2.xml","https://www.petroni.hr/en/product/hladnjak-kompresorski-carbest-40-litara/","308","/product/hladnjak-kompresorski-carbest-40-litara?lang=en","en",""
"product-sitemap2.xml","https://www.petroni.hr/en/product/okvir-vrata-za-dometic-wc-kazetu-sk5-360x310/","308","/product/vrata-servisna-za-dometic-wc-kazetu-sk5-360x310?lang=en","en",""
"product-sitemap2.xml","https://www.petroni.hr/proizvod/okvir-vrata-za-dometic-wc-kazetu-sk5-360x310/","308","/product/vrata-servisna-za-dometic-wc-kazetu-sk5-360x310","",""
"product-sitemap2.xml","https://www.petroni.hr/en/product/okvir-sa-plisiranim-sjenilom-za-prozor-dometic-s7p-750-x-465-mm/","308","/product/okvir-sa-plisiranim-sjenilom-za-prozor-dometic-s7p-750-x-465-mm?lang=en","en",""
"product-sitemap2.xml","https://www.petroni.hr/proizvod/okvir-sa-plisiranim-sjenilom-za-prozor-dometic-s7p-750-x-465-mm/","308","/product/okvir-sa-plisiranim-sjenilom-za-prozor-dometic-s7p-750-x-465-mm","",""
"product-sitemap2.xml","https://www.petroni.hr/proizvod/okvir-sa-plisiranim-sjenilom-za-prozor-dometic-s7p-960-x-450-mm/","308","/product/okvir-sa-plisiranim-sjenilom-za-prozor-dometic-s7p-960-x-450-mm","",""
"product-sitemap2.xml","https://www.petroni.hr/en/product/okvir-sa-plisiranim-sjenilom-za-prozor-dometic-s7p-960-x-450-mm/","308","/product/okvir-sa-plisiranim-sjenilom-za-prozor-dometic-s7p-960-x-450-mm?lang=en","en",""
"product-sitemap2.xml","https://www.petroni.hr/proizvod/podizac-prozora-seitz-cjevasti-klik-280-420mm-par/","308","/product/podizac-prozora-seitz-cjevasti-klik-280-420mm-par","",""
"product-sitemap2.xml","https://www.petroni.hr/en/product/podizac-prozora-seitz-cjevasti-klik-280-420mm-par/","308","/product/podizac-prozora-seitz-cjevasti-klik-280-420mm-par?lang=en","en",""
"product-sitemap2.xml","https://www.petroni.hr/proizvod/vjesalica-dvostruka-marin-chrom/","308","/product/vjesalica-dvostruka-marin-chrom","",""
"product-sitemap2.xml","https://www.petroni.hr/en/product/vjesalica-dvostruka-marin-chrom/","308","/product/vjesalica-dvostruka-marin-chrom?lang=en","en",""
"product-sitemap2.xml","https://www.petroni.hr/proizvod/vjesalica-za-kupaonu-38cm/","308","/product/vjesalica-za-kupaonu-38cm","",""
"product-sitemap2.xml","https://www.petroni.hr/en/product/vjesalica-za-kupaonu-38cm/","308","/product/vjesalica-za-kupaonu-38cm?lang=en","en",""
"product-sitemap2.xml","https://www.petroni.hr/proizvod/svjetlo-bocno-gornje-jokon-71x61x37mm/","308","/product/svjetlo-bocno-gornje-jokon-71x61x37mm","",""
"product-sitemap2.xml","https://www.petroni.hr/en/product/svjetlo-bocno-gornje-jokon-71x61x37mm/","308","/product/svjetlo-bocno-gornje-jokon-71x61x37mm?lang=en","en",""
"product-sitemap2.xml","https://www.petroni.hr/proizvod/profil-polukruzni-alu-za-led-rasvjetu-15m/","308","/product/profil-polukruzni-alu-za-led-rasvjetu-1-5m","",""
"product-sitemap2.xml","https://www.petroni.hr/en/product/profil-polukruzni-alu-za-led-rasvjetu-15m/","308","/product/profil-polukruzni-alu-za-led-rasvjetu-1-5m?lang=en","en",""
"product-sitemap2.xml","https://www.petroni.hr/proizvod/profil-kutni-alu-za-led-rasvjetu-15m/","308","/product/profil-kutni-alu-za-led-rasvjetu-1-5m","",""
"product-sitemap2.xml","https://www.petroni.hr/en/product/profil-kutni-alu-za-led-rasvjetu-15m/","308","/product/profil-kutni-alu-za-led-rasvjetu-1-5m?lang=en","en",""
"product-sitemap2.xml","https://www.petroni.hr/proizvod/osigurac-bf1-80a-bijeli/","308","/product/osigurac-bf1-80a-bijeli","",""
"product-sitemap2.xml","https://www.petroni.hr/en/product/osigurac-bf1-80a-bijeli/","308","/product/osigurac-bf1-80a-bijeli?lang=en","en",""
"product-sitemap2.xml","https://www.petroni.hr/proizvod/vjesalica-jednostruka-chrom/","308","/product/vjesalica-jednostruka-chrom","",""
"product-sitemap2.xml","https://www.petroni.hr/en/product/vjesalica-jednostruka-chrom/","308","/product/vjesalica-jednostruka-chrom?lang=en","en",""
"product-sitemap2.xml","https://www.petroni.hr/proizvod/pokrov-zastitni-za-bicikle-do-4-kom/","308","/product/pokrov-zastitni-za-bicikle-do-4-kom","",""
"product-sitemap2.xml","https://www.petroni.hr/en/product/pokrov-zastitni-za-bicikle-do-4-kom/","308","/product/pokrov-zastitni-za-bicikle-do-4-kom?lang=en","en",""
"product-sitemap2.xml","https://www.petroni.hr/en/product/vrata-rolo-komplet-do-max-100x60cm/","308","/product/vrata-rolo-komplet-do-max-100x60cm?lang=en","en",""
"product-sitemap2.xml","https://www.petroni.hr/proizvod/vrata-rolo-komplet-do-max-100x60cm/","308","/product/vrata-rolo-komplet-do-max-100x60cm","",""
"product-sitemap2.xml","https://www.petroni.hr/en/product/traka-za-ucvrscivanje-bicikla-na-nosacu-fiamma-2m/","308","/product/traka-za-ucvrscivanje-bicikla-na-nosacu-fiamma-2m?lang=en","en",""
"product-sitemap2.xml","https://www.petroni.hr/en/product/okvir-donji-sa-rolo-zavjesom-za-fiamma-krovni-prozor-40x40/","308","/product/okvir-donji-sa-rolo-zavjesom-za-fiamma-krovni-prozor-40x40?lang=en","en",""
"product-sitemap2.xml","https://www.petroni.hr/proizvod/okvir-donji-sa-rolo-zavjesom-za-fiamma-krovni-prozor-40x40/","308","/product/okvir-donji-sa-rolo-zavjesom-za-fiamma-krovni-prozor-40x40","",""
"product-sitemap2.xml","https://www.petroni.hr/proizvod/spremnik-za-vodu-48-lit/","308","/product/spremnik-za-vodu-48-lit","",""
"product-sitemap2.xml","https://www.petroni.hr/en/product/spremnik-za-vodu-48-lit/","308","/product/spremnik-za-vodu-48-lit?lang=en","en",""
"product-sitemap2.xml","https://www.petroni.hr/en/product/ventil-sigurnosni-za-plinsku-bocu/","308","/product/ventil-sigurnosni-za-plinsku-bocu?lang=en","en",""
"product-sitemap2.xml","https://www.petroni.hr/proizvod/ventil-sigurnosni-za-plinsku-bocu/","308","/product/ventil-sigurnosni-za-plinsku-bocu","",""
"product-sitemap2.xml","https://www.petroni.hr/proizvod/resetka-hladnjaka-thetford-514x275/","308","/product/resetka-hladnjaka-thetford-514x275","",""
"product-sitemap2.xml","https://www.petroni.hr/en/product/resetka-hladnjaka-thetford-514x275/","308","/product/resetka-hladnjaka-thetford-514x275?lang=en","en",""
"product-sitemap2.xml","https://www.petroni.hr/en/product/ventil-za-ispust-vode-iz-spremnika-1/","308","/product/ventil-za-ispust-vode-iz-spremnika-1?lang=en","en",""
"product-sitemap2.xml","https://www.petroni.hr/proizvod/ventil-za-ispust-vode-iz-spremnika-1/","308","/product/ventil-za-ispust-vode-iz-spremnika-1","",""
"product-sitemap2.xml","https://www.petroni.hr/proizvod/aluminijski-u-profil-20x20x20x2/","308","/product/aluminijski-u-profil-20x20x20x2","",""
"product-sitemap2.xml","https://www.petroni.hr/en/product/aluminijski-u-profil-20x20x20x2/","308","/product/aluminijski-u-profil-20x20x20x2?lang=en","en",""
"product-sitemap2.xml","https://www.petroni.hr/proizvod/brtveni-profil-vrata-za-kamp-vozila/","308","/product/profil-brtveni-za-vrata-kamp-vozila","",""
"product-sitemap2.xml","https://www.petroni.hr/en/product/brtveni-profil-vrata-za-kamp-vozila/","308","/product/profil-brtveni-za-vrata-kamp-vozila?lang=en","en",""
"product-sitemap2.xml","https://www.petroni.hr/proizvod/zavjese-rolo-sa-okvirom-za-prozor-600x650-avorio/","308","/product/zavjese-rolo-sa-okvirom-za-prozor-600x650-avorio","",""
"product-sitemap2.xml","https://www.petroni.hr/en/product/zavjese-rolo-sa-okvirom-za-prozor-600x650-avorio/","308","/product/zavjese-rolo-sa-okvirom-za-prozor-600x650-avorio?lang=en","en",""
"product-sitemap2.xml","https://www.petroni.hr/proizvod/inverter-vechline-1000w-12v-220v/","308","/product/inverter-vechline-1000w-p2000w-12v-220v","",""
"product-sitemap2.xml","https://www.petroni.hr/en/product/inverter-vechline-1000w-12v-220v/","308","/product/inverter-vechline-1000w-p2000w-12v-220v?lang=en","en",""
"product-sitemap2.xml","https://www.petroni.hr/proizvod/resetka-grijalice-truma-3002-smeda/","308","/product/resetka-grijalice-truma-3002-smeda","",""
"product-sitemap2.xml","https://www.petroni.hr/en/product/resetka-grijalice-truma-3002-smeda/","308","/product/resetka-grijalice-truma-3002-smeda?lang=en","en",""
"product-sitemap2.xml","https://www.petroni.hr/proizvod/brtvena-traka-fz-siva-30mm-x-2-mm/","308","/product/brtvena-traka-fz-siva-30mm-x-2-mm","",""
"product-sitemap2.xml","https://www.petroni.hr/proizvod/drzac-toalet-papira-za-4-role190/","308","/product/drzac-toalet-papira-za-4-role","",""
"product-sitemap2.xml","https://www.petroni.hr/proizvod/okvir-saltera-uticnice-smedi-presto/","308","/product/okvir-saltera-uticnice-smedi-presto","",""
"product-sitemap2.xml","https://www.petroni.hr/proizvod/prekrivac-za-kamp-prikolicu-m-do-55m/","308","/product/prekrivac-za-kamp-prikolicu-m-do-5-5m","",""
"product-sitemap2.xml","https://www.petroni.hr/en/product/prekrivac-za-kamp-prikolicu-m-do-55m/","308","/product/prekrivac-za-kamp-prikolicu-m-do-5-5m?lang=en","en",""
"product-sitemap2.xml","https://www.petroni.hr/proizvod/nosac-za-2-bicikla-ok-2-visoki/","308","/product/nosac-za-bicikle-ok-2-visoki","",""
"product-sitemap2.xml","https://www.petroni.hr/proizvod/podizni-krov-pop-top-za-vw-transporter-t5-t6-kratki/","308","/product/podizni-krov-pop-top-za-vw-transporter-t5-t6-kratki","",""
"product-sitemap2.xml","https://www.petroni.hr/proizvod/kutija-spremiste-za-prtljagu-na-rudi-prikolice/","308","/product/kutija-spremiste-za-prtljagu-na-rudi-prikolice","",""
"product-sitemap2.xml","https://www.petroni.hr/proizvod/kvaka-rucka-namjestaja-v1236-crom/","308","/product/kvaka-rucka-namjestaja-v1236-crom","",""
"product-sitemap2.xml","https://www.petroni.hr/proizvod/profil-t-16mm-za-kantiranje/","308","/product/profil-t-16mm-za-kantiranje","",""
"product-sitemap2.xml","https://www.petroni.hr/en/product/profil-t-16mm-za-kantiranje/","308","/product/profil-t-16mm-za-kantiranje?lang=en","en",""
"product-sitemap2.xml","https://www.petroni.hr/proizvod/staklo-plinskog-stednjaka-dometic-desno/","308","/product/staklo-plinskog-stednjaka-dometic-desno","",""
"product-sitemap2.xml","https://www.petroni.hr/en/product/staklo-plinskog-stednjaka-dometic-desno/","308","/product/staklo-plinskog-stednjaka-dometic-desno?lang=en","en",""
"product-sitemap2.xml","https://www.petroni.hr/proizvod/svjetlo-vanjsko-heosled-za-ugradnju-u-tendu-144w/","308","/product/svjetlo-vanjsko-heosled-za-ugradnju-u-tendu-1-44w","",""
"product-sitemap2.xml","https://www.petroni.hr/en/product/svjetlo-vanjsko-heosled-za-ugradnju-u-tendu-144w/","308","/product/svjetlo-vanjsko-heosled-za-ugradnju-u-tendu-1-44w?lang=en","en",""
"product-sitemap2.xml","https://www.petroni.hr/proizvod/svjetlo-vanjsko-12v-g4-20w-jokon/","308","/product/svjetlo-vanjsko-12v-g4-20w-jokon","",""
"product-sitemap2.xml","https://www.petroni.hr/en/product/svjetlo-vanjsko-12v-g4-20w-jokon/","308","/product/svjetlo-vanjsko-12v-g4-20w-jokon?lang=en","en",""
"product-sitemap2.xml","https://www.petroni.hr/proizvod/voltmetar-za-2-baterije-led-panel/","308","/product/voltmetar-za-2-baterije-led-panel","",""
"product-sitemap2.xml","https://www.petroni.hr/en/product/voltmetar-za-2-baterije-led-panel/","308","/product/voltmetar-za-2-baterije-led-panel?lang=en","en",""
"product-sitemap2.xml","https://www.petroni.hr/proizvod/kabel-za-solare-2x4mm/","308","/product/kabel-za-solare-2x4mm","",""
"product-sitemap2.xml","https://www.petroni.hr/proizvod/spojnica-za-vodu-10-12mm-ravna/","308","/product/spojnica-za-vodu-10-12mm-ravna","",""
"product-sitemap2.xml","https://www.petroni.hr/en/product/spojnica-za-vodu-10-12mm-ravna/","308","/product/spojnica-za-vodu-10-12mm-ravna?lang=en","en",""
"product-sitemap2.xml","https://www.petroni.hr/proizvod/prozor-bocni-dometic-seitz-s4-500x450/","308","/product/prozor-bocni-dometic-seitz-s4-500x450","",""
"product-sitemap2.xml","https://www.petroni.hr/en/product/prozor-bocni-dometic-seitz-s4-500x450/","308","/product/prozor-bocni-dometic-seitz-s4-500x450?lang=en","en",""
"product-sitemap2.xml","https://www.petroni.hr/proizvod/punjac-za-akumulatore-08-4-a/","308","/product/punjac-za-baterije-0-8-4-a","",""
"product-sitemap2.xml","https://www.petroni.hr/en/product/punjac-za-akumulatore-08-4-a/","308","/product/punjac-za-baterije-0-8-4-a?lang=en","en",""
"product-sitemap2.xml","https://www.petroni.hr/en/product/rolo-nutarnji-bijeli-dometic-seitz-s3-s4-1100x800/","308","/product/rolo-nutarnji-bijeli-dometic-seitz-s3-s4-1100x800?lang=en","en",""
"product-sitemap2.xml","https://www.petroni.hr/proizvod/rolo-nutarnji-bijeli-dometic-seitz-s3-s4-1100x800/","308","/product/rolo-nutarnji-bijeli-dometic-seitz-s3-s4-1100x800","",""
"product-sitemap2.xml","https://www.petroni.hr/proizvod/regulator-plina-vdr-50-30/","308","/product/predregulator-plina-vdr-50-30","",""
"product-sitemap2.xml","https://www.petroni.hr/en/product/regulator-plina-vdr-50-30/","308","/product/predregulator-plina-vdr-50-30?lang=en","en",""
"product-sitemap2.xml","https://www.petroni.hr/en/product/stolica-kamperska-brunner-raptor-2/","308","/product/stolica-kamperska-brunner-raptor-classic?lang=en","en",""
"product-sitemap2.xml","https://www.petroni.hr/proizvod/stolica-kamperska-brunner-raptor-2/","308","/product/stolica-kamperska-brunner-raptor-classic","",""
"product-sitemap2.xml","https://www.petroni.hr/proizvod/oprema-za-kamp-vozilo-all-inclusive-starter-set/","308","/product/oprema-za-kamp-vozilo-all-inclusive-starter-set","",""
"product-sitemap2.xml","https://www.petroni.hr/en/product/rucka-za-sipku-ispusta-otpadne-vode/","308","/product/rucka-za-sipku-ispusta-otpadne-vode?lang=en","en",""
"product-sitemap2.xml","https://www.petroni.hr/proizvod/rucka-za-sipku-ispusta-otpadne-vode/","308","/product/rucka-za-sipku-ispusta-otpadne-vode","",""
"product-sitemap2.xml","https://www.petroni.hr/proizvod/antifriz-za-pipe-ventile-koncentrat-5-lit-rabbafrost/","308","/product/antifriz-za-pipe-ventile-koncentrat-5-lit-rabbafrost","",""
"product-sitemap2.xml","https://www.petroni.hr/proizvod/miris-touchme-professional-blue-500ml/","308","/product/miris-touchme-professional-blue-500ml","",""
"product-sitemap2.xml","https://www.petroni.hr/en/proizvod/tekucina-za-ciscenje-smole-voska-katrana-i-ljepila-innolab-pro-750ml/","308","/product/tekucina-za-ciscenje-smole-voska-katrana-i-ljepila-innolab-pro-750ml?lang=en","en",""
"product-sitemap2.xml","https://www.petroni.hr/proizvod/tekucina-za-ciscenje-tapeciranog-namjestaja-innolab-pro-500ml/","308","/product/tekucina-za-ciscenje-tapeciranog-namjestaja-innolab-pro-500ml","",""
"product-sitemap2.xml","https://www.petroni.hr/en/product/tekucina-za-ciscenje-tapeciranog-namjestaja-innolab-pro-500ml/","308","/product/tekucina-za-ciscenje-tapeciranog-namjestaja-innolab-pro-500ml?lang=en","en",""
"product-sitemap2.xml","https://www.petroni.hr/proizvod/kape-zavrsne-za-tendu-omnistor-5003-crne-ld/","308","/product/kape-zavrsne-za-tendu-omnistor-5003-crne-l-d","",""
"product-sitemap2.xml","https://www.petroni.hr/proizvod/kabel-za-upravljacku-plocu-cbe-pc100-110-180/","308","/product/kabel-za-upravljacku-plocu-cbe-pc100-110-180","",""
"product-sitemap2.xml","https://www.petroni.hr/proizvod/svjetlo-bocno-donje-hella-12v/","308","/product/svjetlo-bocno-donje-hella-12v","",""
"product-sitemap2.xml","https://www.petroni.hr/proizvod/pumpa-za-vodu-reich-tandem-12v-19lit-min/","308","/product/pumpa-za-vodu-reich-tandem-12v-19lit-min","",""
"product-sitemap2.xml","https://www.petroni.hr/proizvod/drzac-prihvat-daske-stola-u-kamperu-trigano-2/","308","/product/drzac-prihvat-daske-stola-u-kamperu-trigano-14203","",""
"product-sitemap2.xml","https://www.petroni.hr/en/product/drzac-prihvat-daske-stola-u-kamperu-trigano-2/","308","/product/drzac-prihvat-daske-stola-u-kamperu-trigano-14203?lang=en","en",""
"product-sitemap2.xml","https://www.petroni.hr/proizvod/cijev-grijanja-izolirana-605-75mm/","308","/product/cijev-grijanja-izolirana-60-5-75mm","",""
"product-sitemap2.xml","https://www.petroni.hr/proizvod/kapa-krovnog-ispuha-truma-kd/","308","/product/kapa-krovnog-ispuha-truma-kd","",""
"product-sitemap2.xml","https://www.petroni.hr/proizvod/stitnik-od-pada-za-posude-u-elementima-25-43cm/","308","/product/stitnik-od-pada-za-posude-u-elementima-25-43cm","",""
"product-sitemap2.xml","https://www.petroni.hr/en/product/stitnik-od-pada-za-posude-u-elementima-25-43cm/","308","/product/stitnik-od-pada-za-posude-u-elementima-25-43cm?lang=en","en",""
"product-sitemap2.xml","https://www.petroni.hr/proizvod/noga-stola-preklopnog-555-765/","308","/product/noga-stola-preklopnog-555-765mm","",""
"product-sitemap2.xml","https://www.petroni.hr/proizvod/rucica-za-zatvaranje-prozora-polyplastic-fiskiranje-na-vijak/","308","/product/rucica-za-zatvaranje-prozora-polyplastic-fiskiranje-na-vijak","",""
"product-sitemap2.xml","https://www.petroni.hr/en/product/staklo-pokrov-krovnog-prozora-fiamma-40x40-crystal/","308","/product/staklo-pokrov-krovnog-prozora-fiamma-40x40-crystal?lang=en","en",""
"product-sitemap2.xml","https://www.petroni.hr/proizvod/staklo-pokrov-krovnog-prozora-fiamma-40x40-crystal/","308","/product/staklo-pokrov-krovnog-prozora-fiamma-40x40-crystal","",""
"product-sitemap2.xml","https://www.petroni.hr/proizvod/kuciste-osiguraca-unival/","308","/product/kuciste-osiguraca-unival","",""
"product-sitemap2.xml","https://www.petroni.hr/proizvod/termozastita-kabine-vanjska-fiat-ducato-x230-1994-2002/","308","/product/termozastita-kabine-vanjska-fiat-ducato-x230-1994-2002","",""
"product-sitemap2.xml","https://www.petroni.hr/proizvod/rucica-vrata-okrugla-35x30/","308","/product/rucica-vrata-okrugla-35x30","",""
"product-sitemap2.xml","https://www.petroni.hr/proizvod/perlator-22-1-f/","308","/product/perlator-22-1-f","",""
"product-sitemap2.xml","https://www.petroni.hr/proizvod/vw-prijenosni-kemijski-thetford-porta-potti-365/","308","/product/vw-prijenosni-kemijski-thetford-porta-potti-365","",""
"product-sitemap2.xml","https://www.petroni.hr/en/product/regulator-plina-truma-duocontrol-cs-vertikalni/","308","/product/regulator-plina-truma-duocontrol-cs-vertikalni?lang=en","en",""
"product-sitemap2.xml","https://www.petroni.hr/proizvod/grijac-spremnika-otpadne-vode-12v-30w-2/","308","/product/grijac-spremnika-otpadne-vode-12v-30w","",""
"product-sitemap2.xml","https://www.petroni.hr/proizvod/uticnica-usb-c-usb-a-20w-12-24v/","308","/product/uticnica-usb-c-usb-a-20w-12-24v","",""
"product-sitemap2.xml","https://www.petroni.hr/en/product/uticnica-usb-c-usb-a-20w-12-24v/","308","/product/uticnica-usb-c-usb-a-20w-12-24v?lang=en","en",""
"product-sitemap2.xml","https://www.petroni.hr/proizvod/poklopac-ispuha-truma-e2400-bijeli/","308","/product/poklopac-ispuha-truma-e2400-bijeli","",""
"product-sitemap2.xml","https://www.petroni.hr/proizvod/grijalica-zraka-truma-3004/","308","/product/grijalica-zraka-truma-s3004","",""
"product-sitemap2.xml","https://www.petroni.hr/proizvod/grijalica-truma-combi-6-cp-plus/","308","/product/grijalica-truma-combi-6-inet-x-panel","",""
"product-sitemap2.xml","https://www.petroni.hr/proizvod/okvir-sa-mrezom-protiv-komaraca-i-zavjesom-500x450-carbest/","308","/product/okvir-sa-mrezom-protiv-komaraca-i-zavjesom-500x450-carbest","",""
"product-sitemap2.xml","https://www.petroni.hr/proizvod/prozor-bocno-dometic-seitz-s4-800x450-komplet/","308","/product/prozor-bocni-dometic-seitz-s4-800x450-komplet","",""
"product-sitemap2.xml","https://www.petroni.hr/en/product/poklopac-kotaca-ukrasni-fiat-ducato-mali/","308","/product/poklopac-kotaca-ukrasni-9-fiat-ducato-za-15?lang=en","en",""
"product-sitemap2.xml","https://www.petroni.hr/proizvod/sina-za-nosac-za-bicikla-fiamma-rail-premium-128cm/","308","/product/sina-za-nosac-za-bicikla-fiamma-rail-premium-128cm","",""
"product-sitemap2.xml","https://www.petroni.hr/en/product/drzac-prihvat-daske-stola-u-kamperu-trigano/","308","/product/drzac-prihvat-daske-stola-u-kamperu-trigano?lang=en","en",""
"product-sitemap2.xml","https://www.petroni.hr/proizvod/drzac-prihvat-daske-stola-u-kamperu-trigano/","308","/product/drzac-prihvat-daske-stola-u-kamperu-trigano","",""
"product-sitemap2.xml","https://www.petroni.hr/proizvod/prozor-bocni-polyplast-350x500-sa-okvirom-ser-4-25/","308","/product/prozor-bocni-polyplast-350x500-sa-okvirom-ser-4-25","",""
"product-sitemap2.xml","https://www.petroni.hr/en/product/prozor-bocni-polyplast-350x500-sa-okvirom-ser-4-25/","308","/product/prozor-bocni-polyplast-350x500-sa-okvirom-ser-4-25?lang=en","en",""
"product-sitemap2.xml","https://www.petroni.hr/proizvod/pumpa-za-vodu-12v-12-lit-06bar-seaflo/","308","/product/pumpa-za-vodu-12v-12-lit-0-6bar-seaflo","",""
"product-sitemap2.xml","https://www.petroni.hr/proizvod/prozor-bocni-acryform-rm14-700x300/","308","/product/prozor-bocni-acryform-rm14-700x300","",""
"product-sitemap2.xml","https://www.petroni.hr/proizvod/prozor-bocni-acryform-rm14-500x400/","308","/product/prozor-bocni-acryform-rm14-500x400","",""
"product-sitemap2.xml","https://www.petroni.hr/proizvod/prozor-bocni-acryform-rm14-1200x520/","308","/product/prozor-bocni-acryform-rm14-1200x520","",""
"product-sitemap2.xml","https://www.petroni.hr/proizvod/prozor-bocni-acryform-rm14-450x550/","308","/product/prozor-bocni-acryform-rm14-450x550","",""
"product-sitemap2.xml","https://www.petroni.hr/proizvod/prozor-bocni-acryform-rm14-600x550/","308","/product/prozor-bocni-acryform-rm14-600x550","",""
"product-sitemap2.xml","https://www.petroni.hr/proizvod/prozor-bocni-carbest-comfort-500x350-acryl/","308","/product/prozor-bocni-carbest-comfort-500x350-acryl","",""
"product-sitemap2.xml","https://www.petroni.hr/en/product/prozor-krovni-40x40-dometic-fantastic-vent-12v/","410","","","removed_product"
"product-sitemap2.xml","https://www.petroni.hr/proizvod/adapter-za-thule-tendu-vw-crafter-man-tge/","308","/product/adapter-za-tendu-thule-za-vw-crafter-man-tge","",""
"product-sitemap2.xml","https://www.petroni.hr/en/product/adapter-za-thule-tendu-vw-crafter-man-tge/","308","/product/adapter-za-tendu-thule-za-vw-crafter-man-tge?lang=en","en",""
"product-sitemap2.xml","https://www.petroni.hr/proizvod/plamenik-za-hladnjak-dometic-bez-brizgaljke/","308","/product/plamenik-za-hladnjak-dometic-bez-brizgaljke","",""
"product-sitemap2.xml","https://www.petroni.hr/en/product/plamenik-za-hladnjak-dometic-bez-brizgaljke/","308","/product/plamenik-za-hladnjak-dometic-bez-brizgaljke?lang=en","en",""
"product-sitemap2.xml","https://www.petroni.hr/en/product/wc-kemijski-thetford-porta-potti-145-sivi/","308","/product/wc-kemijski-thetford-porta-potti-145?lang=en","en",""
"product-sitemap2.xml","https://www.petroni.hr/proizvod/wc-kemijski-thetford-porta-potti-145-sivi/","308","/product/wc-kemijski-thetford-porta-potti-145","",""
"product-sitemap2.xml","https://www.petroni.hr/en/product/umivaonik-kutni-bijeli-350x350x115/","308","/product/umivaonik-kutni-bijeli-345x345?lang=en","en",""
"product-sitemap2.xml","https://www.petroni.hr/proizvod/umivaonik-kutni-bijeli-350x350x115/","308","/product/umivaonik-kutni-bijeli-345x345","",""
"product-sitemap2.xml","https://www.petroni.hr/proizvod/umivaonik-kutni-415x415-bijeli/","308","/product/umivaonik-kutni-418x418-x-490-bijeli","",""
"product-sitemap2.xml","https://www.petroni.hr/en/product/umivaonik-kutni-415x415-bijeli/","308","/product/umivaonik-kutni-418x418-x-490-bijeli?lang=en","en",""
"product-sitemap2.xml","https://www.petroni.hr/en/product/umivaonik-kutni-bijeli-445x4454/","308","/product/umivaonik-kutni-bijeli-445x445?lang=en","en",""
"product-sitemap2.xml","https://www.petroni.hr/en/product/kada-tusa-kada-680x680cm-bijela/","308","/product/kada-tusa-kada-680x680cm-bijela?lang=en","en",""
"product-sitemap2.xml","https://www.petroni.hr/proizvod/kada-tusa-kada-680x680cm-bijela/","308","/product/kada-tusa-kada-680x680cm-bijela","",""
"product-sitemap2.xml","https://www.petroni.hr/proizvod/cilindar-za-bravice-zadi/","308","/product/cilindar-za-bravice-zadi","",""
"product-sitemap2.xml","https://www.petroni.hr/en/product/cilindar-za-bravice-zadi/","308","/product/cilindar-za-bravice-zadi?lang=en","en",""
"product-sitemap2.xml","https://www.petroni.hr/proizvod/cep-za-vodu-gorivo-zadi-bijeli/","308","/product/cep-za-vodu-gorivo-zadi-bijeli","",""
"product-sitemap2.xml","https://www.petroni.hr/proizvod/cep-za-vodu-gorivo-fap-bijeli/","308","/product/cep-za-vodu-gorivo-fap-bijeli","",""
"product-sitemap2.xml","https://www.petroni.hr/proizvod/cilindar-za-bravice-zadi-9001/","308","/product/cilindar-za-bravice-zadi-9001","",""
"product-sitemap2.xml","https://www.petroni.hr/proizvod/kljuc-za-bravice-zadi-9001-2kom/","308","/product/kljuc-za-bravice-zadi-9001-2kom","",""
"product-sitemap2.xml","https://www.petroni.hr/proizvod/kljuc-za-bravicu-zadi-9002-2kom/","308","/product/kljuc-za-bravicu-zadi-9002-2kom","",""
"product-sitemap2.xml","https://www.petroni.hr/proizvod/cilindar-za-bravicu-zadi-9002/","308","/product/cilindar-za-bravicu-zadi-9002","",""
"product-sitemap2.xml","https://www.petroni.hr/proizvod/cilindar-za-bravicu-zadi-9004/","308","/product/cilindar-za-bravicu-zadi-9004","",""
"product-sitemap2.xml","https://www.petroni.hr/proizvod/kljuc-za-bravicu-zadi-9004-2kom/","308","/product/kljuc-za-bravicu-zadi-9004-2kom","",""
"product-sitemap2.xml","https://www.petroni.hr/proizvod/cilindar-za-bravicu-zadi-9005/","308","/product/cilindar-za-bravicu-zadi-9005","",""
"product-sitemap2.xml","https://www.petroni.hr/proizvod/kljuc-za-bravicu-zadi-9005-2kom/","308","/product/kljuc-za-bravicu-zadi-9005-2kom","",""
"product-sitemap2.xml","https://www.petroni.hr/proizvod/spremnik-za-otpadnu-vodu-25-lit-taxi/","308","/product/spremnik-za-otpadnu-vodu-25-lit-taxi","",""
"product-sitemap2.xml","https://www.petroni.hr/proizvod/poklopac-cee-uticnice-crni/","308","/product/poklopac-cee-uticnice-crni","",""
"product-sitemap2.xml","https://www.petroni.hr/proizvod/spremnik-za-vodu-48-litara/","308","/product/spremnik-za-vodu-48-litara","",""
"product-sitemap2.xml","https://www.petroni.hr/proizvod/kutija-razvodna-multibox-90x110x425mm/","308","/product/kutija-razvodna-multibox-90x110x42-5mm","",""
"product-sitemap2.xml","https://www.petroni.hr/proizvod/konektor-za-svjetla-2-pola-roundpoint/","308","/product/konektor-za-svjetla-2-pola-roundpoint","",""
"product-sitemap2.xml","https://www.petroni.hr/proizvod/konektor-za-svjetla-3-pola-roundpoint/","308","/product/konektor-za-svjetla-3-pola-roundpoint","",""
"product-sitemap2.xml","https://www.petroni.hr/proizvod/konektor-za-bocna-svjetla-flatpoint/","308","/product/konektor-za-bocna-svjetla-flatpoint","",""
"product-sitemap2.xml","https://www.petroni.hr/proizvod/nosac-za-bicikle-thule-elite-van-xt-crni/","308","/product/nosac-za-bicikle-thule-elite-van-xt-crni","",""
"product-sitemap2.xml","https://www.petroni.hr/proizvod/rolo-zavjese-sa-okvirom-za-prozor-500x450/","308","/product/rolo-zavjese-sa-okvirom-za-prozor-500x450","",""
"product-sitemap2.xml","https://www.petroni.hr/proizvod/zastita-zadnjeg-branika-za-man-tge-vw-crafter-od-2017/","308","/product/zastita-zadnjeg-branika-za-man-tge-vw-crafter-od-2017","",""
"product-sitemap2.xml","https://www.petroni.hr/en/product/zastita-zadnjeg-branika-za-man-tge-vw-crafter-od-2017/","308","/product/zastita-zadnjeg-branika-za-man-tge-vw-crafter-od-2017?lang=en","en",""
"product-sitemap2.xml","https://www.petroni.hr/proizvod/mreza-protiv-insekata-za-vrata-kamp-vozila-1935x65cm/","308","/product/mreza-protiv-insekata-za-vrata-kamp-vozila-193-5x65cm","",""
"product-sitemap2.xml","https://www.petroni.hr/en/product/mreza-protiv-insekata-za-vrata-kamp-vozila-1935x65cm/","308","/product/mreza-protiv-insekata-za-vrata-kamp-vozila-193-5x65cm?lang=en","en",""
"product-sitemap2.xml","https://www.petroni.hr/proizvod/umivaonik-kutni-415x350-bijeli-abs/","308","/product/umivaonik-kutni-415x350-bijeli-abs","",""
"product-sitemap2.xml","https://www.petroni.hr/proizvod/akumulator-lithium-baterija-mccamping-lifepo4-150ah/","308","/product/akumulator-lithium-baterija-mccamping-lifepo4-150ah","",""
"product-sitemap2.xml","https://www.petroni.hr/proizvod/stepenice-ulazne/","308","/product/stepenice-ulazne","",""
"product-sitemap2.xml","https://www.petroni.hr/proizvod/resetka-hladnjaka-dometic-ls100-gornja/","308","/product/resetka-hladnjaka-dometic-ls100-gornja","",""
"product-sitemap2.xml","https://www.petroni.hr/en/product/resetka-hladnjaka-dometic-ls100-gornja/","308","/product/resetka-hladnjaka-dometic-ls100-gornja?lang=en","en",""
"product-sitemap2.xml","https://www.petroni.hr/proizvod/umivaonik-za-kupaonu/","308","/product/umivaonik-za-kupaonu-rimor-katamarano-7","",""
"product-sitemap2.xml","https://www.petroni.hr/en/product/umivaonik-za-kupaonu/","308","/product/umivaonik-za-kupaonu-rimor-katamarano-7?lang=en","en",""
"product-sitemap2.xml","https://www.petroni.hr/proizvod/ljestve-teleskopske-aluminijske/","308","/product/ljestve-teleskopske-aluminijske","",""
"product-sitemap2.xml","https://www.petroni.hr/proizvod/nivelator-podizac-kotaca-prikolice/","308","/product/nivelator-podizac-kotaca-prikolice","",""
"product-sitemap2.xml","https://www.petroni.hr/en/product/nivelator-podizac-kotaca-prikolice/","308","/product/nivelator-podizac-kotaca-prikolice?lang=en","en",""
"product-sitemap2.xml","https://www.petroni.hr/proizvod/drzac-hvatac-vrata-nadogradnje-magnetni-64kg/","308","/product/drzac-hvatac-vrata-nadogradnje-magnetni-6-4kg","",""
"product-sitemap2.xml","https://www.petroni.hr/proizvod/rolo-zavjese-sa-okvirom-za-prozor-350x500/","308","/product/rolo-zavjese-sa-okvirom-za-prozor-350x500","",""
"product-sitemap2.xml","https://www.petroni.hr/proizvod/predsator-palermo-30m-dubina/","308","/product/predsator-palermo-3-0m-dubina-reimo-tent","",""
"product-sitemap2.xml","https://www.petroni.hr/proizvod/profil-krovni-za-zastitne-prekrivke-2kom/","308","/product/profil-krovni-za-zastitne-prekrivke-2kom","",""
"product-sitemap2.xml","https://www.petroni.hr/en/product/profil-krovni-za-zastitne-prekrivke-2kom/","308","/product/profil-krovni-za-zastitne-prekrivke-2kom?lang=en","en",""
"product-sitemap2.xml","https://www.petroni.hr/proizvod/rampa-unico-6-u-1/","308","/product/rampa-unico-6-u-1","",""
"product-sitemap2.xml","https://www.petroni.hr/en/product/rampa-unico-6-u-1/","308","/product/rampa-unico-6-u-1?lang=en","en",""
"product-sitemap2.xml","https://www.petroni.hr/proizvod/sine-za-navoznu-rampu-unico-6-u-1/","308","/product/sine-za-navoznu-rampu-unico-6-u-1","",""
"product-sitemap2.xml","https://www.petroni.hr/en/product/sine-za-navoznu-rampu-unico-6-u-1/","308","/product/sine-za-navoznu-rampu-unico-6-u-1?lang=en","en",""
"product-sitemap2.xml","https://www.petroni.hr/proizvod/resetka-hladnjaka-thetford-n4000/","308","/product/resetka-hladnjaka-thetford-n4000","",""
"product-sitemap2.xml","https://www.petroni.hr/proizvod/kuciste-za-bateriju-akumulator/","308","/product/kutija-za-bateriju-akumulator","",""
"product-sitemap2.xml","https://www.petroni.hr/proizvod/inverter-vechline-600w-1200w-12v-220v/","308","/product/inverter-vechline-600w-1200w-12v-220v","",""
"product-sitemap2.xml","https://www.petroni.hr/en/product/inverter-vechline-600w-1200w-12v-220v/","308","/product/inverter-vechline-600w-1200w-12v-220v?lang=en","en",""
"product-sitemap2.xml","https://www.petroni.hr/proizvod/spojler-set-za-solare-phaesun-68cm-crni/","308","/product/spojler-set-za-solare-phaesun-68cm-crni","",""
"product-sitemap2.xml","https://www.petroni.hr/proizvod/hladnjak-kompresorski-antarion-25-litara/","308","/product/hladnjak-kompresorski-antarion-25-litara","",""
"product-sitemap2.xml","https://www.petroni.hr/proizvod/prozor-bocni-carbsest-rw-eco-500x350-alu-okvir/","308","/product/prozor-bocni-carbsest-rw-eco-500x350-alu-okvir","",""
"product-sitemap2.xml","https://www.petroni.hr/en/product/prozor-bocni-carbsest-rw-eco-500x350-alu-okvir/","308","/product/prozor-bocni-carbsest-rw-eco-500x350-alu-okvir?lang=en","en",""
"product-sitemap2.xml","https://www.petroni.hr/proizvod/grijac-zraka-carbest-20dh-diesel-2kw/","308","/product/grijac-zraka-carbest-2-0dh-diesel-2kw","",""
"product-sitemap2.xml","https://www.petroni.hr/en/product/grijac-zraka-carbest-20dh-diesel-2kw/","308","/product/grijac-zraka-carbest-2-0dh-diesel-2kw?lang=en","en",""
"product-sitemap2.xml","https://www.petroni.hr/proizvod/inverter-sinusni-carbest-12v-220v-2000w-6000w/","308","/product/inverter-sinusni-carbest-12v-220v-2000w-6000w","",""
"product-sitemap2.xml","https://www.petroni.hr/en/product/inverter-sinusni-carbest-12v-220v-2000w-6000w/","308","/product/inverter-sinusni-carbest-12v-220v-2000w-6000w?lang=en","en",""
"product-sitemap2.xml","https://www.petroni.hr/proizvod/zdjela-sklopiva-15-lit-sivo-bijela/","308","/product/zdjela-sklopiva-1-5-lit-sivo-bijela","",""
"product-sitemap2.xml","https://www.petroni.hr/proizvod/brveni-gumeni-profil-za-vrata-115mm-105mm-4m/","308","/product/brveni-gumeni-profil-za-vrata-11-5mm-10-5mm-4m","",""
"product-sitemap2.xml","https://www.petroni.hr/proizvod/termozastita-kabine-vanjska-ford-transit-2006-2014/","308","/product/termozastita-kabine-vanjska-ford-transit-2006-2014","",""
"product-sitemap2.xml","https://www.petroni.hr/proizvod/termozastita-kabine-motor-vanjska-ford-transit-2006-2014/","308","/product/termozastita-kabine-motor-vanjska-ford-transit-2006-2014","",""
"product-sitemap2.xml","https://www.petroni.hr/proizvod/profilna-traka-12mm-gumena-bijela/","308","/product/traka-profilna-gumena-bijela-12mm","",""
"product-sitemap2.xml","https://www.petroni.hr/en/product/profilna-traka-12mm-gumena-bijela/","308","/product/traka-profilna-gumena-bijela-12mm?lang=en","en",""
"product-sitemap2.xml","https://www.petroni.hr/en/product/sina-za-bicikl-fiamma-128cm-crna/","308","/product/sina-za-bicikl-fiamma-128cm-crna?lang=en","en",""
"product-sitemap2.xml","https://www.petroni.hr/proizvod/sina-za-bicikl-fiamma-128cm-crna/","308","/product/sina-za-bicikl-fiamma-128cm-crna","",""
"product-sitemap2.xml","https://www.petroni.hr/proizvod/podizac-drzac-prozora-poly-f48-140mm-desni/","308","/product/podizac-drzac-prozora-poly-f48-140mm-desni","",""
"product-sitemap2.xml","https://www.petroni.hr/proizvod/podizac-drzac-prozora-poly-f48-140mm-lijevi/","308","/product/podizac-drzac-prozora-poly-f48-140mm-lijevi","",""
"product-sitemap2.xml","https://www.petroni.hr/proizvod/pant-nevidljivi-fi-10/","308","/product/pant-nevidljivi-fi-10","",""
"product-sitemap2.xml","https://www.petroni.hr/proizvod/pant-nevidljivi-fi-14mm/","308","/product/pant-nevidljivi-fi-14mm","",""
"product-sitemap2.xml","https://www.petroni.hr/en/product/platno-za-zatamnivanje-prozora-70x200/","308","/product/platno-za-zatamnivanje-prozora-70x200-cm?lang=en","en",""
"product-sitemap2.xml","https://www.petroni.hr/proizvod/platno-za-zatamnivanje-prozora-70x200/","308","/product/platno-za-zatamnivanje-prozora-70x200-cm","",""
"product-sitemap2.xml","https://www.petroni.hr/proizvod/mover-truma-smart-m-manuelni/","308","/product/mover-truma-smart-m-manuelni","",""
"product-sitemap2.xml","https://www.petroni.hr/proizvod/akumulator-carbest-80ah-agm-servisni/","308","/product/akumulator-carbest-80ah-agm-servisni","",""
"product-sitemap2.xml","https://www.petroni.hr/en/product/akumulator-carbest-80ah-agm-servisni/","308","/product/akumulator-carbest-80ah-agm-servisni?lang=en","en",""
"product-sitemap2.xml","https://www.petroni.hr/proizvod/22134/","308","/product/regulator-solarnog-punjenja-mppt-12v-12a","",""
"product-sitemap2.xml","https://www.petroni.hr/proizvod/brava-za-vrata-spremista-fap-eco-75x90mm/","308","/product/brava-za-vrata-spremista-fap-eco-75x90mm","",""
"product-sitemap2.xml","https://www.petroni.hr/en/product/pumpa-za-vodu-reich-19l-14-bar/","308","/product/pumpa-za-vodu-reich-tandem-19l-1-4-bar?lang=en","en",""
"product-sitemap2.xml","https://www.petroni.hr/proizvod/pumpa-za-vodu-reich-19l-14-bar/","308","/product/pumpa-za-vodu-reich-tandem-19l-1-4-bar","",""
"product-sitemap2.xml","https://www.petroni.hr/proizvod/pumpa-za-vodu-reich-19l-14-bar-tandem/","308","/product/pumpa-za-vodu-reich-19l-1-4-bar-tandem","",""
"product-sitemap2.xml","https://www.petroni.hr/proizvod/prekrivac-za-kamp-prikolicu-reimotent-premium-460-520cm/","308","/product/prekrivac-za-kamp-prikolicu-reimotent-premium-460-520cm","",""
"product-sitemap2.xml","https://www.petroni.hr/proizvod/pumpa-za-vodu-12v-maas-20-lit-15-bar-potopna/","308","/product/pumpa-za-vodu-12v-maas-20-lit-1-5-bar-potopna","",""
"product-sitemap2.xml","https://www.petroni.hr/proizvod/rucica-tusa-charisma-1-2/","308","/product/rucica-tusa-charisma-1-2","",""
"product-sitemap2.xml","https://www.petroni.hr/proizvod/jastuk-quick-lock-za-pricvrscivanje-sipki-predsatora/","308","/product/jastuk-quick-lock-za-pricvrscivanje-sipki-predsatora","",""
"product-sitemap2.xml","https://www.petroni.hr/proizvod/spremnik-otpadne-vode-90lit-za-fiat-ducato-2006/","308","/product/spremnik-otpadne-vode-90-lit-za-fiat-ducato-2006","",""
"product-sitemap2.xml","https://www.petroni.hr/proizvod/jastuk-quick-lock-za-pricvrscivanje-sipki-predsatora-2/","308","/product/jastuk-quick-lock-za-pricvrscivanje-sipki-predsatora-23567","",""
"product-sitemap2.xml","https://www.petroni.hr/proizvod/cep-spremnika-za-vodu-126x34mm/","308","/product/cep-spremnika-za-vodu-126x34mm","",""
"product-sitemap2.xml","https://www.petroni.hr/proizvod/poklopac-ukrasni-za-kotace-16-vw-transporter/","308","/product/poklopac-ukrasni-za-kotace-16-vw-transporter","",""
"product-sitemap2.xml","https://www.petroni.hr/proizvod/noga-stola-preklopnog-590-780mm/","308","/product/noga-stola-preklopnog-590-780mm","",""
"product-sitemap2.xml","https://www.petroni.hr/proizvod/crijevo-za-plin-40cm-do-30c-1-4%e2%80%b31-4%e2%80%b3/","308","/product/crijevo-za-plin-40cm-do-30c-1-4-1-4","",""
"product-sitemap2.xml","https://www.petroni.hr/proizvod/inverter-vechline-1500w-p3000w-12v-220v/","308","/product/inverter-vechline-1500w-p3000w-12v-220v","",""
"product-sitemap2.xml","https://www.petroni.hr/en/product/inverter-vechline-1500w-p3000w-12v-220v/","308","/product/inverter-vechline-1500w-p3000w-12v-220v?lang=en","en",""
"product-sitemap2.xml","https://www.petroni.hr/proizvod/cepovi-za-vijke-stednjaka-dometic-smev-thetford-s-et/","308","/product/cepovi-za-vijke-stednjaka-dometic-smev-thetford-set","",""
"product-sitemap2.xml","https://www.petroni.hr/en/product/cepovi-za-vijke-stednjaka-dometic-smev-thetford-s-et/","308","/product/cepovi-za-vijke-stednjaka-dometic-smev-thetford-set?lang=en","en",""
"product-sitemap2.xml","https://www.petroni.hr/proizvod/podizac-drzac-prozora-dometic-s3-s4-lijevi-2/","308","/product/podizac-drzac-prozora-seitz-s3-s4-lijevi","",""
"product-sitemap2.xml","https://www.petroni.hr/en/product/podizac-drzac-prozora-dometic-s3-s4-lijevi-2/","308","/product/podizac-drzac-prozora-seitz-s3-s4-lijevi?lang=en","en",""
"product-sitemap2.xml","https://www.petroni.hr/proizvod/podizac-drzac-prozora-dometic-s3-s4-desni/","308","/product/podizac-drzac-prozora-seitz-s3-s4-desni","",""
"product-sitemap2.xml","https://www.petroni.hr/en/product/podizac-drzac-prozora-dometic-s3-s4-desni/","308","/product/podizac-drzac-prozora-seitz-s3-s4-desni?lang=en","en",""
"product-sitemap2.xml","https://www.petroni.hr/proizvod/regulator-solarnog-punjenja-mppt-12-24v-20a/","308","/product/regulator-solarnog-punjenja-mppt-12-24v-20a","",""
"product-sitemap2.xml","https://www.petroni.hr/proizvod/regulator-solarnog-punjenja-mppt-dualcontroller-30a/","308","/product/regulator-solarnog-punjenja-mppt-dualcontroller-30a","",""
"product-sitemap2.xml","https://www.petroni.hr/en/product/pumpa-za-vodu-12v-12-litara-06-bar/","308","/product/pumpa-za-vodu-12v-12-litara-0-6-bar?lang=en","en",""
"product-sitemap2.xml","https://www.petroni.hr/proizvod/prekrivac-rude-prikolice-80x60-pvc/","308","/product/prekrivac-rude-prikolice-80x60-pvc","",""
"product-sitemap2.xml","https://www.petroni.hr/proizvod/termozastita-prednjeg-stakla-ford-transit-06-nutarnja/","308","/product/termozastita-kabine-ford-transit-06-nutarnja","",""
"product-sitemap2.xml","https://www.petroni.hr/en/product/termozastita-prednjeg-stakla-ford-transit-06-nutarnja/","308","/product/termozastita-kabine-ford-transit-06-nutarnja?lang=en","en",""
"product-sitemap2.xml","https://www.petroni.hr/proizvod/inverter-sinusni-12v-220v-1000w-3000w-carbest/","308","/product/inverter-sinusni-12v-220v-1000w-3000w-carbest","",""
"product-sitemap2.xml","https://www.petroni.hr/proizvod/pipa-mjesalica-za-kupaonu-trend-e-reich/","308","/product/pipa-mjesalica-za-kupaonu-trend-e-reich","",""
"product-sitemap2.xml","https://www.petroni.hr/en/product/pipa-mjesalica-za-kupaonu-trend-e-reich/","308","/product/pipa-mjesalica-za-kupaonu-trend-e-reich?lang=en","en",""
"product-sitemap2.xml","https://www.petroni.hr/proizvod/nogice-za-stabilizaciju-kampera-al-ko-320-440mm/","308","/product/parking-nogice-za-stabilizaciju-kampera-al-ko-320-440mm","",""
"product-sitemap2.xml","https://www.petroni.hr/proizvod/utikac-13-pola-za-prikolice-plasticni/","308","/product/utikac-13-pola-za-prikolice-plasticni","",""
"product-sitemap2.xml","https://www.petroni.hr/en/product/utikac-13-pola-za-prikolice-plasticni/","308","/product/utikac-13-pola-za-prikolice-plasticni?lang=en","en",""
"product-sitemap2.xml","https://www.petroni.hr/proizvod/uticnica-13-pola-za-prikolice-plasticna/","308","/product/uticnica-13-pola-za-prikolice-plasticna","",""
"product-sitemap2.xml","https://www.petroni.hr/en/product/uticnica-13-pola-za-prikolice-plasticna/","308","/product/uticnica-13-pola-za-prikolice-plasticna?lang=en","en",""
"product-sitemap2.xml","https://www.petroni.hr/proizvod/utikac-7-pola-za-prikolicu-plasticni/","308","/product/utikac-7-pola-za-prikolicu-plasticni","",""
"product-sitemap2.xml","https://www.petroni.hr/en/product/utikac-7-pola-za-prikolicu-plasticni/","308","/product/utikac-7-pola-za-prikolicu-plasticni?lang=en","en",""
"product-sitemap2.xml","https://www.petroni.hr/proizvod/adapter-za-prikolicu-13-na-7-pola-mini/","308","/product/adapter-za-prikolicu-13-na-7-pola-mini","",""
"product-sitemap2.xml","https://www.petroni.hr/proizvod/adapter-za-prikljucak-prikolice-13-na-7-pola/","308","/product/adapter-za-prikolicu-13-na-7-pola","",""
"product-sitemap2.xml","https://www.petroni.hr/proizvod/podizac-drzac-prozor-cijevni-polyplast-vijak/","308","/product/podizac-drzac-prozor-cijevni-polyplast-vijak","",""
"product-sitemap2.xml","https://www.petroni.hr/proizvod/zatezac-tende-rafter-fiamma/","308","/product/zatezac-tende-rafter-fiamma","",""
"product-sitemap2.xml","https://www.petroni.hr/en/product/zatezac-tende-rafter-fiamma/","308","/product/zatezac-tende-rafter-fiamma?lang=en","en",""
"product-sitemap2.xml","https://www.petroni.hr/proizvod/regulator-punjenja-za-solare-12v-15a/","308","/product/regulator-punjenja-za-solare-12v-15a","",""
"product-sitemap2.xml","https://www.petroni.hr/proizvod/uvodnik-za-kabel-bijeli-jednostruki/","308","/product/uvodnik-za-kabel-bijeli-jednostruki","",""
"product-sitemap2.xml","https://www.petroni.hr/proizvod/akumulator-stacionarni-yuasa-leisure-12v-100ah/","308","/product/akumulator-stacionarni-yuasa-leisure-12v-100ah","",""
"product-sitemap2.xml","https://www.petroni.hr/proizvod/jaje-osigurac-protiv-krade-prikolice/","308","/product/osigurac-jaje-protiv-krade-prikolice","",""
"product-sitemap2.xml","https://www.petroni.hr/proizvod/ventil-za-ispust-otpadne-vode-3-zadi/","308","/product/ventil-za-ispust-otpadne-vode-3-zadi","",""
"product-sitemap2.xml","https://www.petroni.hr/en/product/ventil-za-ispust-otpadne-vode-3-zadi/","308","/product/ventil-za-ispust-otpadne-vode-3-zadi?lang=en","en",""
"product-sitemap2.xml","https://www.petroni.hr/proizvod/prikljucak-za-pumpu-vode-fi-10-ravni/","308","/product/prikljucak-za-pumpu-vode-fi-10-ravni","",""
"product-sitemap2.xml","https://www.petroni.hr/en/product/retrovizor-fiat-ducato-06-duga-ruka-desni/","308","/product/retrovizor-fiat-ducato-06-duga-ruka-desni?lang=en","en",""
"product-sitemap2.xml","https://www.petroni.hr/proizvod/retrovizor-fiat-ducato-06-duga-ruka-desni/","308","/product/retrovizor-fiat-ducato-06-duga-ruka-desni","",""
"product-sitemap2.xml","https://www.petroni.hr/proizvod/rucica-za-ucvrscivanje-polyplast-prozora-ld/","308","/product/rucica-za-ucvrscivanje-polyplast-prozora-klizna-montaza","",""
"product-sitemap2.xml","https://www.petroni.hr/en/product/rucica-za-ucvrscivanje-polyplast-prozora-ld/","308","/product/rucica-za-ucvrscivanje-polyplast-prozora-klizna-montaza?lang=en","en",""
"product-sitemap2.xml","https://www.petroni.hr/en/product/staklo-prozora-dometic-midi-heki-700x500/","410","","","removed_product"
"product-sitemap2.xml","https://www.petroni.hr/proizvod/pretvarac-12v-220v-1500w-sinusni/","308","/product/inverter-12v-220v-1500w-4500w-sinusni","",""
"product-sitemap2.xml","https://www.petroni.hr/proizvod/okvir-alu-za-odlaganje-stvari-bez-mrezice/","308","/product/okvir-alu-za-odlaganje-stvari-bez-mrezice","",""
"product-sitemap2.xml","https://www.petroni.hr/en/product/okvir-alu-za-odlaganje-stvari-bez-mrezice/","308","/product/okvir-alu-za-odlaganje-stvari-bez-mrezice?lang=en","en",""
"product-sitemap2.xml","https://www.petroni.hr/proizvod/svjetlo-bocno-gornje-desno-hella/","308","/product/svjetlo-bocno-gornje-desno-hella","",""
"product-sitemap2.xml","https://www.petroni.hr/en/product/svjetlo-bocno-gornje-desno-hella/","308","/product/svjetlo-bocno-gornje-desno-hella?lang=en","en",""
"product-sitemap2.xml","https://www.petroni.hr/proizvod/spremnik-za-otpadnu-vodu-za-fiat-ducato-2006-93-litra/","308","/product/spremnik-za-otpadnu-vodu-za-fiat-ducato-2006-93-litra","",""
"product-sitemap2.xml","https://www.petroni.hr/en/product/spremnik-za-otpadnu-vodu-za-fiat-ducato-2006-93-litra/","308","/product/spremnik-za-otpadnu-vodu-za-fiat-ducato-2006-93-litra?lang=en","en",""
"product-sitemap2.xml","https://www.petroni.hr/proizvod/kabel-produzni-12v-sa-uticnicom-za-upaljac/","308","/product/kabel-produzni-12v-sa-uticnicom-za-upaljac","",""
"product-sitemap2.xml","https://www.petroni.hr/proizvod/brava-sa-cilindrom-i-kljucem-fap-1036/","308","/product/brava-sa-cilindrom-i-kljucem-fap-1036","",""
"product-sitemap2.xml","https://www.petroni.hr/en/product/brava-sa-cilindrom-i-kljucem-fap-1036/","308","/product/brava-sa-cilindrom-i-kljucem-fap-1036?lang=en","en",""
"product-sitemap2.xml","https://www.petroni.hr/proizvod/brava-za-vrata-fap-bijela/","308","/product/brava-za-vrata-fap-bijela","",""
"product-sitemap2.xml","https://www.petroni.hr/en/product/brava-za-vrata-fap-bijela/","308","/product/brava-za-vrata-fap-bijela?lang=en","en",""
"product-sitemap2.xml","https://www.petroni.hr/proizvod/bravica-vrata-push-lock/","308","/product/bravica-vrata-push-lock","",""
"product-sitemap2.xml","https://www.petroni.hr/proizvod/termozastita-prednjeg-stakla-vanjska-iveco-daily-2015/","308","/product/termozastita-prednjeg-stakla-vanjska-iveco-daily-2015","",""
"product-sitemap2.xml","https://www.petroni.hr/en/product/stol-za-kampiranje-bergamo-4-deluxe-100x68cm/","308","/product/stol-kamperski-bergamo-4-deluxe-100x68cm?lang=en","en",""
"product-sitemap2.xml","https://www.petroni.hr/proizvod/stol-za-kampiranje-bergamo-4-deluxe-100x68cm/","308","/product/stol-kamperski-bergamo-4-deluxe-100x68cm","",""
"product-sitemap2.xml","https://www.petroni.hr/en/product/spremnik-za-vodu-100-lit-36x27x100/","308","/product/spremnik-za-vodu-100-lit-36x27x100?lang=en","en",""
"product-sitemap2.xml","https://www.petroni.hr/proizvod/spremnik-za-vodu-100-lit-36x27x100/","308","/product/spremnik-za-vodu-100-lit-36x27x100","",""
"product-sitemap2.xml","https://www.petroni.hr/proizvod/cassete-tank-cleaner-thetford-1-lit/","308","/product/cassete-tank-cleaner-thetford-1-lit","",""
"product-sitemap2.xml","https://www.petroni.hr/proizvod/rozeta-ispuha-toplog-zraka-fi-65-bez/","308","/product/rozeta-ispuha-toplog-zraka-fi-65-bez","",""
"product-sitemap2.xml","https://www.petroni.hr/en/product/rozeta-ispuha-toplog-zraka-fi-65-bez/","308","/product/rozeta-ispuha-toplog-zraka-fi-65-bez?lang=en","en",""
"product-sitemap2.xml","https://www.petroni.hr/proizvod/selna-plasticna-usis-ispuh-za-truma-combi-bojler/","308","/product/selna-plasticna-usis-ispuh-za-truma-combi-bojler","",""
"product-sitemap2.xml","https://www.petroni.hr/en/product/selna-plasticna-usis-ispuh-za-truma-combi-bojler/","308","/product/selna-plasticna-usis-ispuh-za-truma-combi-bojler?lang=en","en",""
"product-sitemap2.xml","https://www.petroni.hr/proizvod/tepih-za-predsator-viamondo-economy-sivi-25x5m/","308","/product/tepih-za-predprostor-viamondo-economy-sivi-2-5x5m","",""
"product-sitemap2.xml","https://www.petroni.hr/en/product/tepih-za-predsator-viamondo-economy-sivi-25x5m/","308","/product/tepih-za-predprostor-viamondo-economy-sivi-2-5x5m?lang=en","en",""
"product-sitemap2.xml","https://www.petroni.hr/proizvod/sperploca-topola-122x244cm/","308","/product/panel-sperploca-viseslojna-topola-2440x1220x14-5mm","",""
"product-sitemap2.xml","https://www.petroni.hr/proizvod/brava-vrata-fap-ovalna-sa-klucem-i-cilindrom/","308","/product/brava-vrata-fap-ovalna-sa-klucem-i-cilindrom","",""
"product-sitemap2.xml","https://www.petroni.hr/proizvod/lampa-okrugla-neon-gr10q-e-fi-203/","308","/product/lampa-okrugla-neon-22w-gr10q-e-fi-203mm","",""
"product-sitemap2.xml","https://www.petroni.hr/proizvod/lampa-neon-8w-g5-300mm/","308","/product/lampa-neon-8w-g5-300mm","",""
"product-sitemap2.xml","https://www.petroni.hr/proizvod/profil-kutni-90-22m-tamno-sivi/","308","/product/profil-kutni-90-2-2m-tamno-sivi","",""
"product-sitemap2.xml","https://www.petroni.hr/proizvod/crijevo-za-tus-metal-efekt-3-8-15m/","308","/product/crijevo-za-tus-metal-efekt-3-8-1-5m","",""
"product-sitemap2.xml","https://www.petroni.hr/proizvod/kuhinja-kamperska-camp4-bamboo-quick/","308","/product/kuhinja-kamperska-camp4-bamboo-quick","",""
"product-sitemap2.xml","https://www.petroni.hr/proizvod/prihvat-hvatac-vrata-it/","308","/product/drzac-hvatac-vrata-it","",""
"product-sitemap2.xml","https://www.petroni.hr/proizvod/kit-za-popravak-bravice-fap/","308","/product/kit-za-popravak-bravice-fap","",""
"product-sitemap2.xml","https://www.petroni.hr/proizvod/solar-panel-150w-extrasun/","308","/product/solar-panel-150w-extrasun","",""
"product-sitemap2.xml","https://www.petroni.hr/proizvod/kanta-za-otpad-6-lit-265x15x35cm/","308","/product/kanta-za-otpad-6-lit-26-5x15x35cm","",""
"product-sitemap2.xml","https://www.petroni.hr/proizvod/ruka-za-otvaranje-tende-fiamma-123cm/","308","/product/ruka-za-otvaranje-tende-fiamma-123cm","",""
"product-sitemap2.xml","https://www.petroni.hr/en/product/ruka-za-otvaranje-tende-fiamma-123cm/","308","/product/ruka-za-otvaranje-tende-fiamma-123cm?lang=en","en",""
"product-sitemap2.xml","https://www.petroni.hr/proizvod/crijevo-za-tus-metal-15m-3-8x1-2/","308","/product/crijevo-za-tus-metal-1-5m-3-8-x1-2","",""
"product-sitemap2.xml","https://www.petroni.hr/proizvod/regulator-za-plin-gok-30mbar-3-izlaza/","308","/product/regulator-za-plin-gok-30mbar-3-izlaza","",""
"product-sitemap2.xml","https://www.petroni.hr/proizvod/brava-vrata-hsc-fawo-bez-kljuca-i-cilindra/","308","/product/brava-vrata-hsc-fawo-bez-kljuca-i-cilindra","",""
"product-sitemap2.xml","https://www.petroni.hr/proizvod/cep-vacum-za-ucvrscivanje-termozastite-stakla-set/","308","/product/cep-vacum-za-ucvrscivanje-termozastite-stakla-set","",""
"product-sitemap2.xml","https://www.petroni.hr/proizvod/drzac-za-sipke-predsatora/","308","/product/drzac-za-sipke-predsatora-plasticni-horizontalni","",""
"product-sitemap2.xml","https://www.petroni.hr/proizvod/vjesalica-sa-4-kukice/","308","/product/vjesalica-sa-4-kukice","",""
"product-sitemap2.xml","https://www.petroni.hr/en/product/vjesalica-sa-4-kukice/","308","/product/vjesalica-sa-4-kukice?lang=en","en",""
"product-sitemap2.xml","https://www.petroni.hr/proizvod/kabel-produzni-cee-10m-3x15mm/","308","/product/kabel-produzni-cee-10m-3x1-5mm","",""
"product-sitemap2.xml","https://www.petroni.hr/proizvod/alarm-za-plin-kronings-trigas-mini/","308","/product/alarm-za-plin-linnepe-trigas-mini-12v","",""
"product-sitemap2.xml","https://www.petroni.hr/en/product/alarm-za-plin-kronings-trigas-mini/","308","/product/alarm-za-plin-linnepe-trigas-mini-12v?lang=en","en",""
"product-sitemap2.xml","https://www.petroni.hr/proizvod/stolica-kamperska-barrosa-crno-plava/","308","/product/stolica-kamperska-barrosa-crno-plava","",""
"product-sitemap2.xml","https://www.petroni.hr/proizvod/tepih-za-predprostor-arisol-luxus-25x5m-500gr-m2-sivi/","308","/product/tepih-za-predprostor-arisol-luxus-2-5x5m-500gr-m2-sivi","",""
"product-sitemap2.xml","https://www.petroni.hr/proizvod/kartusa-za-jednorucnu-mjesalicu-fi-35mm-charisma/","308","/product/kartusa-za-jednorucnu-mjesalicu-fi-35mm-charisma","",""
"product-sitemap2.xml","https://www.petroni.hr/proizvod/kartusa-za-jednorucnu-mjesalicu-reich-fi-25mm/","308","/product/kartusa-za-jednorucnu-mjesalicu-reich-fi-25mm","",""
"product-sitemap2.xml","https://www.petroni.hr/proizvod/kartusa-za-jednorucnu-mjesalicu-reich-fi-35mm/","308","/product/kartusa-za-jednorucnu-mjesalicu-reich-fi-35mm","",""
"product-sitemap2.xml","https://www.petroni.hr/proizvod/trake-gurtne-za-ucvrscivanje-zastitnih-prekrivki-vozila/","308","/product/trake-gurtne-za-ucvrscivanje-zastitnih-prekrivki-vozila","",""
"product-sitemap2.xml","https://www.petroni.hr/proizvod/klinovi-za-ucvrscivanje-satora-i-tendi-6x170mm/","308","/product/klinovi-za-ucvrscivanje-satora-i-tendi-6x170mm","",""
"product-sitemap2.xml","https://www.petroni.hr/proizvod/klinovi-za-ucvrscivanje-satora-i-tendi-6x230mm/","308","/product/klinovi-za-ucvrscivanje-satora-i-tendi-6x230mm","",""
"product-sitemap2.xml","https://www.petroni.hr/proizvod/set-ua-ucvrscivanje-satora-i-tendi-19-djelni/","308","/product/set-za-ucvrscivanje-satora-i-tendi-19-djelni","",""
"product-sitemap2.xml","https://www.petroni.hr/proizvod/stol-pomocni-53x38x64cm/","308","/product/stol-pomocni-53x38x64cm","",""
"product-sitemap2.xml","https://www.petroni.hr/proizvod/staklo-krovnog-prozora-dometic-midi-heki-style-700x500/","308","/product/staklo-krovnog-prozora-dometic-midi-heki-style-700x500","",""
"product-sitemap2.xml","https://www.petroni.hr/en/product/staklo-krovnog-prozora-dometic-midi-heki-style-700x500/","308","/product/staklo-krovnog-prozora-dometic-midi-heki-style-700x500?lang=en","en",""
"product-sitemap2.xml","https://www.petroni.hr/proizvod/traka-pjena-brtvena-izmedu-kamp-vozila-i-tende-thule/","308","/product/traka-pjena-brtvena-izmedu-kamp-vozila-i-tende-thule","",""
"product-sitemap2.xml","https://www.petroni.hr/proizvod/prikljucak-za-vodu-kutni-12mm-jg-crijevo/","308","/product/prikljucak-za-vodu-kutni-12mm-jg-crijevo","",""
"product-sitemap2.xml","https://www.petroni.hr/proizvod/resetka-hladnjaka-thetford-490x249mm/","308","/product/resetka-hladnjaka-thetford-490x249mm","",""
"product-sitemap2.xml","https://www.petroni.hr/proizvod/svjetlo-led-12-24v-4w-75x18mm/","308","/product/svjetlo-led-12-24v-4w-75x18mm","",""
"product-sitemap2.xml","https://www.petroni.hr/en/product/svjetlo-led-12-24v-4w-75x18mm/","308","/product/svjetlo-led-12-24v-4w-75x18mm?lang=en","en",""
"product-sitemap2.xml","https://www.petroni.hr/proizvod/cep-za-vodu-fiamma-sa-kljucem/","308","/product/cep-za-vodu-fiamma-sa-kljucem","",""
"product-sitemap2.xml","https://www.petroni.hr/proizvod/nosac-za-tv-klizni-lcd-project-2000/","308","/product/nosac-za-tv-klizni-lcd-project-2000","",""
"product-sitemap2.xml","https://www.petroni.hr/proizvod/konektor-za-solare-mc4/","308","/product/konektor-za-solare-mc4","",""
"product-sitemap2.xml","https://www.petroni.hr/proizvod/sina-za-bicikl-fiamma-rail-quick-128cm-crvena/","308","/product/sina-za-bicikl-fiamma-rail-quick-128cm-crvena","",""
"product-sitemap2.xml","https://www.petroni.hr/proizvod/kartusa-za-pipu-35mm/","308","/product/kartusa-za-pipu-35mm","",""
"product-sitemap2.xml","https://www.petroni.hr/proizvod/ruka-za-ucvrscivanje-bicikla-fiamma-bike-block-pro-2-siva/","308","/product/ruka-za-ucvrscivanje-bicikla-fiamma-bike-block-pro-2-siva","",""
"product-sitemap2.xml","https://www.petroni.hr/en/product/ventil-dvostruki-za-plin-2-izlaza-1-4/","308","/product/ventil-dvostruki-za-plin-2-izlaza-1-4?lang=en","en",""
"product-sitemap2.xml","https://www.petroni.hr/proizvod/pribor-za-jelo-16djelni-za-4-osobe/","308","/product/pribor-za-jelo-16djelni-za-4-osobe","",""
"product-sitemap2.xml","https://www.petroni.hr/proizvod/brava-ulaznih-vrata-fap-120x135mm-bijela/","308","/product/brava-ulaznih-vrata-fap-120x135mm-bijela","",""
"product-sitemap2.xml","https://www.petroni.hr/proizvod/kartusa-za-jednorucnu-mjesalicu-fi-35-2-nosa/","308","/product/kartusa-za-jednorucnu-mjesalicu-fi-35-2-nosa","",""
"product-sitemap2.xml","https://www.petroni.hr/proizvod/kartusa-za-jednorucnu-mjesalicu-fi-35mm-1nos-razdjelnik/","308","/product/kartusa-za-jednorucnu-mjesalicu-fi-35mm-1nos-razdjelnik","",""
"product-sitemap2.xml","https://www.petroni.hr/proizvod/tus-vanjski-jenny-12v/","308","/product/tus-vanjski-jenny-12v","",""
"product-sitemap2.xml","https://www.petroni.hr/en/product/tus-vanjski-jenny-12v/","308","/product/tus-vanjski-jenny-12v?lang=en","en",""
"product-sitemap2.xml","https://www.petroni.hr/en/product/spremnik-za-vodu-flexibilni-20-litara/","308","/product/spremnik-za-vodu-flexibilni-20-litara?lang=en","en",""
"product-sitemap2.xml","https://www.petroni.hr/proizvod/spremnik-za-vodu-flexibilni-20-litara/","308","/product/spremnik-za-vodu-flexibilni-20-litara","",""
"product-sitemap2.xml","https://www.petroni.hr/en/product/svjetlo-vanjsko-ispod-tende-12v-18leds-480mm-crno/","308","/product/svjetlo-vanjsko-ispod-tende-12v-18leds-480mm-crno?lang=en","en",""
"product-sitemap2.xml","https://www.petroni.hr/proizvod/poklopac-ukrasni-za-kotac-fiat-ducato-15-09/","308","/product/poklopac-ukrasni-za-kotac-fiat-ducato-15-09","",""
"product-sitemap2.xml","https://www.petroni.hr/proizvod/kartusa-za-jednorucnu-mjesalicu-reich-fi-28-2-nosa/","308","/product/kartusa-za-jednorucnu-mjesalicu-reich-fi-28-2-nosa","",""
"product-sitemap2.xml","https://www.petroni.hr/proizvod/kartusa-za-jednosrucnu-reich-mjesalicu-fi-25-1-nos/","308","/product/kartusa-za-jednosrucnu-reich-mjesalicu-fi-25-1-nos","",""
"product-sitemap2.xml","https://www.petroni.hr/proizvod/kartusa-za-jednorucnu-mjesalicu-fi-25mm-2-nosa/","308","/product/kartusa-za-jednorucnu-mjesalicu-fi-25mm-2-nosa","",""
"product-sitemap2.xml","https://www.petroni.hr/proizvod/kartusa-za-jednorucnu-mjesalicu-f-25-2-nosa/","308","/product/kartusa-za-jednorucnu-mjesalicu-f-25-2-nosa","",""
"product-sitemap2.xml","https://www.petroni.hr/proizvod/kartusa-za-jednorucnu-mjesalicu-fi-25-2-zuba/","308","/product/kartusa-za-jednorucnu-mjesalicu-fi-25-2-zuba","",""
"product-sitemap2.xml","https://www.petroni.hr/proizvod/stoper-za-c-sinu-za-zavjese/","308","/product/stoper-za-c-sinu-za-zavjese","",""
"product-sitemap2.xml","https://www.petroni.hr/proizvod/inverter-400w-12v-220v-nds-sp400-cisti-sinus/","308","/product/inverter-400w-12v-220v-nds-sp400-cisti-sinus","",""
"product-sitemap2.xml","https://www.petroni.hr/en/product/inverter-400w-12v-220v-nds-sp400-cisti-sinus/","308","/product/inverter-400w-12v-220v-nds-sp400-cisti-sinus?lang=en","en",""
"product-sitemap2.xml","https://www.petroni.hr/proizvod/kabel-produzni-cee-25m-3x15mm2-neopren/","308","/product/kabel-produzni-cee-25m-3x1-5mm2-neopren","",""
"product-sitemap2.xml","https://www.petroni.hr/en/product/kabel-produzni-cee-25m-3x15mm2-neopren/","308","/product/kabel-produzni-cee-25m-3x1-5mm2-neopren?lang=en","en",""
"product-sitemap2.xml","https://www.petroni.hr/proizvod/okvir-sa-mrezom-za-odlaganje-stvari-366x180/","308","/product/okvir-sa-mrezom-za-odlaganje-stvari-366x180","",""
"product-sitemap2.xml","https://www.petroni.hr/en/product/okvir-sa-mrezom-za-odlaganje-stvari-366x180/","308","/product/okvir-sa-mrezom-za-odlaganje-stvari-366x180?lang=en","en",""
"product-sitemap2.xml","https://www.petroni.hr/proizvod/okvir-za-uticnice-i-saltere-cbe-berker-60x60-smedi/","308","/product/okvir-za-uticnice-i-saltere-cbe-berker-60x60-smedi","",""
"product-sitemap2.xml","https://www.petroni.hr/proizvod/tus-kada-600x600-bijela/","308","/product/tus-kada-600x600-bijela","",""
"product-sitemap2.xml","https://www.petroni.hr/en/product/tus-kada-600x600-bijela/","308","/product/tus-kada-600x600-bijela?lang=en","en",""
"product-sitemap2.xml","https://www.petroni.hr/proizvod/sifon-kutni-3-4-31mm/","308","/product/sifon-kutni-3-4-31mm","",""
"product-sitemap2.xml","https://www.petroni.hr/en/product/sifon-kutni-3-4-31mm/","308","/product/sifon-kutni-3-4-31mm?lang=en","en",""
"product-sitemap2.xml","https://www.petroni.hr/proizvod/hvatac-drzac-za-vrata-pomicni-bijeli/","308","/product/hvatac-drzac-za-vrata-pomicni-bijeli","",""
"product-sitemap2.xml","https://www.petroni.hr/en/product/hvatac-drzac-za-vrata-pomicni-bijeli/","308","/product/hvatac-drzac-za-vrata-pomicni-bijeli?lang=en","en",""
"product-sitemap2.xml","https://www.petroni.hr/proizvod/pipa-mjesalica-reich/","308","/product/pipa-mjesalica-reich","",""
"product-sitemap2.xml","https://www.petroni.hr/proizvod/brava-vrata-fap/","308","/product/brava-vrata-fap","",""
"product-sitemap2.xml","https://www.petroni.hr/proizvod/podupirac-trokutni-27t-set/","308","/product/podupirac-trokutni-set-4-kom","",""
"product-sitemap2.xml","https://www.petroni.hr/en/product/podupirac-trokutni-27t-set/","308","/product/podupirac-trokutni-set-4-kom?lang=en","en",""
"product-sitemap2.xml","https://www.petroni.hr/en/product/hladnjak-kompresorski-carbest-cv50l-12-24v/","308","/product/hladnjak-kompresorski-carbest-cv50l-12-24v?lang=en","en",""
"product-sitemap2.xml","https://www.petroni.hr/proizvod/tepih-za-predprostor-villa-soft-deluxe-5x25m-sivi/","308","/product/tepih-za-predprostor-villa-soft-deluxe-5x2-5m-sivi","",""
"product-sitemap2.xml","https://www.petroni.hr/proizvod/rostilj-plinski-woki-30mbar/","308","/product/rostilj-plinski-woki-30mbar","",""
"product-sitemap2.xml","https://www.petroni.hr/en/product/rostilj-plinski-woki-30mbar/","308","/product/rostilj-plinski-woki-30mbar?lang=en","en",""
"product-sitemap2.xml","https://www.petroni.hr/proizvod/klizne-vodilice-za-zavjese-rolo-dometic-sp0264z/","308","/product/klizne-vodilice-za-zavjese-rolo-dometic-sp0264z","",""
"product-sitemap2.xml","https://www.petroni.hr/proizvod/utikaci-putni-set-4-djela/","308","/product/utikaci-putni-set-4-djela","",""
"product-sitemap2.xml","https://www.petroni.hr/proizvod/kabel-razdjelnik-schuko-3-djelni-15m/","308","/product/kabel-razdjelnik-schuko-3-djelni-1-5m","",""
"product-sitemap2.xml","https://www.petroni.hr/proizvod/stezaljka-za-cijev-fi-21-23mm-sa-vijkom-set/","308","/product/selna-za-cijev-predsatora-fi-21-23mm-sa-vijkom-set-5kom","",""
"product-sitemap2.xml","https://www.petroni.hr/en/product/stezaljka-za-cijev-fi-21-23mm-sa-vijkom-set/","308","/product/selna-za-cijev-predsatora-fi-21-23mm-sa-vijkom-set-5kom?lang=en","en",""
"product-sitemap2.xml","https://www.petroni.hr/proizvod/drzac-hvatac-vrata-magnetni-crni/","308","/product/hvatac-drzac-vrata-magnetni-crni","",""
"product-sitemap2.xml","https://www.petroni.hr/proizvod/bravica-za-namjestaj-push-lock-zamak-chrom/","308","/product/bravica-za-namjestaj-push-lock-zamak-chrom","",""
"product-sitemap2.xml","https://www.petroni.hr/proizvod/kabel-prikljucni-za-solare-xt60/","308","/product/kabel-prikljucni-za-solare-xt60","",""
"product-sitemap2.xml","https://www.petroni.hr/proizvod/elektronika-hladnjaka-thetford-n4000/","308","/product/elektronika-hladnjaka-thetford-n4000","",""
"product-sitemap2.xml","https://www.petroni.hr/proizvod/termozastita-prednjih-stakala-za-ford-transit-06-14-vanjska/","308","/product/termozastita-prednjih-stakala-za-ford-transit-06-14-vanjska","",""
"product-sitemap2.xml","https://www.petroni.hr/proizvod/hladnjak-kompresorski-dometic-rc10-4-70-litara/","308","/product/hladnjak-kompresorski-dometic-rc10-4-70-litara","",""
"product-sitemap2.xml","https://www.petroni.hr/en/product/hladnjak-kompresorski-dometic-rc10-4-70-litara/","308","/product/hladnjak-kompresorski-dometic-rc10-4-70-litara?lang=en","en",""
"product-sitemap2.xml","https://www.petroni.hr/proizvod/tenda-fiamma-caravanstore-360xl/","308","/product/tenda-fiamma-caravanstore-360xl","",""
"product-sitemap2.xml","https://www.petroni.hr/proizvod/set-za-popravak-tendi-fiamma/","308","/product/set-za-popravak-tendi-fiamma","",""
"product-sitemap2.xml","https://www.petroni.hr/proizvod/cep-gumeni-za-pokrivanje-vijaka-na-stednjacima-smev-dometic/","308","/product/cep-gumeni-za-pokrivanje-vijaka-na-stednjacima-smev-dometic","",""
"product-sitemap2.xml","https://www.petroni.hr/proizvod/pipa-mjesalica-jednorucna-sa-zakrivljenim-izljevom/","308","/product/pipa-mjesalica-jednorucna-sa-zakrivljenim-izljevom","",""
"product-sitemap2.xml","https://www.petroni.hr/proizvod/rucica-za-kazetne-zavjese-set/","308","/product/rucica-za-kazetne-zavjese-set","",""
"product-sitemap2.xml","https://www.petroni.hr/proizvod/brava-vrata-nutarnja-ontop-fap/","308","/product/brava-vrata-nutarnja-ontop-fap","",""
"product-sitemap2.xml","https://www.petroni.hr/proizvod/vjesalica-chrom-3-kukice-dethleffs/","308","/product/vjesalica-chrom-3-kukice-dethleffs","",""
"product-sitemap2.xml","https://www.petroni.hr/proizvod/pipa-mjesalica-reich-style-3005-buerstner/","308","/product/pipa-mjesalica-reich-style-3005-buerstner","",""
"product-sitemap2.xml","https://www.petroni.hr/proizvod/prekrivka-zastitna-za-kamp-prikolicu-580-640cm/","308","/product/prekrivka-zastitna-za-kamp-prikolicu-580-640cm","",""
"product-sitemap2.xml","https://www.petroni.hr/proizvod/kljuc-nasadni-19mm-za-busilicu-330mm/","308","/product/kljuc-nasadni-19mm-za-busilicu-330mm","",""
"product-sitemap2.xml","https://www.petroni.hr/proizvod/salice-sa-zlicama-melamin/","308","/product/salice-sa-zlicama-melamin","",""
"product-sitemap2.xml","https://www.petroni.hr/proizvod/osigurac-djeljivih-ulaznih-vrata/","308","/product/osigurac-djeljivih-ulaznih-vrata","",""
"product-sitemap2.xml","https://www.petroni.hr/proizvod/kanister-20-lit-sa-pipom/","308","/product/kanister-20-lit-sa-pipom","",""
"product-sitemap2.xml","https://www.petroni.hr/en/product/kanister-20-lit-sa-pipom/","308","/product/kanister-20-lit-sa-pipom?lang=en","en",""
"product-sitemap2.xml","https://www.petroni.hr/proizvod/prozor-krovni-dometic-midi-heki-700x500/","308","/product/prozor-krovni-dometic-midi-heki-700x500","",""
"product-sitemap2.xml","https://www.petroni.hr/en/product/prozor-krovni-dometic-midi-heki-700x500/","308","/product/prozor-krovni-dometic-midi-heki-700x500?lang=en","en",""
"product-sitemap2.xml","https://www.petroni.hr/proizvod/kurbla-za-nogice-za-stabilizaciju-632mm-fi-19mm/","308","/product/kurbla-za-nogice-za-stabilizaciju-632mm-fi-19mm","",""
"product-sitemap2.xml","https://www.petroni.hr/en/product/kurbla-za-nogice-za-stabilizaciju-632mm-fi-19mm/","308","/product/kurbla-za-nogice-za-stabilizaciju-632mm-fi-19mm?lang=en","en",""
"product-sitemap2.xml","https://www.petroni.hr/proizvod/svjetlo-za-voznju-unatrag-rikverc-svjetlo-jokon/","308","/product/svjetlo-za-voznju-unatrag-rikverc-svjetlo-jokon","",""
"product-sitemap2.xml","https://www.petroni.hr/proizvod/svjetlo-gabaritno-gornje-jokon/","308","/product/svjetlo-gabaritno-gornje-jokon","",""
"product-sitemap2.xml","https://www.petroni.hr/en/product/svjetlo-gabaritno-gornje-jokon/","308","/product/svjetlo-gabaritno-gornje-jokon?lang=en","en",""
"product-sitemap2.xml","https://www.petroni.hr/proizvod/tenda-thule-5200-35m-mystic-grey/","308","/product/tenda-thule-5200-3-5m-mystic-grey","",""
"product-sitemap2.xml","https://www.petroni.hr/proizvod/pumpa-za-vodu-12v-10-litara/","308","/product/pumpa-za-vodu-potopna-maas-12v-10-litara","",""
"product-sitemap2.xml","https://www.petroni.hr/en/product/pumpa-za-vodu-12v-10-litara/","308","/product/pumpa-za-vodu-potopna-maas-12v-10-litara?lang=en","en",""
"product-sitemap2.xml","https://www.petroni.hr/proizvod/prozor-krovni-40x40-fiamma-turbovent-12v/","308","/product/prozor-krovni-40x40-fiamma-turbovent-12v","",""
"product-sitemap2.xml","https://www.petroni.hr/en/product/spula-magnetna-za-truma-c3402-4002-6002/","308","/product/spula-magnetna-za-truma-c3402-4002-6002?lang=en","en",""
"product-sitemap2.xml","https://www.petroni.hr/proizvod/spula-magnetna-za-truma-c3402-4002-6002/","308","/product/spula-magnetna-za-truma-c3402-4002-6002","",""
"product-sitemap2.xml","https://www.petroni.hr/proizvod/adapter-kabel-cee-kutni-zenski-schuko-muski/","308","/product/adapter-kabel-cee-kutni-zenski-schuko-muski","",""
"product-sitemap2.xml","https://www.petroni.hr/proizvod/kuke-za-rolo-zavjese-set/","308","/product/zakacka-za-rolo-zavjese-seitz-set","",""
"product-sitemap2.xml","https://www.petroni.hr/proizvod/spojnica-za-vodu-t-12mm/","308","/product/spojnica-za-vodu-t-12mm","",""
"product-sitemap2.xml","https://www.petroni.hr/en/product/spojnica-za-vodu-t-12mm/","308","/product/spojnica-za-vodu-t-12mm?lang=en","en",""
"product-sitemap2.xml","https://www.petroni.hr/proizvod/cilindar-i-kljuc-fap-set/","308","/product/cilindar-i-kljuc-fap-hsc-set","",""
"product-sitemap2.xml","https://www.petroni.hr/proizvod/tepih-za-predprostor-keep-camp-250x450cm/","308","/product/tepih-za-predprostor-keep-camp-250x450cm","",""
"product-sitemap2.xml","https://www.petroni.hr/proizvod/prekrivka-zastitna-za-kamper-brunner-12m-600x240x270cm/","308","/product/prekrivka-zastitna-za-kamper-brunner-12m-600x240x270cm","",""
"product-sitemap2.xml","https://www.petroni.hr/proizvod/prekrivka-zastitna-za-bicikle-fiamma-bike-cover-s4/","308","/product/prekrivka-zastitna-za-bicikle-fiamma-bike-cover-s4","",""
"product-sitemap2.xml","https://www.petroni.hr/proizvod/pipa-za-hladnu-vodu-comet-london-chrom-crna/","308","/product/pipa-za-hladnu-vodu-comet-london-chrom-crna","",""
"product-sitemap2.xml","https://www.petroni.hr/en/product/pipa-za-hladnu-vodu-comet-london-chrom-crna/","308","/product/pipa-za-hladnu-vodu-comet-london-chrom-crna?lang=en","en",""
"product-sitemap2.xml","https://www.petroni.hr/proizvod/traka-za-ucvrscenje-tendi-i-predsatora-do-75-m-duzine/","308","/product/traka-za-ucvrscenje-tendi-i-predsatora-do-7-5-m-duzine","",""
"product-sitemap2.xml","https://www.petroni.hr/en/product/traka-za-ucvrscenje-tendi-i-predsatora-do-75-m-duzine/","308","/product/traka-za-ucvrscenje-tendi-i-predsatora-do-7-5-m-duzine?lang=en","en",""
"product-sitemap2.xml","https://www.petroni.hr/proizvod/ruka-za-ucvrscivanje-bicikla-na-nosacu-fiamma-bike-block-pro-3-2/","308","/product/ruka-za-ucvrscivanje-bicikla-na-nosacu-fiamma-bike-block-pro-3-15034","",""
"product-sitemap2.xml","https://www.petroni.hr/en/product/ruka-za-ucvrscivanje-bicikla-na-nosacu-fiamma-bike-block-pro-3-2/","308","/product/ruka-za-ucvrscivanje-bicikla-na-nosacu-fiamma-bike-block-pro-3-15034?lang=en","en",""
"product-sitemap2.xml","https://www.petroni.hr/proizvod/ruka-za-ucvrscivanje-bicikla-fiamma-bike-block-pro-1-siva/","308","/product/ruka-za-ucvrscivanje-bicikla-fiamma-bike-block-pro-1-siva","",""
"product-sitemap2.xml","https://www.petroni.hr/proizvod/nosac-za-bicikle-thule-elite-van-xt-ford-transit-h3-v363/","308","/product/nosac-za-bicikle-thule-elite-van-xt-ford-transit-h3-v363","",""
"product-sitemap2.xml","https://www.petroni.hr/proizvod/nivelatori-mgi-t1-5-tona/","308","/product/nivelatori-mgi-t1-5-tona","",""
"product-sitemap2.xml","https://www.petroni.hr/proizvod/posude-melamin-cuneo-za-4-osobe/","308","/product/posude-melamin-cuneo-za-4-osobe","",""
"product-sitemap2.xml","https://www.petroni.hr/proizvod/svjetlo-vanjsko-iznad-ulaznih-vrata-led-8w-4200k/","308","/product/svjetlo-vanjsko-iznad-ulaznih-vrata-led-8w-4200k","",""
"product-sitemap2.xml","https://www.petroni.hr/en/product/pumpa-vode-za-thetford-wc-c2-200-204-set/","308","/product/pumpa-vode-za-thetford-wc-c2-200-204-set?lang=en","en",""
"product-sitemap2.xml","https://www.petroni.hr/proizvod/kit-ventila-za-pumpu-vode-fiamma-aqua-8/","308","/product/kit-ventila-za-pumpu-vode-fiamma-aqua-8","",""
"product-sitemap2.xml","https://www.petroni.hr/proizvod/nosac-za-bicikle-thule-esse4-za-3-bicikla/","308","/product/nosac-za-bicikle-thule-esse4-za-3-bicikla","",""
"product-sitemap2.xml","https://www.petroni.hr/proizvod/fiksator-nosac-za-t-sinu-za-zavjese-6-kom/","308","/product/fiksator-nosac-za-t-sinu-za-zavjese-6-kom","",""
"product-sitemap2.xml","https://www.petroni.hr/proizvod/profilna-traka-12mm-srebrena/","308","/product/traka-profilna-gumena-srebrena-12mm","",""
"product-sitemap2.xml","https://www.petroni.hr/en/product/profilna-traka-12mm-srebrena/","308","/product/traka-profilna-gumena-srebrena-12mm?lang=en","en",""
"product-sitemap2.xml","https://www.petroni.hr/proizvod/tenda-thule-4200-26m-crna/","308","/product/tenda-thule-4200-2-6m-crna","",""
"product-sitemap2.xml","https://www.petroni.hr/proizvod/svjetlo-gabaritno-bijelo-prednje-jokon/","308","/product/svjetlo-gabaritno-bijelo-prednje-jokon","",""
"product-sitemap2.xml","https://www.petroni.hr/proizvod/pumpa-za-vodu-12v-12-litara-06-bar/","308","/product/pumpa-za-vodu-12v-12-litara-0-6-bar","",""
"product-sitemap2.xml","https://www.petroni.hr/en/product/tekucina-za-ciscenje-alumuminijskih-felgi-innolab-pro-500ml/","410","","","removed_product"
"product-sitemap2.xml","https://www.petroni.hr/proizvod/tepih-za-predprostor-arisol-4x25m-plavi/","308","/product/tepih-za-predprostor-arisol-4x2-5m-plavi","",""
"product-sitemap2.xml","https://www.petroni.hr/proizvod/usica-za-prihvat-sipki-predsatora/","308","/product/drzac-za-sipke-predsatora-plasticni-horizontalni-5kom","",""
"product-sitemap2.xml","https://www.petroni.hr/en/product/inverter-carbest-300w-12v-220v-cisti-sinus/","308","/product/inverter-carbest-300w-12v-220v-cisti-sinus?lang=en","en",""
"product-sitemap2.xml","https://www.petroni.hr/proizvod/inverter-carbest-300w-12v-220v-cisti-sinus/","308","/product/inverter-carbest-300w-12v-220v-cisti-sinus","",""
"product-sitemap2.xml","https://www.petroni.hr/proizvod/kanister-16-lit-sa-cepom-din-96/","308","/product/kanister-16-lit-sa-cepom-din-96","",""
"product-sitemap2.xml","https://www.petroni.hr/en/product/kanister-16-lit-sa-cepom-din-96/","308","/product/kanister-16-lit-sa-cepom-din-96?lang=en","en",""
"product-sitemap2.xml","https://www.petroni.hr/proizvod/stepenica-ulazna-fiamma-siva/","308","/product/stepenica-ulazna-fiamma-siva","",""
"product-sitemap2.xml","https://www.petroni.hr/proizvod/precke-poprecne-za-montazu-krovnih-tendi-thule/","308","/product/precke-poprecne-za-montazu-krovnih-tendi-thule","",""
"product-sitemap2.xml","https://www.petroni.hr/proizvod/uvodnik-za-krovni-ulaz-kabela-bijeli/","308","/product/uvodnik-za-krovni-ulaz-kabela-bijeli","",""
"product-sitemap2.xml","https://www.petroni.hr/proizvod/prozor-bocni-klizni-800x450-univerzal-staklo/","308","/product/prozor-bocni-klizni-800x450-univerzal-staklo","",""
"product-sitemap2.xml","https://www.petroni.hr/en/product/pretvarac-inverter-punjac-sinusni-1000w/","308","/product/pretvarac-inverter-punjac-sinusni-1000w?lang=en","en",""
"product-sitemap2.xml","https://www.petroni.hr/proizvod/pretvarac-inverter-punjac-sinusni-1000w/","308","/product/pretvarac-inverter-punjac-sinusni-1000w","",""
"product-sitemap2.xml","https://www.petroni.hr/proizvod/punjac-baterija-nordelettronica-21a/","308","/product/punjac-baterija-nordelettronica-21a","",""
"product-sitemap2.xml","https://www.petroni.hr/en/product/punjac-baterija-nordelettronica-21a/","308","/product/punjac-baterija-nordelettronica-21a?lang=en","en",""
"product-sitemap2.xml","https://www.petroni.hr/en/product/punjac-baterija-nordelettronica-21a-kit/","308","/product/punjac-baterija-nordelettronica-21a-kit?lang=en","en",""
"product-sitemap2.xml","https://www.petroni.hr/proizvod/punjac-baterija-nordelettronica-21a-kit/","308","/product/punjac-baterija-nordelettronica-21a-kit","",""
"product-sitemap2.xml","https://www.petroni.hr/proizvod/punjac-baterija-antarion-dc-dc-20a/","308","/product/punjac-baterija-antarion-dc-dc-20a","",""
"product-sitemap2.xml","https://www.petroni.hr/en/product/punjac-baterija-antarion-dc-dc-20a/","308","/product/punjac-baterija-antarion-dc-dc-20a?lang=en","en",""
"product-sitemap2.xml","https://www.petroni.hr/proizvod/punjac-schaudt-las1218-2-18a/","308","/product/punjac-schaudt-las1218-2-18a","",""
"product-sitemap2.xml","https://www.petroni.hr/en/product/punjac-schaudt-las1218-2-18a/","308","/product/punjac-schaudt-las1218-2-18a?lang=en","en",""
"product-sitemap2.xml","https://www.petroni.hr/proizvod/punjac-akumulatora-rimor-al-bc520/","308","/product/punjac-akumulatora-rimor-al-bc520","",""
"product-sitemap2.xml","https://www.petroni.hr/en/product/punjac-akumulatora-rimor-al-bc520/","308","/product/punjac-akumulatora-rimor-al-bc520?lang=en","en",""
"product-sitemap2.xml","https://www.petroni.hr/proizvod/punjac-baterija-nordelettronica-ne287-12v-17a/","308","/product/punjac-baterija-nordelettronica-ne287-12v-17a","",""
"product-sitemap2.xml","https://www.petroni.hr/en/product/punjac-baterija-nordelettronica-ne287-12v-17a/","308","/product/punjac-baterija-nordelettronica-ne287-12v-17a?lang=en","en",""
"product-sitemap2.xml","https://www.petroni.hr/proizvod/punjac-baterija-cb522-3-220v-12v-22a/","308","/product/punjac-baterija-cbe-cb522-3-220v-12v-22a","",""
"product-sitemap2.xml","https://www.petroni.hr/en/product/punjac-baterija-cb522-3-220v-12v-22a/","308","/product/punjac-baterija-cbe-cb522-3-220v-12v-22a?lang=en","en",""
"product-sitemap2.xml","https://www.petroni.hr/proizvod/punjac-dometic-perfektcharge-iu812/","308","/product/punjac-za-baterije-dometic-perfektcharge-8a-iu812-12v","",""
"product-sitemap2.xml","https://www.petroni.hr/en/product/punjac-dometic-perfektcharge-iu812/","308","/product/punjac-za-baterije-dometic-perfektcharge-8a-iu812-12v?lang=en","en",""
"product-sitemap2.xml","https://www.petroni.hr/proizvod/set-za-ucvrscivanje-tende-8-djelni/","308","/product/set-za-ucvrscivanje-tende-8-djelni","",""
"product-sitemap2.xml","https://www.petroni.hr/proizvod/rucice-za-fiksiranje-noge-tende-thule-2-kom/","308","/product/rucice-za-blokiranje-noge-tende-thule-2-kom","",""
"product-sitemap2.xml","https://www.petroni.hr/proizvod/sipka-sigurnosna-protuprovalna-fiamma-duo-safe/","308","/product/sipka-sigurnosna-protuprovalna-fiamma-duo-safe","",""
"product-sitemap2.xml","https://www.petroni.hr/proizvod/kuhalo-na-alkohol-can-plamenik/","308","/product/kuhalo-na-alkohol-can-plamenik","",""
"product-sitemap2.xml","https://www.petroni.hr/en/product/kuhalo-na-alkohol-can-plamenik/","308","/product/kuhalo-na-alkohol-can-plamenik?lang=en","en",""
"product-sitemap2.xml","https://www.petroni.hr/proizvod/razdjelnik-cee-2-smjerni-iip44-16a/","308","/product/razdjelnik-cee-2-smjerni-iip44-16a","",""
"product-sitemap2.xml","https://www.petroni.hr/proizvod/poklopac-ukrasni-za-kotac-16-fiat-ducato-x250-09/","308","/product/poklopac-ukrasni-za-kotac-16-fiat-ducato-x250-09","",""
"product-sitemap2.xml","https://www.petroni.hr/proizvod/brava-vrata-tabbert-nutarnji-dio/","308","/product/brava-vrata-tabbert-nutarnji-dio","",""
"product-sitemap2.xml","https://www.petroni.hr/en/product/prozor-bocni-parapress-ser-2001-1200x520/","308","/product/prozor-bocni-parapress-ser-2001-1200x520?lang=en","en",""
"product-sitemap2.xml","https://www.petroni.hr/proizvod/prozor-bocni-parapress-ser-2001-1200x520/","308","/product/prozor-bocni-parapress-ser-2001-1200x520","",""
"product-sitemap2.xml","https://www.petroni.hr/proizvod/akumulator-exide-leisure-agm-95ah/","308","/product/akumulator-exide-leisure-agm-95ah","",""
"product-sitemap2.xml","https://www.petroni.hr/proizvod/okvir-sa-mrezicom-protiv-insekata-za-krovni-prozor-mpk-40x40cm/","308","/product/okvir-sa-mrezicom-protiv-insekata-za-krovni-prozor-mpk-40x40cm","",""
"product-sitemap2.xml","https://www.petroni.hr/proizvod/regulator-plina-30mbar-15kg/","308","/product/regulator-plina-30mbar-1-5kg-bez-manometra","",""
"product-sitemap2.xml","https://www.petroni.hr/en/product/regulator-plina-30mbar-15kg/","308","/product/regulator-plina-30mbar-1-5kg-bez-manometra?lang=en","en",""
"product-sitemap2.xml","https://www.petroni.hr/proizvod/drzaci-solarnih-ploca-150mm/","308","/product/drzaci-solarnih-ploca-150mm","",""
"product-sitemap2.xml","https://www.petroni.hr/en/product/sifon-za-odvod-fi-25mm/","308","/product/sifon-za-odvod-fi-25mm?lang=en","en",""
"product-sitemap2.xml","https://www.petroni.hr/proizvod/sifon-za-odvod-fi-25mm/","308","/product/sifon-za-odvod-fi-25mm","",""
"product-sitemap2.xml","https://www.petroni.hr/proizvod/stepenice-ulazne-sa-rukohvatom/","308","/product/stepenice-ulazne-sa-rukohvatom","",""
"product-sitemap2.xml","https://www.petroni.hr/en/product/stepenice-ulazne-sa-rukohvatom/","308","/product/stepenice-ulazne-sa-rukohvatom?lang=en","en",""
"product-sitemap2.xml","https://www.petroni.hr/proizvod/inverter-carbest-400w-12v-220v/","308","/product/inverter-carbest-400w-12v-220v","",""
"product-sitemap2.xml","https://www.petroni.hr/en/product/inverter-carbest-400w-12v-220v/","308","/product/inverter-carbest-400w-12v-220v?lang=en","en",""
"product-sitemap2.xml","https://www.petroni.hr/proizvod/pipa-mjesalica-topl-hl-12v-reich-twist/","308","/product/pipa-mjesalica-topl-hl-12v-reich-twist","",""
"product-sitemap2.xml","https://www.petroni.hr/en/product/traka-krovna-za-ucvrscenje-tendi-i-predsatora-11m/","308","/product/traka-krovna-za-ucvrscenje-tendi-i-predsatora-11m?lang=en","en",""
"product-sitemap2.xml","https://www.petroni.hr/proizvod/traka-krovna-za-ucvrscenje-tendi-i-predsatora-11m/","308","/product/traka-krovna-za-ucvrscenje-tendi-i-predsatora-11m","",""
"product-sitemap2.xml","https://www.petroni.hr/en/product/traka-krovna-za-ucvrscenje-tendi-i-predsatora-14m/","308","/product/traka-krovna-za-ucvrscenje-tendi-i-predsatora-14m?lang=en","en",""
"product-sitemap2.xml","https://www.petroni.hr/proizvod/okvir-sa-rolo-zavjesama-carbest-za-prozor-800x450/","308","/product/rolo-zavjese-sa-okvirom-carbest-za-prozor-800x450","",""
"product-sitemap2.xml","https://www.petroni.hr/en/product/okvir-sa-rolo-zavjesama-carbest-za-prozor-800x450/","308","/product/rolo-zavjese-sa-okvirom-carbest-za-prozor-800x450?lang=en","en",""
"product-sitemap2.xml","https://www.petroni.hr/en/product/riptilj-plinski-party-grill-400-30mbar/","308","/product/rostilj-plinski-party-grill-400-30mbar?lang=en","en",""
"product-sitemap2.xml","https://www.petroni.hr/proizvod/riptilj-plinski-party-grill-400-30mbar/","308","/product/rostilj-plinski-party-grill-400-30mbar","",""
"product-sitemap2.xml","https://www.petroni.hr/en/product/sudoper-set-za-mini-kamp-kuhinju/","308","/product/sudoper-set-za-mini-kamp-kuhinju?lang=en","en",""
"product-sitemap2.xml","https://www.petroni.hr/proizvod/prozor-krovni-dometic-mini-heki-40x40/","308","/product/prozor-krovni-dometic-mini-heki-40x40","",""
"product-sitemap2.xml","https://www.petroni.hr/en/product/prozor-krovni-dometic-mini-heki-40x40/","308","/product/prozor-krovni-dometic-mini-heki-40x40?lang=en","en",""
"product-sitemap2.xml","https://www.petroni.hr/proizvod/prozor-bocni-350x500-acryl-alu-okvir/","308","/product/prozor-bocni-350x500-comfort-acryl-alu-okvir","",""
"product-sitemap2.xml","https://www.petroni.hr/en/product/prozor-bocni-350x500-acryl-alu-okvir/","308","/product/prozor-bocni-350x500-comfort-acryl-alu-okvir?lang=en","en",""
"product-sitemap2.xml","https://www.petroni.hr/proizvod/pipa-za-vodu-jednorucna-canna-140mm/","308","/product/pipa-za-vodu-jednorucna-canna-140mm","",""
"product-sitemap2.xml","https://www.petroni.hr/en/product/pipa-za-vodu-jednorucna-canna-140mm/","308","/product/pipa-za-vodu-jednorucna-canna-140mm?lang=en","en",""
"product-sitemap2.xml","https://www.petroni.hr/proizvod/adapter-za-tendu-thule-5200-za-ford-transit-15-l2-h3/","308","/product/adapter-za-tendu-thule-5200-za-ford-transit-15-l2-h3","",""
"product-sitemap2.xml","https://www.petroni.hr/proizvod/tenda-thule-1200-35m-mystic-grey/","308","/product/tenda-thule-1200-3-5m-mystic-grey","",""
"product-sitemap2.xml","https://www.petroni.hr/proizvod/klima-uredaj-kronings-k3600/","308","/product/klima-uredaj-kronings-k3600","",""
"product-sitemap2.xml","https://www.petroni.hr/proizvod/rucica-vrata-chrom-245mm/","308","/product/rucica-vrata-chrom-245mm","",""
"product-sitemap2.xml","https://www.petroni.hr/proizvod/rolo-zavjese-sa-okvirom-za-prozor-900x500-carbest/","308","/product/zavjesa-rolo-sa-okvirom-za-prozor-900x500-carbest","",""
"product-sitemap2.xml","https://www.petroni.hr/en/product/rolo-zavjese-sa-okvirom-za-prozor-900x500-carbest/","308","/product/zavjesa-rolo-sa-okvirom-za-prozor-900x500-carbest?lang=en","en",""
"product-sitemap2.xml","https://www.petroni.hr/proizvod/prekidac-za-akumulatore-300a-sa-2-kljuca/","308","/product/prekidac-za-akumulatore-300a-sa-2-kljuca","",""
"product-sitemap2.xml","https://www.petroni.hr/en/product/prekidac-za-akumulatore-300a-sa-2-kljuca/","308","/product/prekidac-za-akumulatore-300a-sa-2-kljuca?lang=en","en",""
"product-sitemap2.xml","https://www.petroni.hr/proizvod/spremnik-za-vodu-112-litara/","308","/product/spremnik-za-vodu-112-litara","",""
"product-sitemap2.xml","https://www.petroni.hr/en/product/spremnik-za-vodu-112-litara/","308","/product/spremnik-za-vodu-112-litara?lang=en","en",""
"product-sitemap2.xml","https://www.petroni.hr/proizvod/pipa-mjesalica-contur-reich/","308","/product/pipa-mjesalica-contur-reich","",""
"product-sitemap2.xml","https://www.petroni.hr/proizvod/spojnica-cijevi-jg-12mm-na-12mm-crijevo/","308","/product/spojka-cijevi-jg-12mm-na-12mm-crijevo","",""
"product-sitemap2.xml","https://www.petroni.hr/en/product/spojnica-cijevi-jg-12mm-na-12mm-crijevo/","308","/product/spojka-cijevi-jg-12mm-na-12mm-crijevo?lang=en","en",""
"product-sitemap2.xml","https://www.petroni.hr/proizvod/rukohvat-fiamma-security-46-pro/","308","/product/rukohvat-fiamma-security-46-pro","",""
"product-sitemap2.xml","https://www.petroni.hr/en/product/rukohvat-fiamma-security-46-pro/","308","/product/rukohvat-fiamma-security-46-pro?lang=en","en",""
"product-sitemap2.xml","https://www.petroni.hr/proizvod/podupiraci-trokutni-2-kom-alu-1000kg/","308","/product/podupiraci-trokutni-2-kom-alu-1000kg","",""
"product-sitemap2.xml","https://www.petroni.hr/en/product/podupiraci-trokutni-2-kom-alu-1000kg/","308","/product/podupiraci-trokutni-2-kom-alu-1000kg?lang=en","en",""
"product-sitemap2.xml","https://www.petroni.hr/proizvod/crijevo-za-plin-40cm-1-48mm-rvs/","308","/product/crijevo-za-plin-40cm-1-4-8mm-rvs","",""
"product-sitemap2.xml","https://www.petroni.hr/proizvod/adapter-za-krovne-klime-i-prozore-40x40-za-kombi-vozila/","308","/product/adapter-za-krovne-klime-i-prozore-40x40-za-van-kampere","",""
"product-sitemap2.xml","https://www.petroni.hr/en/product/adapter-za-krovne-klime-i-prozore-40x40-za-kombi-vozila/","308","/product/adapter-za-krovne-klime-i-prozore-40x40-za-van-kampere?lang=en","en",""
"product-sitemap2.xml","https://www.petroni.hr/proizvod/hladnjak-kompresorski-antarion-35-litara/","308","/product/hladnjak-kompresorski-antarion-35-litara","",""
"product-sitemap2.xml","https://www.petroni.hr/proizvod/cep-za-wc-kazetu-thetford-c400-500/","308","/product/cep-za-wc-kazetu-thetford-c400-500","",""
"product-sitemap3.xml","https://www.petroni.hr/proizvod/cep-za-wc-kazetu-thetford/","308","/product/cep-za-wc-kazetu-thetford","",""
"product-sitemap3.xml","https://www.petroni.hr/proizvod/set-adaptera-za-montazu-klizne-ulazne-stepenice-thule-g2-12v/","308","/product/set-adaptera-za-montazu-klizne-ulazne-stepenice-thule-g2-12v","",""
"product-sitemap3.xml","https://www.petroni.hr/proizvod/zarulja-mr11-led-9xsmd/","308","/product/zarulja-mr11-led-9xsmd","",""
"product-sitemap3.xml","https://www.petroni.hr/proizvod/crijevo-za-ispust-otpadne-vode-300cm-kit-sanitary-flex/","308","/product/crijevo-za-ispust-otpadne-vode-300cm-kit-sanitary-flex","",""
"product-sitemap3.xml","https://www.petroni.hr/proizvod/pant-za-nadgradne-ormarice/","308","/product/pant-za-namjestaj-metalni-samostelajuci","",""
"product-sitemap3.xml","https://www.petroni.hr/proizvod/ruka-za-otvaranje-tende-thule-omnistor-5102-75cm/","308","/product/ruka-za-otvaranje-tende-thule-omnistor-75cm","",""
"product-sitemap3.xml","https://www.petroni.hr/en/product/ruka-za-otvaranje-tende-thule-omnistor-5102-75cm/","308","/product/ruka-za-otvaranje-tende-thule-omnistor-75cm?lang=en","en",""
"product-sitemap3.xml","https://www.petroni.hr/proizvod/traka-gumena-brtvena-za-alu-profile-na-kamp-vozilima/","308","/product/traka-gumena-brtvena-za-alu-profile-na-kamp-vozilima","",""
"product-sitemap3.xml","https://www.petroni.hr/en/product/traka-gumena-brtvena-za-alu-profile-na-kamp-vozilima/","308","/product/traka-gumena-brtvena-za-alu-profile-na-kamp-vozilima?lang=en","en",""
"product-sitemap3.xml","https://www.petroni.hr/proizvod/drzac-za-boce-i-case/","308","/product/drzac-za-boce-i-case","",""
"product-sitemap3.xml","https://www.petroni.hr/en/product/stepenica-ulazna-dvostruka/","308","/product/stepenica-ulazna-dvostruka?lang=en","en",""
"product-sitemap3.xml","https://www.petroni.hr/en/product/svjetlo-nutarnje-12v-55w-salter/","308","/product/svjetlo-nutarnje-led-12v-5-5w-salter?lang=en","en",""
"product-sitemap3.xml","https://www.petroni.hr/proizvod/umivaonik-kutni-345x116x345/","308","/product/umivaonik-kutni-345x116x345","",""
"product-sitemap3.xml","https://www.petroni.hr/en/product/umivaonik-kutni-345x116x345/","308","/product/umivaonik-kutni-345x116x345?lang=en","en",""
"product-sitemap3.xml","https://www.petroni.hr/proizvod/pipa-mjesalica-trend/","308","/product/pipa-mjesalica-trend-adria","",""
"product-sitemap3.xml","https://www.petroni.hr/proizvod/pipa-za-vodu-reich-trend-ehm/","308","/product/pipa-za-vodu-reich-trend-ehm","",""
"product-sitemap3.xml","https://www.petroni.hr/proizvod/getriba-za-otvaranje-tende-thule-5003-5200/","308","/product/getriba-za-otvaranje-tende-thule-5003-5200","",""
"product-sitemap3.xml","https://www.petroni.hr/proizvod/prozor-krovni-fiamma-turbovent-premium-12v-40x40/","308","/product/prozor-krovni-fiamma-turbovent-premium-12v-40x40","",""
"product-sitemap3.xml","https://www.petroni.hr/en/product/prozor-krovni-fiamma-turbovent-premium-12v-40x40/","308","/product/prozor-krovni-fiamma-turbovent-premium-12v-40x40?lang=en","en",""
"product-sitemap3.xml","https://www.petroni.hr/proizvod/senzor-lpg-za-detektor-plina-carbest-gascube-twin/","308","/product/senzor-lpg-za-detektor-plina-carbest-gascube-twin","",""
"product-sitemap3.xml","https://www.petroni.hr/en/product/senzor-lpg-za-detektor-plina-carbest-gascube-twin/","308","/product/senzor-lpg-za-detektor-plina-carbest-gascube-twin?lang=en","en",""
"product-sitemap3.xml","https://www.petroni.hr/proizvod/alarm-za-plin-carbest-gascube-twin/","308","/product/detektor-plina-carbest-gascube-twin","",""
"product-sitemap3.xml","https://www.petroni.hr/en/product/alarm-za-plin-carbest-gascube-twin/","308","/product/detektor-plina-carbest-gascube-twin?lang=en","en",""
"product-sitemap3.xml","https://www.petroni.hr/proizvod/senzor-dodatni-co-za-gascube-twin/","308","/product/senzor-dodatni-co-za-gascube-twin","",""
"product-sitemap3.xml","https://www.petroni.hr/en/product/senzor-dodatni-co-za-gascube-twin/","308","/product/senzor-dodatni-co-za-gascube-twin?lang=en","en",""
"product-sitemap3.xml","https://www.petroni.hr/proizvod/produzetak-za-otvaranje-fiamma-krovnog-prozora-ivory/","308","/product/produzetak-za-otvaranje-fiamma-krovnog-prozora-ivory","",""
"product-sitemap3.xml","https://www.petroni.hr/en/product/produzetak-za-otvaranje-fiamma-krovnog-prozora-ivory/","308","/product/produzetak-za-otvaranje-fiamma-krovnog-prozora-ivory?lang=en","en",""
"product-sitemap3.xml","https://www.petroni.hr/proizvod/tus-vanjski-on-off-system-zidni/","308","/product/tus-vanjski-on-off-system-zidni","",""
"product-sitemap3.xml","https://www.petroni.hr/proizvod/podizac-prozora-t-polyplast-230mm-l/","308","/product/podizac-prozora-t-polyplast-230mm-l","",""
"product-sitemap3.xml","https://www.petroni.hr/proizvod/podizac-prozora-polyplast-t-200-310mm-lijevi/","308","/product/podizac-prozora-polyplast-t-200-310mm-lijevi","",""
"product-sitemap3.xml","https://www.petroni.hr/en/product/podizac-prozora-polyplast-t-200-310mm-lijevi/","308","/product/podizac-prozora-polyplast-t-200-310mm-lijevi?lang=en","en",""
"product-sitemap3.xml","https://www.petroni.hr/proizvod/brtvilo-izmedu-kampera-i-tende-thule-4900/","308","/product/brtvilo-izmedu-kampera-i-tende-thule-4900","",""
"product-sitemap3.xml","https://www.petroni.hr/proizvod/kapa-zastitna-za-kuku-za-vucu-gumena/","308","/product/kapa-zastitna-za-kuku-za-vucu-gumena","",""
"product-sitemap3.xml","https://www.petroni.hr/proizvod/rucica-za-prikolicu-vucna-175-190mm/","308","/product/rucica-za-prikolicu-vucna-175-190mm","",""
"product-sitemap3.xml","https://www.petroni.hr/proizvod/mreza-za-odlaganje-sa-okvirom-318x214mm/","308","/product/mreza-za-odlaganje-sa-okvirom-318x214mm","",""
"product-sitemap3.xml","https://www.petroni.hr/proizvod/daska-za-pod-tus-kade-484x554x15mm/","308","/product/daska-za-pod-tus-kade-484x554x15mm","",""
"product-sitemap3.xml","https://www.petroni.hr/proizvod/mrezica-sa-okvirom-za-odlaganje-mobitela-i-tableta/","308","/product/mrezica-sa-okvirom-za-odlaganje-mobitela-i-tableta","",""
"product-sitemap3.xml","https://www.petroni.hr/proizvod/zlijeb-kisni-za-postavljanje-iznad-ulaznih-vrata-15-m/","308","/product/zlijeb-kisni-za-postavljanje-iznad-ulaznih-vrata-1-5-m","",""
"product-sitemap3.xml","https://www.petroni.hr/proizvod/termozastita-za-kabinu-fiat-ducato-x230-1994-2001/","308","/product/termozastita-za-kabinu-fiat-ducato-x230-1994-2001","",""
"product-sitemap3.xml","https://www.petroni.hr/proizvod/termozastita-kabine-vanjska-za-integrirane-modele-kampera-univerzalna/","308","/product/termozastita-kabine-vanjska-za-integrirane-modele-kampera-univerzalna","",""
"product-sitemap3.xml","https://www.petroni.hr/proizvod/polica-za-odlaganje-sredisnja-fiat-ducato-2006/","308","/product/polica-za-odlaganje-sredisnja-fiat-ducato-2006","",""
"product-sitemap3.xml","https://www.petroni.hr/proizvod/stepenica-ulazna-thule-g2-700mm-za-fiat-ducato-06/","308","/product/stepenica-ulazna-thule-g2-700mm-za-fiat-ducato","",""
"product-sitemap3.xml","https://www.petroni.hr/en/product/stepenica-ulazna-thule-g2-700mm-za-fiat-ducato-06/","308","/product/stepenica-ulazna-thule-g2-700mm-za-fiat-ducato?lang=en","en",""
"product-sitemap3.xml","https://www.petroni.hr/proizvod/stepenica-ulazna-thule-g2-700mm/","308","/product/stepenica-ulazna-thule-g2-700mm","",""
"product-sitemap3.xml","https://www.petroni.hr/en/product/stepenica-ulazna-thule-g2-700mm/","308","/product/stepenica-ulazna-thule-g2-700mm?lang=en","en",""
"product-sitemap3.xml","https://www.petroni.hr/en/product/stepenice-ulazne-2-gazista-600x200x740/","308","/product/stepenice-ulazne-2-gazista-600x200x740?lang=en","en",""
"product-sitemap3.xml","https://www.petroni.hr/proizvod/stepenice-ulazne-2-gazista-600x200x740/","308","/product/stepenice-ulazne-2-gazista-600x200x740","",""
"product-sitemap3.xml","https://www.petroni.hr/proizvod/stepenice-ulazne-2-gazista-753x340x610/","308","/product/stepenice-ulazne-2-gazista-753x340x610","",""
"product-sitemap3.xml","https://www.petroni.hr/proizvod/stepenice-ulazne-3-gazista-978x340x560/","308","/product/stepenice-ulazne-3-gazista-978x340x560","",""
"product-sitemap3.xml","https://www.petroni.hr/en/product/stepenice-ulazne-3-gazista-978x340x560/","308","/product/stepenice-ulazne-3-gazista-978x340x560?lang=en","en",""
"product-sitemap3.xml","https://www.petroni.hr/en/product/stepenice-ulazne-2-gazista-753x340x610/","308","/product/stepenice-ulazne-2-gazista-753x340x610?lang=en","en",""
"product-sitemap3.xml","https://www.petroni.hr/proizvod/montazni-set-za-kliznu-ulaznu-stepenicu-thule-g2-12v/","308","/product/montazni-set-za-kliznu-ulaznu-stepenicu-thule-g2-12v","",""
"product-sitemap3.xml","https://www.petroni.hr/en/product/montazni-set-za-kliznu-ulaznu-stepenicu-thule-g2-12v/","308","/product/montazni-set-za-kliznu-ulaznu-stepenicu-thule-g2-12v?lang=en","en",""
"product-sitemap3.xml","https://www.petroni.hr/proizvod/stepenice-ulazne-manuelne-project-2000-ser-l-610/","308","/product/stepenice-ulazne-manualne-project-2000-ser-l-610","",""
"product-sitemap3.xml","https://www.petroni.hr/proizvod/stepenica-ulazna-el-12v-project-2000-46cm/","308","/product/stepenica-ulazna-el-12v-project-2000-46cm","",""
"product-sitemap3.xml","https://www.petroni.hr/en/product/stepenica-ulazna-el-12v-project-2000-46cm/","308","/product/stepenica-ulazna-el-12v-project-2000-46cm?lang=en","en",""
"product-sitemap3.xml","https://www.petroni.hr/en/product/stepenice-ulazne-manuelne-project-2000-ser-l-610/","308","/product/stepenice-ulazne-manualne-project-2000-ser-l-610?lang=en","en",""
"product-sitemap3.xml","https://www.petroni.hr/proizvod/stepenica-ulazna-elektricna-12v-project-2000-44cm/","308","/product/stepenica-ulazna-elektricna-12v-lippert-2000-440mm","",""
"product-sitemap3.xml","https://www.petroni.hr/proizvod/stepenica-ulazna-elektricna-12v-project-2000-55cm/","308","/product/stepenica-ulazna-elektricna-12v-project-2000-55cm","",""
"product-sitemap3.xml","https://www.petroni.hr/en/product/stepenica-ulazna-elektricna-12v-project-2000-55cm/","308","/product/stepenica-ulazna-elektricna-12v-project-2000-55cm?lang=en","en",""
"product-sitemap3.xml","https://www.petroni.hr/en/product/stepenica-ulazna-elektricna-12v-project-2000-44cm/","308","/product/stepenica-ulazna-elektricna-12v-lippert-2000-440mm?lang=en","en",""
"product-sitemap3.xml","https://www.petroni.hr/proizvod/spremnik-za-otpadnu-vodu-23-lit/","308","/product/spremnik-za-otpadnu-vodu-23-lit","",""
"product-sitemap3.xml","https://www.petroni.hr/en/product/spremnik-za-otpadnu-vodu-23-lit/","308","/product/spremnik-za-otpadnu-vodu-23-lit?lang=en","en",""
"product-sitemap3.xml","https://www.petroni.hr/proizvod/zavjesa-prednja-remifront-za-man-tge-vw-crafter-17/","308","/product/zavjesa-prednja-remifront-za-man-tge-vw-crafter-17","",""
"product-sitemap3.xml","https://www.petroni.hr/proizvod/igracka-kamper-niesmann-bischoff-arto/","308","/product/igracka-kamper-niesmann-bischoff-arto","",""
"product-sitemap3.xml","https://www.petroni.hr/en/product/igracka-kamper-niesmann-bischoff-arto/","308","/product/igracka-kamper-niesmann-bischoff-arto?lang=en","en",""
"product-sitemap3.xml","https://www.petroni.hr/proizvod/podloga-protusklizna-30x150-plava/","308","/product/podloga-protusklizna-30x150-plava","",""
"product-sitemap3.xml","https://www.petroni.hr/en/product/podloga-protusklizna-30x150-plava/","308","/product/podloga-protusklizna-30x150-plava?lang=en","en",""
"product-sitemap3.xml","https://www.petroni.hr/proizvod/poklopac-klizni-za-thetford-wc-kazetu/","308","/product/poklopac-klizni-za-thetford-wc-kazetu","",""
"product-sitemap3.xml","https://www.petroni.hr/proizvod/lampa-carbest-touch-3xusb/","308","/product/lampa-carbest-touch-2xusb-c-1x-usb-a","",""
"product-sitemap3.xml","https://www.petroni.hr/en/product/lampa-carbest-touch-3xusb/","308","/product/lampa-carbest-touch-2xusb-c-1x-usb-a?lang=en","en",""
"product-sitemap3.xml","https://www.petroni.hr/proizvod/natezaci-za-ucvrscivanje-tendi-tie-down-set/","308","/product/natezaci-za-ucvrscivanje-tendi-tie-down-set","",""
"product-sitemap3.xml","https://www.petroni.hr/en/product/natezaci-za-ucvrscivanje-tendi-tie-down-set/","308","/product/natezaci-za-ucvrscivanje-tendi-tie-down-set?lang=en","en",""
"product-sitemap3.xml","https://www.petroni.hr/proizvod/lampa-svjetlo-led-12v-touch-prigusivo/","308","/product/lampa-svjetlo-led-12v-touch-prigusivo","",""
"product-sitemap3.xml","https://www.petroni.hr/proizvod/kutija-zastitna-za-spoj-kablova-cee-prikljucak/","308","/product/kutija-zastitna-za-spoj-kablova-cee-prikljucak","",""
"product-sitemap3.xml","https://www.petroni.hr/en/product/kutija-zastitna-za-spoj-kablova-cee-prikljucak/","308","/product/kutija-zastitna-za-spoj-kablova-cee-prikljucak?lang=en","en",""
"product-sitemap3.xml","https://www.petroni.hr/proizvod/prekrivka-zastitna-za-2-e-bicikla/","308","/product/prekrivka-zastitna-za-2-e-bicikla","",""
"product-sitemap3.xml","https://www.petroni.hr/proizvod/baterija-zamjenska-za-tus-2402410/","308","/product/baterija-zamjenska-za-tus-2402410","",""
"product-sitemap3.xml","https://www.petroni.hr/proizvod/zarulja-mr11-led-10-30v/","308","/product/zarulja-mr11-led-10-30v","",""
"product-sitemap3.xml","https://www.petroni.hr/proizvod/natezac-za-ucvrscivanje-tende-fiamma-set/","308","/product/natezac-za-ucvrscivanje-tende-fiamma-set","",""
"product-sitemap3.xml","https://www.petroni.hr/proizvod/dimmer-12v-za-led-rasvjetu-daljinski/","308","/product/dimmer-12v-za-led-rasvjetu-daljinski","",""
"product-sitemap3.xml","https://www.petroni.hr/en/product/dimmer-12v-za-led-rasvjetu-daljinski/","308","/product/dimmer-12v-za-led-rasvjetu-daljinski?lang=en","en",""
"product-sitemap3.xml","https://www.petroni.hr/proizvod/razdjelnik-cee-3-smjerni-iip44-16a/","308","/product/razdjelnik-cee-3-smjerni-iip44-16a","",""
"product-sitemap3.xml","https://www.petroni.hr/en/product/razdjelnik-cee-3-smjerni-iip44-16a/","308","/product/razdjelnik-cee-3-smjerni-iip44-16a?lang=en","en",""
"product-sitemap3.xml","https://www.petroni.hr/proizvod/vjesalica-sklopiva-zidna-3-kuke/","308","/product/vjesalica-sklopiva-zidna-3-kuke","",""
"product-sitemap3.xml","https://www.petroni.hr/proizvod/lampa-ugradbena-led-crna-fi-65mm/","308","/product/lampa-ugradbena-led-crna-fi-65mm","",""
"product-sitemap3.xml","https://www.petroni.hr/proizvod/svjetlo-led-srebreno-192x112x10mm/","308","/product/svjetlo-led-srebreno-192x112x10mm","",""
"product-sitemap3.xml","https://www.petroni.hr/proizvod/svjetlo-fleksibilno-led-verona-12v-touch/","308","/product/svjetlo-fleksibilno-led-verona-12v-touch","",""
"product-sitemap3.xml","https://www.petroni.hr/proizvod/inverter-sinusni-600w-12v220v/","308","/product/inverter-sinusni-600w-12v-220v","",""
"product-sitemap3.xml","https://www.petroni.hr/proizvod/ruka-za-ucvrscivanje-bicikla-na-nosacu-fiamma-s1/","308","/product/ruka-za-ucvrscivanje-bicikla-na-nosacu-fiamma-s1","",""
"product-sitemap3.xml","https://www.petroni.hr/proizvod/rucica-za-prikolicu-vucna-bijela/","308","/product/rucica-za-prikolicu-vucna-bijela","",""
"product-sitemap3.xml","https://www.petroni.hr/proizvod/prozor-bocni-carbest-rw-compact-900x450/","308","/product/prozor-bocni-carbest-rw-compact-900x450","",""
"product-sitemap3.xml","https://www.petroni.hr/en/product/prozor-bocni-carbest-rw-compact-900x450/","308","/product/prozor-bocni-carbest-rw-compact-900x450?lang=en","en",""
"product-sitemap3.xml","https://www.petroni.hr/proizvod/prozor-bocni-carbest-rw-compact-900x500/","308","/product/prozor-bocni-carbest-rw-compact-900x500","",""
"product-sitemap3.xml","https://www.petroni.hr/en/product/prozor-bocni-carbest-rw-compact-900x500/","308","/product/prozor-bocni-carbest-rw-compact-900x500?lang=en","en",""
"product-sitemap3.xml","https://www.petroni.hr/proizvod/brava-vrata-tabbert-vanjski-dio/","308","/product/brava-vrata-tabbert-vanjski-dio","",""
"product-sitemap3.xml","https://www.petroni.hr/proizvod/rucica-za-prikolicu-vucna-198mm-sa-poklopcem/","308","/product/rucica-za-vuci-prikolicu-vucna-198mm-sa-poklopcem","",""
"product-sitemap3.xml","https://www.petroni.hr/en/product/rucica-za-prikolicu-vucna-198mm-sa-poklopcem/","308","/product/rucica-za-vuci-prikolicu-vucna-198mm-sa-poklopcem?lang=en","en",""
"product-sitemap3.xml","https://www.petroni.hr/proizvod/kartusa-za-jednorucnu-mjesalicu-fi-35-1-nos/","308","/product/kartusa-za-jednorucnu-mjesalicu-fi-35-1-nos","",""
"product-sitemap3.xml","https://www.petroni.hr/proizvod/osigurac-bf1-50a-crveni/","308","/product/osigurac-bf1-50a-crveni","",""
"product-sitemap3.xml","https://www.petroni.hr/en/product/osigurac-bf1-50a-crveni/","308","/product/osigurac-bf1-50a-crveni?lang=en","en",""
"product-sitemap3.xml","https://www.petroni.hr/en/product/odzracnik-fi-60-za-hladan-zrak/","308","/product/odzracnik-fi-60-za-hladan-zrak?lang=en","en",""
"product-sitemap3.xml","https://www.petroni.hr/proizvod/nogice-podesive-za-bermuda-stepenice-set/","308","/product/nogice-podesive-za-bermuda-stepenice-set","",""
"product-sitemap3.xml","https://www.petroni.hr/proizvod/stepenice-bermuda-2-gazista-srebrene/","308","/product/stepenice-bermuda-2-gazista-srebrene","",""
"product-sitemap3.xml","https://www.petroni.hr/proizvod/rukohvat-haba-security-45/","308","/product/rukohvat-haba-security-45","",""
"product-sitemap3.xml","https://www.petroni.hr/proizvod/prikljucak-spojnica-za-vodu-t-fi-25mm-crna/","308","/product/prikljucak-spojnica-za-vodu-t-fi-25mm-crna","",""
"product-sitemap3.xml","https://www.petroni.hr/proizvod/prikljucak-sponjnica-za-vodu-l-fi-25-crno/","308","/product/prikljucak-sponjnica-za-vodu-l-fi-25-crno","",""
"product-sitemap3.xml","https://www.petroni.hr/proizvod/brava-ulazih-vrata-fap-130x120mm-crna/","308","/product/brava-ulazih-vrata-fap-130x120mm-crna","",""
"product-sitemap3.xml","https://www.petroni.hr/proizvod/sifon-odvod-90-20mm-sa-automatskim-cepom/","308","/product/sifon-odvod-90-20mm-sa-automatskim-cepom","",""
"product-sitemap3.xml","https://www.petroni.hr/proizvod/tekucina-za-skidanje-hrde-innolab-pro-500ml/","308","/product/tekucina-za-skidanje-hrde-innolab-pro-500ml","",""
"product-sitemap3.xml","https://www.petroni.hr/en/product/tekucina-za-skidanje-hrde-innolab-pro-500ml/","308","/product/tekucina-za-skidanje-hrde-innolab-pro-500ml?lang=en","en",""
"product-sitemap3.xml","https://www.petroni.hr/proizvod/kanta-visenamjenska-10-litara/","308","/product/kanta-visenamjenska-za-pranje-posuda-10-litara","",""
"product-sitemap3.xml","https://www.petroni.hr/proizvod/leca-sirokokutna-20x25-za-bolji-pogled-straga/","308","/product/leca-sirokokutna-20x25-za-bolji-pogled-straga","",""
"product-sitemap3.xml","https://www.petroni.hr/proizvod/svjetlo-bocno-gornje-led-rimor-18/","308","/product/svjetlo-bocno-gornje-led-rimor-18","",""
"product-sitemap3.xml","https://www.petroni.hr/en/product/svjetlo-bocno-gornje-led-rimor-18/","308","/product/svjetlo-bocno-gornje-led-rimor-18?lang=en","en",""
"product-sitemap3.xml","https://www.petroni.hr/en/product/salter-ovalni-mali-fi-23-0-i/","308","/product/salter-ovalni-mali-fi-23-0-i?lang=en","en",""
"product-sitemap3.xml","https://www.petroni.hr/proizvod/salter-ovalni-mali-fi-23-0-i/","308","/product/salter-ovalni-mali-fi-23-0-i","",""
"product-sitemap3.xml","https://www.petroni.hr/proizvod/tekucina-za-odstranjivanje-smole-woshup-1-lit/","308","/product/tekucina-za-odstranjivanje-smole-woshup-1-lit","",""
"product-sitemap3.xml","https://www.petroni.hr/proizvod/brtvilo-izmedu-tende-i-nadogradnje-kamp-vozila-45m/","308","/product/brtvilo-izmedu-tende-i-nadogradnje-kamp-vozila-4-5m","",""
"product-sitemap3.xml","https://www.petroni.hr/en/product/brtvilo-izmedu-tende-i-nadogradnje-kamp-vozila-45m/","308","/product/brtvilo-izmedu-tende-i-nadogradnje-kamp-vozila-4-5m?lang=en","en",""
"product-sitemap3.xml","https://www.petroni.hr/proizvod/klima-uredaj-maxxair-24kw/","308","/product/klima-uredaj-maxxair-2-4kw","",""
"product-sitemap3.xml","https://www.petroni.hr/proizvod/podizac-prozora-t-polyplast-200-310mm-desni/","308","/product/podizac-prozora-polyplast-t-200-310mm-desni","",""
"product-sitemap3.xml","https://www.petroni.hr/en/product/podizac-prozora-t-polyplast-200-310mm-desni/","308","/product/podizac-prozora-polyplast-t-200-310mm-desni?lang=en","en",""
"product-sitemap3.xml","https://www.petroni.hr/proizvod/prikljucak-spojnica-za-vodu-fi-25mm-ravna-crno/","308","/product/prikljucak-spojnica-za-vodu-fi-25mm-ravna-crno","",""
"product-sitemap3.xml","https://www.petroni.hr/proizvod/brava-vrata-zadi-europa-lijeva/","308","/product/brava-vrata-zadi-europa-lijeva","",""
"product-sitemap3.xml","https://www.petroni.hr/proizvod/prekrivac-za-kampere-xl/","308","/product/prekrivac-za-kampere-12m-brunner-7m","",""
"product-sitemap3.xml","https://www.petroni.hr/en/product/prekrivac-za-kampere-xl/","308","/product/prekrivac-za-kampere-12m-brunner-7m?lang=en","en",""
"product-sitemap3.xml","https://www.petroni.hr/en/product/kolut-za-namatanje-kabela-do-30m/","308","/product/kolut-za-namatanje-kabela-do-30m?lang=en","en",""
"product-sitemap3.xml","https://www.petroni.hr/proizvod/kolut-za-namatanje-kabela-do-30m/","308","/product/kolut-za-namatanje-kabela-do-30m","",""
"product-sitemap3.xml","https://www.petroni.hr/proizvod/brava-vrata-zadi-europa-desna/","308","/product/brava-vrata-zadi-europa-desna","",""
"product-sitemap3.xml","https://www.petroni.hr/proizvod/nivelator-4djelni-froli/","308","/product/nivelator-4djelni-froli","",""
"product-sitemap3.xml","https://www.petroni.hr/en/product/nivelator-4djelni-froli/","308","/product/nivelator-4djelni-froli?lang=en","en",""
"product-sitemap3.xml","https://www.petroni.hr/proizvod/stepenica-ulazna-klizna-thule-12v-700mm/","308","/product/stepenica-ulazna-klizna-thule-12v-700mm","",""
"product-sitemap3.xml","https://www.petroni.hr/en/product/bocni-desni-prozor-na-kliznim-vratima-vw-crafter-2017/","308","/product/prozor-bocni-desni-za-klizna-vrata-vw-crafter-2017-man-tge-2018?lang=en","en",""
"product-sitemap3.xml","https://www.petroni.hr/proizvod/bocni-desni-prozor-na-kliznim-vratima-vw-crafter-2017/","308","/product/prozor-bocni-desni-za-klizna-vrata-vw-crafter-2017-man-tge-2018","",""
"product-sitemap3.xml","https://www.petroni.hr/proizvod/stol-kamperski-brunner-110x71cm-alu/","308","/product/stol-kamperski-brunner-110x71cm-alu","",""
"product-sitemap3.xml","https://www.petroni.hr/proizvod/nivelatori-froli-2000kg-par/","308","/product/nivelatori-froli-2000kg-par","",""
"product-sitemap3.xml","https://www.petroni.hr/proizvod/kabel-produzni-3x25mm2-cee-10m/","308","/product/kabel-produzni-3x2-5mm2-cee-10m","",""
"product-sitemap3.xml","https://www.petroni.hr/proizvod/vaga-za-niveliranje-krizna/","308","/product/vaga-za-niveliranje-krizna","",""
"product-sitemap3.xml","https://www.petroni.hr/proizvod/vaga-za-kamp-vozila-carbest-lcd-1500kg/","308","/product/vaga-za-kamp-vozila-carbest-lcd-1500kg","",""
"product-sitemap3.xml","https://www.petroni.hr/proizvod/rampa-navozna-za-elektronicke-vage-za-kamp-vozila/","308","/product/rampa-navozna-za-elektronicke-vage-za-kamp-vozila","",""
"product-sitemap3.xml","https://www.petroni.hr/proizvod/nosac-za-tv-gta-hub800-okretni/","308","/product/nosac-za-tv-gta-hub800-okretni","",""
"product-sitemap3.xml","https://www.petroni.hr/proizvod/set-za-cijevi-konstrukcije-predsatora-fi-22/","308","/product/kuka-sa-cepom-za-cijevi-konstrukcije-predsatora-fi-22","",""
"product-sitemap3.xml","https://www.petroni.hr/proizvod/nosac-za-tv-sky-basic-l-crni/","308","/product/nosac-za-tv-sky-basic-l-crni","",""
"product-sitemap3.xml","https://www.petroni.hr/proizvod/felga-celicna-za-prikolice-55x14-et30-5x112-x-671/","308","/product/felga-celicna-za-prikolice-5-5x14-et30-5x112-x-67-1","",""
"product-sitemap3.xml","https://www.petroni.hr/proizvod/klima-uredaj-sinclair-asv-25as-wifi/","308","/product/klima-uredaj-sinclair-asv-25bis-wifi","",""
"product-sitemap3.xml","https://www.petroni.hr/en/product/staklo-bocnih-desnih-kliznih-vrata-za-ford-transit-custom-od-2013/","308","/product/staklo-bocnih-desnih-kliznih-vrata-za-ford-transit-custom-od-2013?lang=en","en",""
"product-sitemap3.xml","https://www.petroni.hr/proizvod/staklo-bocnih-desnih-kliznih-vrata-za-ford-transit-custom-od-2013/","308","/product/staklo-bocnih-desnih-kliznih-vrata-za-ford-transit-custom-od-2013","",""
"product-sitemap3.xml","https://www.petroni.hr/proizvod/prozor-bocni-1450x550-rw-style/","308","/product/prozor-bocni-1450x550-rw-style","",""
"product-sitemap3.xml","https://www.petroni.hr/en/product/tenda-dometic-pw1100-40m-h-grey/","410","","","removed_product"
"product-sitemap3.xml","https://www.petroni.hr/proizvod/adapter-za-krovni-40x40-mpk/","308","/product/adapter-za-krovni-40x40-mpk","",""
"product-sitemap3.xml","https://www.petroni.hr/proizvod/prekrivac-za-kamper-6-65m-duzine-brunner-12m/","308","/product/prekrivac-za-kamper-6-6-5m-duzine-brunner-12m","",""
"product-sitemap3.xml","https://www.petroni.hr/proizvod/pipa-mjesalica-comet-lucca-12v/","308","/product/pipa-mjesalica-comet-lucca-12v","",""
"product-sitemap3.xml","https://www.petroni.hr/en/product/pipa-mjesalica-comet-lucca-12v/","308","/product/pipa-mjesalica-comet-lucca-12v?lang=en","en",""
"product-sitemap3.xml","https://www.petroni.hr/en/product/resetka-hladnjaka-dometic-ls200-donja/","308","/product/resetka-hladnjaka-dometic-ls200-donja?lang=en","en",""
"product-sitemap3.xml","https://www.petroni.hr/proizvod/adapter-cee-zenski-schuko-muski-15m/","308","/product/adapter-cee-zenski-schuko-muski-1-5m","",""
"product-sitemap3.xml","https://www.petroni.hr/en/product/adapter-cee-zenski-schuko-muski-15m/","308","/product/adapter-cee-zenski-schuko-muski-1-5m?lang=en","en",""
"product-sitemap3.xml","https://www.petroni.hr/proizvod/prekrivac-za-kamp-prikolicu-reimotent-premium-520-580/","308","/product/prekrivac-za-kamp-prikolicu-reimotent-premium-520-580","",""
"product-sitemap3.xml","https://www.petroni.hr/proizvod/spremnik-za-vodu-48-litara-2/","308","/product/spremnik-za-vodu-48-litara-23256","",""
"product-sitemap3.xml","https://www.petroni.hr/proizvod/ploca-laminirana-za-zidove-i-podove-2250x1250x14mm/","308","/product/ploca-laminirana-za-zidove-i-podove-2250x1250x1-4mm","",""
"product-sitemap3.xml","https://www.petroni.hr/proizvod/pvc-laminirana-ploca-za-pod-1900x1250x285mm/","308","/product/pvc-laminirana-ploca-za-pod-1900x1250x2-85mm","",""
"product-sitemap3.xml","https://www.petroni.hr/en/product/tablete-za-wc-kazetu-camp4-all-tabs-15kom/","308","/product/tablete-za-wc-kazetu-camp4-all-tabs-15kom?lang=en","en",""
"product-sitemap3.xml","https://www.petroni.hr/proizvod/boca-za-plin-25kg/","308","/product/boca-za-plin-2-5kg","",""
"product-sitemap3.xml","https://www.petroni.hr/proizvod/spremnik-za-vodu-70-litara/","308","/product/spremnik-za-vodu-70-litara","",""
"product-sitemap3.xml","https://www.petroni.hr/proizvod/prozor-bocni-dometic-seitz-s4-900x450/","308","/product/prozor-bocni-dometic-seitz-s4-900x450","",""
"product-sitemap3.xml","https://www.petroni.hr/en/product/prozor-bocni-dometic-seitz-s4-900x450/","308","/product/prozor-bocni-dometic-seitz-s4-900x450?lang=en","en",""
"product-sitemap3.xml","https://www.petroni.hr/proizvod/bravica-za-namjestaj-lilie-mot-3-siva/","308","/product/bravica-za-namjestaj-lilie-mot-3-siva","",""
"product-sitemap3.xml","https://www.petroni.hr/en/product/bravica-za-namjestaj-lilie-mot-3-siva/","308","/product/bravica-za-namjestaj-lilie-mot-3-siva?lang=en","en",""
"product-sitemap3.xml","https://www.petroni.hr/proizvod/brtvilo-cepa-spremnika-za-vodu-120-150mm/","308","/product/brtvilo-cepa-spremnika-za-vodu-120-150mm","",""
"product-sitemap3.xml","https://www.petroni.hr/proizvod/set-za-ciscenje-i-dezinfekciju-spremnika-vode-do-100-lit-dexda/","308","/product/set-za-ciscenje-i-dezinfekciju-spremnika-vode-do-100-lit-dexda","",""
"product-sitemap3.xml","https://www.petroni.hr/en/product/set-za-ciscenje-i-dezinfekciju-spremnika-vode-do-100-lit-dexda/","308","/product/set-za-ciscenje-i-dezinfekciju-spremnika-vode-do-100-lit-dexda?lang=en","en",""
"product-sitemap3.xml","https://www.petroni.hr/proizvod/svjetlo-gabaritno-jokon-gornje/","308","/product/svjetlo-gabaritno-jokon-gornje","",""
"product-sitemap3.xml","https://www.petroni.hr/proizvod/set-za-pranje-thetford-wc-kazete-doc-wash/","308","/product/set-za-pranje-thetford-wc-kazete-doc-wash","",""
"product-sitemap3.xml","https://www.petroni.hr/proizvod/prozor-krovni-mpk-40x40-model-42-bez/","308","/product/prozor-krovni-mpk-40x40-model-42-bez","",""
"product-sitemap3.xml","https://www.petroni.hr/en/product/prozor-krovni-mpk-40x40-model-42-bez/","308","/product/prozor-krovni-mpk-40x40-model-42-bez?lang=en","en",""
"product-sitemap3.xml","https://www.petroni.hr/en/product/svjetlo-bocno-gornje-lijevo-hella/","308","/product/svjetlo-bocno-gornje-lijevo-hella?lang=en","en",""
"product-sitemap3.xml","https://www.petroni.hr/proizvod/svjetlo-bocno-gornje-lijevo-hella/","308","/product/svjetlo-bocno-gornje-lijevo-hella","",""
"product-sitemap3.xml","https://www.petroni.hr/proizvod/adapter-kabel-cee-muski-schuko-z-2/","308","/product/adapter-kabel-cee-muski-schuko-z","",""
"product-sitemap3.xml","https://www.petroni.hr/proizvod/stepenica-ulazna-klizna-12v-thule-g2-550mm/","308","/product/stepenica-ulazna-klizna-12v-thule-g2-550mm","",""
"product-sitemap3.xml","https://www.petroni.hr/proizvod/kabel-adapter-cee-m-schuko-z-3x25mm-04m/","308","/product/kabel-adapter-cee-m-schuko-z-3x2-5mm-0-4m","",""
"product-sitemap3.xml","https://www.petroni.hr/proizvod/prozor-krovni-mpk-vision-28x28/","308","/product/prozor-krovni-mpk-vision-28x28","",""
"product-sitemap3.xml","https://www.petroni.hr/proizvod/spremnik-za-vodu-95-lit-za-fiat-ducato-2006/","308","/product/spremnik-za-vodu-95-lit-za-fiat-ducato-2006","",""
"product-sitemap3.xml","https://www.petroni.hr/proizvod/fiksatori-za-spremnike-za-vodu/","308","/product/fiksatori-za-spremnike-za-vodu","",""
"product-sitemap3.xml","https://www.petroni.hr/proizvod/spoj-spremnika-vode-i-cijevi-ravni-40mm/","308","/product/prikljucak-za-crijevo-spremnik-ravni-40mm","",""
"product-sitemap3.xml","https://www.petroni.hr/en/product/spoj-spremnika-vode-i-cijevi-ravni-40mm/","308","/product/prikljucak-za-crijevo-spremnik-ravni-40mm?lang=en","en",""
"product-sitemap3.xml","https://www.petroni.hr/proizvod/prikljucak-za-crijevo-spremnik-3-8x12mm/","308","/product/prikljucak-za-crijevo-spremnik-3-8-x12mm","",""
"product-sitemap3.xml","https://www.petroni.hr/en/product/prikljucak-za-crijevo-spremnik-3-8x12mm/","308","/product/prikljucak-za-crijevo-spremnik-3-8-x12mm?lang=en","en",""
"product-sitemap3.xml","https://www.petroni.hr/proizvod/termostat-ploca-truma-c3402-c6002-c4002/","308","/product/termostat-ploca-truma-c3402-c6002-c4002","",""
"product-sitemap3.xml","https://www.petroni.hr/en/product/termostat-ploca-truma-c3402-c6002-c4002/","308","/product/termostat-ploca-truma-c3402-c6002-c4002?lang=en","en",""
"product-sitemap3.xml","https://www.petroni.hr/en/product/bojler-za-vodu-bg10-truma-10-litara/","308","/product/bojler-za-vodu-bg10-truma-10-litara?lang=en","en",""
"product-sitemap3.xml","https://www.petroni.hr/proizvod/bojler-za-vodu-bg10-truma-10-litara/","308","/product/bojler-za-vodu-bg10-truma-10-litara","",""
"product-sitemap3.xml","https://www.petroni.hr/proizvod/adapter-za-plinski-prikljucak-1-4-8mm/","308","/product/adapter-za-plinski-prikljucak-1-4-8mm","",""
"product-sitemap3.xml","https://www.petroni.hr/proizvod/pipa-mjesalica-london-comet/","308","/product/pipa-mjesalica-london-comet","",""
"product-sitemap3.xml","https://www.petroni.hr/proizvod/camper-trolley-ct1500/","308","/product/mover-robot-trolley-rt1500","",""
"product-sitemap3.xml","https://www.petroni.hr/proizvod/brava-ulazih-vrata-crna-fap-120x135mm/","308","/product/brava-ulazih-vrata-crna-fap-120x135mm","",""
"product-sitemap3.xml","https://www.petroni.hr/proizvod/brava-vanjska-fap-fi-100mm/","308","/product/brava-vanjska-fap-fi-100mm","",""
"product-sitemap3.xml","https://www.petroni.hr/proizvod/brava-vrata-zadi-univerzalna-sa-kljucem-i-cilindrom-kpl/","308","/product/brava-vrata-zadi-univerzalna-sa-kljucem-i-cilindrom-lijeva-kpl","",""
"product-sitemap3.xml","https://www.petroni.hr/en/product/brava-vrata-zadi-univerzalna-sa-kljucem-i-cilindrom-kpl/","308","/product/brava-vrata-zadi-univerzalna-sa-kljucem-i-cilindrom-lijeva-kpl?lang=en","en",""
"product-sitemap3.xml","https://www.petroni.hr/proizvod/brava-fap1200-97x106mm-sa-kljucem-i-cilindrom-mclouis/","308","/product/brava-fap-97x106mm-sa-kljucem-i-cilindrom-mclouis","",""
"product-sitemap3.xml","https://www.petroni.hr/proizvod/spojnica-ravna-prikljucak-ravni-fi-15mm-1-2/","308","/product/spojnica-ravna-prikljucak-ravni-fi-15mm-1-2","",""
"product-sitemap3.xml","https://www.petroni.hr/proizvod/prikljucak-za-plin-truma-vanjski/","308","/product/prikljucak-za-plin-truma-vanjski","",""
"product-sitemap3.xml","https://www.petroni.hr/en/product/prikljucak-za-plin-truma-vanjski/","308","/product/prikljucak-za-plin-truma-vanjski?lang=en","en",""
"product-sitemap3.xml","https://www.petroni.hr/proizvod/prikljucak-za-plin-truma-vanjski-2/","308","/product/prikljucak-za-plin-truma-vanjski-25273","",""
"product-sitemap3.xml","https://www.petroni.hr/proizvod/ruka-tende-fiamma-f45s-desna/","308","/product/ruka-tende-fiamma-f45s-desna","",""
"product-sitemap3.xml","https://www.petroni.hr/proizvod/stednjak-plinski-dometic-ce99-zf/","308","/product/stednjak-plinski-dometic-ce99-zf","",""
"product-sitemap3.xml","https://www.petroni.hr/proizvod/prozor-krovni-ventilator-di-tec-40x40/","308","/product/prozor-krovni-ventilator-di-tec-40x40","",""
"product-sitemap3.xml","https://www.petroni.hr/proizvod/ruka-tende-fiamma-f45i-il-lijeva/","308","/product/ruka-tende-fiamma-f45i-il-lijeva","",""
"product-sitemap3.xml","https://www.petroni.hr/en/product/nivelatori-quattro-6-tona/","308","/product/nivelatori-quattro-6-tona?lang=en","en",""
"product-sitemap3.xml","https://www.petroni.hr/proizvod/nivelatori-quattro-6-tona/","308","/product/nivelatori-quattro-6-tona","",""
"product-sitemap3.xml","https://www.petroni.hr/proizvod/noga-stola-preklopna-720mm-srebrena/","308","/product/noga-stola-preklopna-720mm-srebrena","",""
"product-sitemap3.xml","https://www.petroni.hr/proizvod/sina-prihvatna-drzac-stola/","308","/product/sina-prihvatna-drzac-stola-stilo","",""
"product-sitemap3.xml","https://www.petroni.hr/en/product/ventil-plinski-za-truma-3002-5002-kit-0414/","308","/product/ventil-plinski-za-truma-3002-5002-kit-04-14?lang=en","en",""
"product-sitemap3.xml","https://www.petroni.hr/proizvod/ventil-plinski-za-truma-3002-5002-kit-0414/","308","/product/ventil-plinski-za-truma-3002-5002-kit-04-14","",""
"product-sitemap3.xml","https://www.petroni.hr/en/product/ventil-plinski-termostatski-za-truma-3002-tgv1/","308","/product/ventil-plinski-termostatski-za-truma-3002?lang=en","en",""
"product-sitemap3.xml","https://www.petroni.hr/proizvod/ventil-plinski-termostatski-za-truma-3002-tgv1/","308","/product/ventil-plinski-termostatski-za-truma-3002","",""
"product-sitemap3.xml","https://www.petroni.hr/proizvod/wc-kazeta-thetford-c400-fresh-up-set/","308","/product/kazeta-za-wc-thetford-c400-fresh-up-set","",""
"product-sitemap3.xml","https://www.petroni.hr/proizvod/poklopac-ispuha-truma-fi-50-bijeli/","308","/product/poklopac-ispuha-truma-fi-50-bijeli","",""
"product-sitemap3.xml","https://www.petroni.hr/proizvod/brava-sigurnosna-za-vrata-thule-3kom/","308","/product/brava-sigurnosna-za-vrata-thule-3kom","",""
"product-sitemap3.xml","https://www.petroni.hr/proizvod/grijac-zraka-autoterm-4d-12v-diesel/","308","/product/grijac-zraka-autoterm-4d-12v-diesel","",""
"product-sitemap3.xml","https://www.petroni.hr/proizvod/kutija-za-montazu-grijaca-zraka-autoterm-4d/","308","/product/kutija-za-montazu-grijaca-zraka-autoterm-4d","",""
"product-sitemap3.xml","https://www.petroni.hr/proizvod/kontrol-panel-autoterm-comfort/","308","/product/kontrol-panel-autoterm-comfort","",""
"product-sitemap3.xml","https://www.petroni.hr/proizvod/inverter-cisti-sinus-cbe-erp300/","308","/product/inverter-cisti-sinus-cbe-erp300","",""
"product-sitemap3.xml","https://www.petroni.hr/proizvod/uticnica-12v-24v-upaljac-fi-18mm/","308","/product/uticnica-12v-24v-upaljac-fi-18mm","",""
"product-sitemap3.xml","https://www.petroni.hr/proizvod/panti-vrata-nadogradnje-8x40-43x40-x8-2x/","308","/product/panti-vrata-nadogradnje-8x40-43x40-x8-2x","",""
"product-sitemap3.xml","https://www.petroni.hr/proizvod/prozor-bocni-800x450-comfort-alu-acryl/","308","/product/prozor-bocni-800x450-comfort-alu-acryl","",""
"product-sitemap3.xml","https://www.petroni.hr/proizvod/prozor-krovni-fiamma-vent-40x40-crystal/","308","/product/prozor-krovni-fiamma-vent-40x40-crystal","",""
"product-sitemap3.xml","https://www.petroni.hr/en/product/prozor-krovni-fiamma-vent-40x40-crystal/","308","/product/prozor-krovni-fiamma-vent-40x40-crystal?lang=en","en",""
"product-sitemap3.xml","https://www.petroni.hr/proizvod/blokator-otvaranja-straznjih-ljestvi-fiamma-safe-ladder/","308","/product/blokator-otvaranja-straznjih-ljestvi-fiamma-safe-ladder","",""
"product-sitemap3.xml","https://www.petroni.hr/proizvod/kukice-za-zavjese-20kom/","308","/product/kukice-za-zavjese-20kom","",""
"product-sitemap3.xml","https://www.petroni.hr/proizvod/sina-za-ucvrscenje-daske-stola-na-zid-quick-clip/","308","/product/sina-za-ucvrscenje-daske-stola-na-zid-quick-clip","",""
"product-sitemap3.xml","https://www.petroni.hr/en/product/sina-za-ucvrscenje-daske-stola-na-zid-quick-clip/","308","/product/sina-za-ucvrscenje-daske-stola-na-zid-quick-clip?lang=en","en",""
"product-sitemap3.xml","https://www.petroni.hr/proizvod/grijac-combi-aqua-hot-gen1-4kw-diesel/","308","/product/grijac-combi-aqua-hot-gen1-4kw-diesel","",""
"product-sitemap3.xml","https://www.petroni.hr/proizvod/cep-za-vodu-gorivo-zadi-crni/","308","/product/cep-za-vodu-gorivo-zadi-crni","",""
"product-sitemap3.xml","https://www.petroni.hr/proizvod/prozor-bocni-1100x600-rw-van-alu-acryl/","308","/product/prozor-bocni-1100x600-rw-van-alu-acryl","",""
"product-sitemap3.xml","https://www.petroni.hr/proizvod/prekidac-za-svjetla-12v-mali/","308","/product/prekidac-za-svjetla-12v-mali","",""
"product-sitemap3.xml","https://www.petroni.hr/en/product/prekidac-za-svjetla-12v-mali/","308","/product/prekidac-za-svjetla-12v-mali?lang=en","en",""
"product-sitemap3.xml","https://www.petroni.hr/en/product/zarulja-led-g4-ubodna/","308","/product/zarulja-led-g4-ubodna?lang=en","en",""
"product-sitemap3.xml","https://www.petroni.hr/proizvod/zarulja-led-g4-ubodna/","308","/product/zarulja-led-g4-ubodna","",""
"product-sitemap3.xml","https://www.petroni.hr/proizvod/prekidac-za-ispiranje-thetford-sc200/","308","/product/prekidac-za-ispiranje-thetford-sc200","",""
"product-sitemap3.xml","https://www.petroni.hr/en/product/prekidac-za-ispiranje-thetford-sc200/","308","/product/prekidac-za-ispiranje-thetford-sc200?lang=en","en",""
"product-sitemap3.xml","https://www.petroni.hr/en/product/zastita-kabelskog-ulaza-na-krovu-vozila-2/","308","/product/uvodnik-za-krovni-ulaz-kabela-bijeli-dvostruki?lang=en","en",""
"product-sitemap3.xml","https://www.petroni.hr/proizvod/staklo-bocno-lijevo-fiat-ducato-2006-iza-vozaca/","308","/product/staklo-bocno-lijevo-fiat-ducato-2006-iza-vozaca","",""
"product-sitemap3.xml","https://www.petroni.hr/proizvod/termozastita-kabine-vanjska-fiat-ducato-x244-2002-2006/","308","/product/termozastita-kabine-vanjska-fiat-ducato-x244-2002-2006","",""
"product-sitemap3.xml","https://www.petroni.hr/proizvod/prekidac-za-baterije-100a/","308","/product/prekidac-za-baterije-100a","",""
"product-sitemap3.xml","https://www.petroni.hr/proizvod/pipa-za-hl-vodu-12v-barwig-compact/","308","/product/pipa-za-hl-vodu-12v-barwig-compact","",""
"product-sitemap3.xml","https://www.petroni.hr/proizvod/stepenica-preklopna-1-gaziste/","308","/product/stepenica-preklopna-1-gaziste","",""
"product-sitemap3.xml","https://www.petroni.hr/proizvod/profil-gumeni-brtva-za-vrata/","308","/product/profil-gumeni-brtva-za-vrata","",""
"product-sitemap3.xml","https://www.petroni.hr/proizvod/profil-rubni-zastitni-za-lim-mali/","308","/product/profil-rubni-zastitni-za-lim-mali","",""
"product-sitemap3.xml","https://www.petroni.hr/en/product/profil-rubni-zastitni-za-lim-mali/","308","/product/profil-rubni-zastitni-za-lim-mali?lang=en","en",""
"product-sitemap3.xml","https://www.petroni.hr/proizvod/wc-dometic-cts4110-keramicki-ulozak/","308","/product/wc-dometic-cts-4110-keramicki-ulozak","",""
"product-sitemap3.xml","https://www.petroni.hr/en/product/wc-dometic-cts4110-keramicki-ulozak/","308","/product/wc-dometic-cts-4110-keramicki-ulozak?lang=en","en",""
"product-sitemap3.xml","https://www.petroni.hr/proizvod/upaljac-piezo-za-truma-3002-6-9912-2014/","308","/product/upaljac-piezo-za-truma-3002-6-99-12-2014","",""
"product-sitemap3.xml","https://www.petroni.hr/en/product/upaljac-piezo-za-truma-3002-6-9912-2014/","308","/product/upaljac-piezo-za-truma-3002-6-99-12-2014?lang=en","en",""
"product-sitemap3.xml","https://www.petroni.hr/proizvod/poklopac-gornji-za-grijalicu-truma-3002-kpl/","308","/product/poklopac-gornji-za-grijalicu-truma-3002-kpl","",""
"product-sitemap3.xml","https://www.petroni.hr/proizvod/grijac-spremnika-otpadne-vode-12v-2/","308","/product/grijac-spremnika-otpadne-vode-12v-38w-80lit","",""
"product-sitemap3.xml","https://www.petroni.hr/en/product/grijac-spremnika-otpadne-vode-12v-2/","308","/product/grijac-spremnika-otpadne-vode-12v-38w-80lit?lang=en","en",""
"product-sitemap3.xml","https://www.petroni.hr/proizvod/regulator-plina-truma-duocontrol-cs-vertikalni/","308","/product/regulator-plina-truma-duocontrol-cs-vertikalni","",""
"product-sitemap3.xml","https://www.petroni.hr/proizvod/wc-prijenosni-seaflo-premium-12-lit/","308","/product/wc-prijenosni-seaflo-premium-12-lit","",""
"product-sitemap3.xml","https://www.petroni.hr/proizvod/pipa-mjesalica-za-vodu-comet-capri/","308","/product/pipa-mjesalica-za-vodu-comet-capri","",""
"product-sitemap3.xml","https://www.petroni.hr/proizvod/vaga-za-kamp-vozila/","308","/product/vaga-za-kamp-vozila-reich-lcd-1500kg","",""
"product-sitemap3.xml","https://www.petroni.hr/en/product/vaga-za-kamp-vozila/","308","/product/vaga-za-kamp-vozila-reich-lcd-1500kg?lang=en","en",""
"product-sitemap3.xml","https://www.petroni.hr/proizvod/bocne-zavjese-za-vrata-fiat-ducato-dometic-sp300/","308","/product/zavjese-za-bocna-ul-vrata-fiat-ducato-dometic-sp300","",""
"product-sitemap3.xml","https://www.petroni.hr/en/product/bocne-zavjese-za-vrata-fiat-ducato-dometic-sp300/","308","/product/zavjese-za-bocna-ul-vrata-fiat-ducato-dometic-sp300?lang=en","en",""
"product-sitemap3.xml","https://www.petroni.hr/proizvod/akumulator-lifepo4-120ah-sa-bluetooth/","308","/product/akumulator-lifepo4-120ah-sa-bluetooth","",""
"product-sitemap3.xml","https://www.petroni.hr/proizvod/prozor-krovni-ventilator-40x40-plus-fan/","308","/product/prozor-krovni-ventilator-40x40-plus-fan","",""
"product-sitemap3.xml","https://www.petroni.hr/proizvod/poklopac-ukrasni-za-kotac-16-iveco-daily-15/","308","/product/poklopac-ukrasni-za-kotac-16-iveco-daily-15","",""
"product-sitemap3.xml","https://www.petroni.hr/en/product/distributor-zraka-za-klima-uredaj-dometic-freshjet-fjx4-nutarnja-jedinica/","410","","","removed_product"
"product-sitemap3.xml","https://www.petroni.hr/en/product/klima-uredaj-dometic-freshjet-fjx4-vanjska-jedinica/","410","","","removed_product"
"product-sitemap3.xml","https://www.petroni.hr/en/product/grijalica-truma-combi-4-inet-x-panel/","308","/product/grijalica-truma-combi-4-e-inet-x-panel?lang=en","en",""
"product-sitemap3.xml","https://www.petroni.hr/proizvod/grijalica-truma-combi-4-inet-x-panel/","308","/product/grijalica-truma-combi-4-e-inet-x-panel","",""
"product-sitemap3.xml","https://www.petroni.hr/proizvod/retrovizor-fiat-ducato-06-lijevi-duga-ruka/","308","/product/retrovizor-fiat-ducato-06-lijevi-duga-ruka","",""
"product-sitemap3.xml","https://www.petroni.hr/en/product/retrovizor-fiat-ducato-06-lijevi-duga-ruka/","308","/product/retrovizor-fiat-ducato-06-lijevi-duga-ruka?lang=en","en",""
"product-sitemap3.xml","https://www.petroni.hr/proizvod/termozastita-prednjih-stakala-za-ford-transit-2014/","308","/product/termozastita-kabine-za-ford-transit-2014-vanjska-tecon","",""
"product-sitemap3.xml","https://www.petroni.hr/en/product/termozastita-prednjih-stakala-za-ford-transit-2014/","308","/product/termozastita-kabine-za-ford-transit-2014-vanjska-tecon?lang=en","en",""
"product-sitemap3.xml","https://www.petroni.hr/proizvod/zastita-kabelskog-ulaza-na-krovu-vozila-2/","308","/product/uvodnik-za-krovni-ulaz-kabela-bijeli-dvostruki","",""
"product-sitemap3.xml","https://www.petroni.hr/en/product/uticnice-cee-17-bijela-148x148/","308","/product/uticnice-cee-17-bijela-148x148?lang=en","en",""
"product-sitemap3.xml","https://www.petroni.hr/proizvod/uticnica-cee-zenska/","308","/product/uticnica-cee-zenska-izlazna","",""
"product-sitemap3.xml","https://www.petroni.hr/en/product/uticnica-cee-zenska/","308","/product/uticnica-cee-zenska-izlazna?lang=en","en",""
"product-sitemap3.xml","https://www.petroni.hr/proizvod/zidni-dimnjak-ispuh-truma-zr80/","308","/product/zidni-dimnjak-ispuh-truma-zr80","",""
"product-sitemap3.xml","https://www.petroni.hr/en/product/zidni-dimnjak-ispuh-truma-zr80/","308","/product/zidni-dimnjak-ispuh-truma-zr80?lang=en","en",""
"product-sitemap3.xml","https://www.petroni.hr/proizvod/poklopac-ispuha-truma-fi-50-crni/","308","/product/poklopac-ispuha-truma-fi-50-crni","",""
"product-sitemap3.xml","https://www.petroni.hr/proizvod/platno-spuzva-za-oblaganje-4mm-sivo-anthrazit/","308","/product/platno-spuzva-za-oblaganje-4mm-sivo-anthrazit","",""
"product-sitemap3.xml","https://www.petroni.hr/proizvod/rucica-za-zatvaranje-prozora-dometic-s7z/","308","/product/rucica-za-zatvaranje-prozora-dometic-s7z-00","",""
"product-sitemap3.xml","https://www.petroni.hr/en/product/rucica-za-zatvaranje-prozora-dometic-s7z/","308","/product/rucica-za-zatvaranje-prozora-dometic-s7z-00?lang=en","en",""
"product-sitemap3.xml","https://www.petroni.hr/proizvod/kapa-zavrsna-za-tendu-thule-5200-crna/","308","/product/kapa-zavrsna-za-tendu-thule-5200-crna","",""
"product-sitemap3.xml","https://www.petroni.hr/proizvod/bojler-grijac-vode-cozywater-10-lit-12-220v-200w/","308","/product/bojler-grijac-vode-cozywater-10-lit-12-220v-200w","",""
"product-sitemap3.xml","https://www.petroni.hr/proizvod/termozastita-stakla-vw-crafter-2017/","308","/product/termozastita-kabine-vw-crafter-2017","",""
"product-sitemap3.xml","https://www.petroni.hr/en/product/termozastita-stakla-vw-crafter-2017/","308","/product/termozastita-kabine-vw-crafter-2017?lang=en","en",""
"product-sitemap3.xml","https://www.petroni.hr/en/product/posude-melamin-vanlife-16-dijelova/","308","/product/posude-melamin-vanlife-16-dijelova?lang=en","en",""
"product-sitemap3.xml","https://www.petroni.hr/proizvod/posude-melamin-vanlife-16-dijelova/","308","/product/posude-melamin-vanlife-16-dijelova","",""
"product-sitemap3.xml","https://www.petroni.hr/proizvod/posude-melamin-cabrera-za-4-osobe/","308","/product/posude-melamin-cabrera-za-4-osobe","",""
"product-sitemap3.xml","https://www.petroni.hr/en/product/posude-melamin-cabrera-za-4-osobe/","308","/product/posude-melamin-cabrera-za-4-osobe?lang=en","en",""
"product-sitemap3.xml","https://www.petroni.hr/proizvod/ventilator-za-naknadnu-ugradnju-fiamma-tirbo-kit/","308","/product/ventilator-za-naknadnu-ugradnju-fiamma-turbo-kit","",""
"product-sitemap3.xml","https://www.petroni.hr/proizvod/termozastita-krovnog-prozora-dometic-midi-heki-700x500/","308","/product/termozastita-krovnog-prozora-dometic-midi-heki-700x500","",""
"product-sitemap3.xml","https://www.petroni.hr/proizvod/filter-plina-gok/","308","/product/filter-plina-gok","",""
"product-sitemap3.xml","https://www.petroni.hr/proizvod/kanister-za-vodu-sa-pipom-35-litara/","308","/product/kanister-za-vodu-sa-pipom-35-litara","",""
"product-sitemap3.xml","https://www.petroni.hr/proizvod/prikljucni-spoj-na-spremnik-ciste-vode-kutni/","308","/product/prikljucni-spoj-na-spremnik-ciste-vode-kutni","",""
"product-sitemap3.xml","https://www.petroni.hr/en/product/prikljucni-spoj-na-spremnik-ciste-vode-kutni/","308","/product/prikljucni-spoj-na-spremnik-ciste-vode-kutni?lang=en","en",""
"product-sitemap3.xml","https://www.petroni.hr/proizvod/kanister-sa-ruckom-16-litara/","308","/product/kanister-sa-ruckom-16-litara","",""
"product-sitemap3.xml","https://www.petroni.hr/proizvod/uticnica-schuko-220v-tamno-siva-bez-okvira/","308","/product/uticnica-schuko-220v-tamno-siva-bez-okvira","",""
"product-sitemap3.xml","https://www.petroni.hr/proizvod/uticnica-schuko-220v-berker-smeda/","308","/product/uticnica-schuko-220v-berker-smeda","",""
"product-sitemap3.xml","https://www.petroni.hr/en/product/uticnica-schuko-220v-berker-smeda/","308","/product/uticnica-schuko-220v-berker-smeda?lang=en","en",""
"product-sitemap3.xml","https://www.petroni.hr/proizvod/posude-melamin-lund-za-4-osobe-16-dijelova/","308","/product/posude-melamin-lund-za-4-osobe-16-dijelova","",""
"product-sitemap3.xml","https://www.petroni.hr/proizvod/drzac-za-6-boca-eva/","308","/product/drzac-za-6-boca-eva","",""
"product-sitemap3.xml","https://www.petroni.hr/proizvod/salter-za-elektricne-ulazne-stepenice-lippert/","308","/product/salter-za-elektricne-ulazne-stepenice-lippert","",""
"product-sitemap3.xml","https://www.petroni.hr/proizvod/grijalica-sunny-tower-1200-2000w-daljinski/","308","/product/grijalica-sunny-tower-1200-2000w-daljinski","",""
"product-sitemap3.xml","https://www.petroni.hr/en/product/adapter-cee-l-z-schuko-m-15m-3x25mm/","308","/product/adapter-cee-l-z-schuko-m-1-5m-3x2-5mm?lang=en","en",""
"product-sitemap3.xml","https://www.petroni.hr/proizvod/uticnica-schuko-c-line-220v-anthrazit/","308","/product/uticnica-schuko-c-line-220v-anthracit","",""
"product-sitemap3.xml","https://www.petroni.hr/proizvod/utikac-12v-8a/","308","/product/utikac-12v-8a-upaljac","",""
"product-sitemap3.xml","https://www.petroni.hr/en/product/utikac-12v-8a/","308","/product/utikac-12v-8a-upaljac?lang=en","en",""
"product-sitemap3.xml","https://www.petroni.hr/en/product/utikac-12v-fi-12/","308","/product/utikac-12-24v-fi-12-bosch?lang=en","en",""
"product-sitemap3.xml","https://www.petroni.hr/proizvod/prekidac-za-akumulator-200a-24v/","308","/product/prekidac-za-akumulator-200a-24v","",""
"product-sitemap3.xml","https://www.petroni.hr/en/product/sajla-sigurnosna-za-naletnu-kocnicu-prikolice/","308","/product/sajla-sigurnosna-za-naletnu-kocnicu-prikolice?lang=en","en",""
"product-sitemap3.xml","https://www.petroni.hr/proizvod/kljuc-nasadni-19mm-za-busilicu-580mm/","308","/product/kljuc-nasadni-19mm-za-busilicu-550mm","",""
"product-sitemap3.xml","https://www.petroni.hr/proizvod/kurbla-za-potporne-nogice-prikolice-al-ko-hkb-sw-19/","308","/product/kurbla-za-potporne-nogice-prikolice-al-ko-865-mm-sw-19","",""
"product-sitemap3.xml","https://www.petroni.hr/proizvod/stitnik-od-pada-za-posude-jednostruki-30-40cm-3kom/","308","/product/stitnik-od-pada-za-posude-jednostruki-30-40cm-3kom","",""
"product-sitemap3.xml","https://www.petroni.hr/en/product/stitnik-od-pada-za-posude-u-elementima-41-71cm/","308","/product/stitnik-od-pada-za-posude-u-elementima-42-71cm?lang=en","en",""
"product-sitemap3.xml","https://www.petroni.hr/proizvod/stitnik-od-pada-za-posude-u-elementima-41-71cm/","308","/product/stitnik-od-pada-za-posude-u-elementima-42-71cm","",""
"product-sitemap3.xml","https://www.petroni.hr/proizvod/lampa-verona-fleksibilna-led-sa-usb-c-prikljuckom/","308","/product/lampa-verona-fleksibilna-led-sa-usb-c-prikljuckom","",""
"product-sitemap3.xml","https://www.petroni.hr/proizvod/traka-krovna-za-ucvrscenje-tendi-i-predsatora-14m/","308","/product/traka-krovna-za-ucvrscenje-tendi-i-predsatora-14m","",""
"product-sitemap3.xml","https://www.petroni.hr/proizvod/prozor-krovni-maxxfan-deluxe/","308","/product/prozor-krovni-maxxfan-deluxe","",""
"product-sitemap3.xml","https://www.petroni.hr/proizvod/retrovizor-dodatni-za-vucu-prikolica-jolly/","308","/product/retrovizor-dodatni-za-vucu-prikolica-jolly","",""
"product-sitemap3.xml","https://www.petroni.hr/en/product/retrovizor-dodatni-za-vucu-prikolica-jolly/","308","/product/retrovizor-dodatni-za-vucu-prikolica-jolly?lang=en","en",""
"product-sitemap3.xml","https://www.petroni.hr/proizvod/umivaonik-sudoper-ovalni-450x275mm-bijeli/","308","/product/umivaonik-sudoper-ovalni-450x275mm-bijeli","",""
"product-sitemap3.xml","https://www.petroni.hr/proizvod/sifon-odvod-90-25mm-sa-automatskim-cepom/","308","/product/sifon-odvod-90-25mm-sa-automatskim-cepom","",""
"product-sitemap3.xml","https://www.petroni.hr/proizvod/tenda-thule-4200-30m-mystic-grey/","308","/product/tenda-thule-4200-3-0m-mystic-grey","",""
"product-sitemap3.xml","https://www.petroni.hr/en/product/kada-za-tus-665x665-bijela/","308","/product/kada-za-tus-665x665-bijela?lang=en","en",""
"product-sitemap3.xml","https://www.petroni.hr/proizvod/kada-za-tus-665x665-bijela/","308","/product/kada-za-tus-665x665-bijela","",""
"product-sitemap3.xml","https://www.petroni.hr/proizvod/grlo-naljevno-za-vodu-gorivo-fi-40-bijelo/","308","/product/grlo-naljevno-za-vodu-gorivo-fi-40-bijelo","",""
"product-sitemap3.xml","https://www.petroni.hr/proizvod/prikljucak-za-crijevo-spremnik-1-1-2-x40mm-ravni/","308","/product/prikljucak-za-crijevo-spremnik-1-1-2-x40mm-ravni","",""
"product-sitemap3.xml","https://www.petroni.hr/en/product/mreza-protiv-insekata-za-prozore-70x200cm/","308","/product/mreza-protiv-insekata-za-prozore-70x200cm?lang=en","en",""
"product-sitemap3.xml","https://www.petroni.hr/proizvod/osigurac-bf1-100a-plavi/","308","/product/osigurac-bf1-100a-plavi","",""
"product-sitemap3.xml","https://www.petroni.hr/en/product/osigurac-bf1-100a-plavi/","308","/product/osigurac-bf1-100a-plavi?lang=en","en",""
"product-sitemap3.xml","https://www.petroni.hr/proizvod/selna-mehanizma-potpornog-kotaca-fi-48/","308","/product/selna-mehanizma-potpornog-kotaca-fi-48","",""
"product-sitemap3.xml","https://www.petroni.hr/en/product/selna-mehanizma-potpornog-kotaca-fi-48/","308","/product/selna-mehanizma-potpornog-kotaca-fi-48?lang=en","en",""
"product-sitemap3.xml","https://www.petroni.hr/proizvod/grlo-naljevno-za-vodu/","308","/product/grlo-naljevno-za-vodu-crno-fi-35","",""
"product-sitemap3.xml","https://www.petroni.hr/proizvod/brava-vrata-za-kamp-vozila-fap-85x105mm/","308","/product/brava-vrata-za-kamp-vozila-fap-85x105mm","",""
"product-sitemap3.xml","https://www.petroni.hr/en/product/brava-vrata-za-kamp-vozila-fap-85x105mm/","308","/product/brava-vrata-za-kamp-vozila-fap-85x105mm?lang=en","en",""
"product-sitemap3.xml","https://www.petroni.hr/proizvod/prikljucak-za-crijevo-spremnik-3-8-x-11mm-ravni/","308","/product/prikljucak-za-crijevo-spremnik-3-8-x-11mm-ravni","",""
"product-sitemap3.xml","https://www.petroni.hr/proizvod/pipa-mjesalica-za-kamper-sa-flexi-izljevom/","308","/product/pipa-mjesalica-za-kamper-sa-flexi-izljevom","",""
"product-sitemap3.xml","https://www.petroni.hr/proizvod/noge-za-stabilizaciju-i-poravnanje-prikolice/","308","/product/noga-za-stabilizaciju-i-poravnanje-prikolice-600kg","",""
"product-sitemap3.xml","https://www.petroni.hr/en/product/noge-za-stabilizaciju-i-poravnanje-prikolice/","308","/product/noga-za-stabilizaciju-i-poravnanje-prikolice-600kg?lang=en","en",""
"product-sitemap3.xml","https://www.petroni.hr/proizvod/ventilator-krovni-prozor-vanvent-40x40-carbest-crni/","308","/product/ventilator-krovni-prozor-vanvent-40x40-carbest-crni","",""
"product-sitemap3.xml","https://www.petroni.hr/proizvod/torba-za-nivelatore-zidna-carbest/","308","/product/torba-za-nivelatore-zidna-carbest","",""
"product-sitemap3.xml","https://www.petroni.hr/proizvod/vrata-servisna-thetford-7-1070x300/","308","/product/vrata-servisna-thetford-7-1070x300","",""
"product-sitemap3.xml","https://www.petroni.hr/proizvod/okvir-za-vrata-spremista-thetford-650x350/","308","/product/vrata-servisna-thetford-4-650x350","",""
"product-sitemap3.xml","https://www.petroni.hr/proizvod/prozor-krovni-ventilator-40x40-vechline/","308","/product/prozor-krovni-ventilator-40x40-vechline","",""
"product-sitemap3.xml","https://www.petroni.hr/proizvod/kamera-za-voznju-unatrag-mestic-mc300-ekran-na-retrovizoru/","308","/product/kamera-za-voznju-unatrag-mestic-mc300-ekran-na-retrovizoru","",""
"product-sitemap3.xml","https://www.petroni.hr/proizvod/kamera-za-voznju-unatrag-antarion-7-tft-lcd/","308","/product/kamera-za-voznju-unatrag-antarion-7-tft-lcd","",""
"product-sitemap3.xml","https://www.petroni.hr/proizvod/kamera-za-voznju-unatrag-lippert-furrion-vision-s-monitor-7/","308","/product/kamera-za-voznju-unatrag-lippert-furrion-vision-s-monitor-7","",""
"product-sitemap3.xml","https://www.petroni.hr/proizvod/nosac-za-tv-caratec-cfw300/","308","/product/nosac-za-tv-caratec-cfw300","",""
"product-sitemap3.xml","https://www.petroni.hr/proizvod/nosac-za-tv-zidni-crni-mat-vel-xl/","308","/product/nosac-za-tv-zidni-crni-mat-vel-xl","",""
"product-sitemap3.xml","https://www.petroni.hr/proizvod/nosac-za-tv-zidni-crni-mat-vel-m/","308","/product/nosac-za-tv-zidni-crni-mat-vel-m","",""
"product-sitemap3.xml","https://www.petroni.hr/proizvod/televizor-led-smart-22-megasat-royal-line-premium/","308","/product/televizor-led-smart-22-megasat-royal-line-premium","",""
"product-sitemap3.xml","https://www.petroni.hr/proizvod/antena-satelitska-sr-mecatronic-asr650-flat-led-gold-edition/","308","/product/antena-satelitska-sr-mecatronic-asr650-flat-led-gold-edition","",""
"product-sitemap3.xml","https://www.petroni.hr/en/product/antena-satelitska-sr-mecatronic-asr650-flat-led-gold-edition/","308","/product/antena-satelitska-sr-mecatronic-asr650-flat-led-gold-edition?lang=en","en",""
"product-sitemap3.xml","https://www.petroni.hr/en/product/antena-za-tv-dvb-t-t-2/","308","/product/antena-za-tv-dvb-t-t-2?lang=en","en",""
"product-sitemap3.xml","https://www.petroni.hr/proizvod/antena-za-tv-dvb-t-t-2/","308","/product/antena-za-tv-dvb-t-t-2","",""
"product-sitemap3.xml","https://www.petroni.hr/proizvod/antena-za-tv-antarion-dvbt-omni360-33-cm/","308","/product/antena-za-tv-antarion-dvbt-omni360-33-cm","",""
"product-sitemap3.xml","https://www.petroni.hr/en/product/antena-za-tv-antarion-dvbt-omni360-33-cm/","308","/product/antena-za-tv-antarion-dvbt-omni360-33-cm?lang=en","en",""
"product-sitemap3.xml","https://www.petroni.hr/proizvod/antena-teleco-wing11-dvb-t2-omnid-360-12-24v/","308","/product/antena-teleco-wing11-dvb-t2-omnid-360-12-24v","",""
"product-sitemap3.xml","https://www.petroni.hr/proizvod/antena-za-tv-dvb-t-megasat-t4/","308","/product/antena-za-tv-dvb-t-megasat-t4","",""
"product-sitemap3.xml","https://www.petroni.hr/proizvod/antena-za-tv-mestic/","308","/product/antena-za-tv-dvb-t-mestic","",""
"product-sitemap3.xml","https://www.petroni.hr/proizvod/televizor-smart-led-24-mestic-12v/","308","/product/televizor-smart-led-24-mestic-12v","",""
"product-sitemap3.xml","https://www.petroni.hr/proizvod/prozor-krovni-40x40-remitop-vista/","308","/product/prozor-krovni-40x40-remitop-vista","",""
"product-sitemap3.xml","https://www.petroni.hr/en/product/prozor-krovni-40x40-remitop-vista/","308","/product/prozor-krovni-40x40-remitop-vista?lang=en","en",""
"product-sitemap3.xml","https://www.petroni.hr/proizvod/brava-zadi-push-ovalna-110x41mm/","308","/product/brava-zadi-push-ovalna-110x41mm","",""
"product-sitemap3.xml","https://www.petroni.hr/proizvod/cep-za-vodu-zadi-sa-cilindrom-i-2-kljuca/","308","/product/cep-za-vodu-zadi-sa-cilindrom-i-2-kljuca","",""
"product-sitemap3.xml","https://www.petroni.hr/en/product/cep-za-vodu-zadi-sa-cilindrom-i-2-kljuca/","308","/product/cep-za-vodu-zadi-sa-cilindrom-i-2-kljuca?lang=en","en",""
"product-sitemap3.xml","https://www.petroni.hr/proizvod/wc-prijenosni-seaflo-premium-18-lit/","308","/product/wc-prijenosni-seaflo-premium-18-lit","",""
"product-sitemap3.xml","https://www.petroni.hr/proizvod/akumulator-stacionarni-yuasa-leisure-12v-80ah/","308","/product/akumulator-stacionarni-yuasa-leisure-12v-80ah","",""
"product-sitemap3.xml","https://www.petroni.hr/en/product/kanister-15l-sa-pipom/","308","/product/kanister-15l-sa-pipom?lang=en","en",""
"product-sitemap3.xml","https://www.petroni.hr/proizvod/kanister-15l-sa-pipom/","308","/product/kanister-15l-sa-pipom","",""
"product-sitemap3.xml","https://www.petroni.hr/proizvod/kartusa-za-pipu-fi-35mm/","308","/product/kartusa-za-pipu-fi-35mm","",""
"product-sitemap3.xml","https://www.petroni.hr/proizvod/kartusa-za-pipu-fi-35-2/","308","/product/kartusa-za-pipu-fi-35-7218","",""
"product-sitemap3.xml","https://www.petroni.hr/proizvod/perlator-24-1-m/","308","/product/perlator-24-1-m","",""
"product-sitemap3.xml","https://www.petroni.hr/proizvod/pipa-mjesalica-sa-tusem-i-crijevom/","308","/product/pipa-mjesalica-sa-tusem-i-crijevom","",""
"product-sitemap3.xml","https://www.petroni.hr/proizvod/tus-vanjski-prikljucak/","308","/product/tus-vanjski-prikljucak-reich-kljuc","",""
"product-sitemap3.xml","https://www.petroni.hr/en/product/tus-vanjski-prikljucak/","308","/product/tus-vanjski-prikljucak-reich-kljuc?lang=en","en",""
"product-sitemap3.xml","https://www.petroni.hr/proizvod/grijac-za-hladnjak-thetford-240v-220w/","308","/product/grijac-za-hladnjak-thetford-240v-220w","",""
"product-sitemap3.xml","https://www.petroni.hr/proizvod/pipa-mjesalica-top-hl-v-reich-contur/","308","/product/pipa-mjesalica-top-hl-12v-reich-contur","",""
"product-sitemap3.xml","https://www.petroni.hr/proizvod/brtvilo-za-wc-kazetu-thetford-15-6-2020/","308","/product/brtvilo-otvora-za-wc-kazetu-thetford-15-6-2020","",""
"product-sitemap3.xml","https://www.petroni.hr/proizvod/ruka-za-ucvrscivanje-bicikla-na-nosacu-fiamma-bike-block-pro-iv/","308","/product/ruka-za-ucvrscivanje-bicikla-na-nosacu-fiamma-bike-block-pro-4","",""
"product-sitemap3.xml","https://www.petroni.hr/en/product/ruka-za-ucvrscivanje-bicikla-na-nosacu-fiamma-bike-block-pro-iv/","308","/product/ruka-za-ucvrscivanje-bicikla-na-nosacu-fiamma-bike-block-pro-4?lang=en","en",""
"product-sitemap3.xml","https://www.petroni.hr/proizvod/sifon-reich-2-prikljucka-39mm/","308","/product/sifon-reich-2-prikljucka-39mm","",""
"product-sitemap3.xml","https://www.petroni.hr/en/product/sifon-reich-2-prikljucka-39mm/","308","/product/sifon-reich-2-prikljucka-39mm?lang=en","en",""
"product-sitemap3.xml","https://www.petroni.hr/proizvod/kljuc-za-regulator-plina/","308","/product/kljuc-za-regulator-plina-quickfree","",""
"product-sitemap3.xml","https://www.petroni.hr/proizvod/lampice-led-sa-solarnim-panelom-i-baterijom/","308","/product/lampice-led-sa-solarnim-panelom-i-baterijom","",""
"product-sitemap3.xml","https://www.petroni.hr/proizvod/nadmadrac-od-memorijske-gel-pjene/","308","/product/nadmadrac-od-memorijske-gel-pjene","",""
"product-sitemap3.xml","https://www.petroni.hr/proizvod/krevet-pomocni-za-prednja-sjedala-vw-crafter-man-tge-2017/","308","/product/krevet-pomocni-za-prednja-sjedala-vw-crafter-man-tge-2017","",""
"product-sitemap3.xml","https://www.petroni.hr/proizvod/madrac-za-kampiranje-gelert-adventure-xl-10cm/","308","/product/madrac-za-kampiranje-gelert-adventure-xl-10cm","",""
"product-sitemap3.xml","https://www.petroni.hr/proizvod/krevet-dodatni-za-prednja-sjedala/","308","/product/krevet-dodatni-za-prednja-sjedala","",""
"product-sitemap3.xml","https://www.petroni.hr/proizvod/svjetlo-bocno-gornje-jokon-2/","308","/product/svjetlo-bocno-gornje-jokon-spl2010","",""
"product-sitemap3.xml","https://www.petroni.hr/en/product/svjetlo-bocno-gornje-jokon-2/","308","/product/svjetlo-bocno-gornje-jokon-spl2010?lang=en","en",""
"product-sitemap3.xml","https://www.petroni.hr/proizvod/sina-profilna-za-keder-25m/","308","/product/sina-profilna-za-keder-2-5m","",""
"product-sitemap3.xml","https://www.petroni.hr/proizvod/obloga-podna-isabella-ikafloor-50x50/","308","/product/obloga-podna-isabella-ikafloor-50x50","",""
"product-sitemap3.xml","https://www.petroni.hr/proizvod/brava/","308","/product/brava-push-za-kupaonska-vrata","",""
"product-sitemap3.xml","https://www.petroni.hr/proizvod/utikac-12v-fi-12/","308","/product/utikac-12-24v-fi-12-bosch","",""
"product-sitemap3.xml","https://www.petroni.hr/proizvod/spoj-spremnika-vode-i-cijevi-fi-40-kutni-90/","308","/product/spoj-spremnika-vode-i-cijevi-fi-40-kutni-90","",""
"product-sitemap3.xml","https://www.petroni.hr/en/product/spoj-spremnika-vode-i-cijevi-fi-40-kutni-90/","308","/product/spoj-spremnika-vode-i-cijevi-fi-40-kutni-90?lang=en","en",""
"product-sitemap3.xml","https://www.petroni.hr/proizvod/regulator-plina-12kg-30mbar-sa-manometrom-od-1-2003/","308","/product/regulator-plina-1-2kg-30mbar-sa-manometrom-od-1-2003","",""
"product-sitemap3.xml","https://www.petroni.hr/en/product/regulator-plina-12kg-30mbar-sa-manometrom-od-1-2003/","308","/product/regulator-plina-1-2kg-30mbar-sa-manometrom-od-1-2003?lang=en","en",""
"product-sitemap3.xml","https://www.petroni.hr/proizvod/prozor-bocni-450x400-sa-alu-okvirom-led-pozadinska-rasvjeta/","308","/product/prozor-bocni-450x400-sa-alu-okvirom-led-pozadinska-rasvjeta","",""
"product-sitemap3.xml","https://www.petroni.hr/proizvod/prikljucak-za-crijevo-spremnik-1-1-4-x-35mm/","308","/product/prikljucak-za-crijevo-spremnik-1-1-4-x-35mm","",""
"product-sitemap3.xml","https://www.petroni.hr/proizvod/sampon-za-pranje-kampera-rinowash-2-litre/","308","/product/sampon-za-pranje-kampera-rinowash-2-litre","",""
"product-sitemap3.xml","https://www.petroni.hr/proizvod/tepih-za-kabinu-vozaca-ford-transit-od-2014-filz/","308","/product/tepih-za-kabinu-vozaca-ford-transit-od-2014-filz","",""
"product-sitemap3.xml","https://www.petroni.hr/en/product/tepih-za-kabinu-vozaca-ford-transit-od-2014-filz/","308","/product/tepih-za-kabinu-vozaca-ford-transit-od-2014-filz?lang=en","en",""
"product-sitemap3.xml","https://www.petroni.hr/proizvod/brava-za-vrata-zadi-crna-sa-cilindrom-i-kljucem-78x41-775mm/","308","/product/brava-za-vrata-zadi-crna-sa-cilindrom-i-kljucem-78x41-77-5mm","",""
"product-sitemap3.xml","https://www.petroni.hr/proizvod/prekrivac-zastitni-za-kamp-kucicu-brunner-12m-600x250x220cm/","308","/product/prekrivac-zastitni-za-kamp-prikolicu-brunner-12m-600x250x220cm","",""
"product-sitemap3.xml","https://www.petroni.hr/proizvod/adapter-za-krovni-prozor-280x280mm/","308","/product/adapter-za-krovni-prozor-280x280mm","",""
"product-sitemap3.xml","https://www.petroni.hr/proizvod/salter-dvopolni-s-rotirajucim-naponom-12v/","308","/product/salter-dvopolni-s-rotirajucim-naponom-12v","",""
"product-sitemap3.xml","https://www.petroni.hr/proizvod/kuhalo-ua-vodu-12v-150w/","308","/product/kuhalo-za-vodu-12v-150w","",""
"product-sitemap3.xml","https://www.petroni.hr/proizvod/adapter-za-rucnu-kocnicu-vw-transporter-t5-t6-t6-1-kit/","308","/product/adapter-za-rucnu-kocnicu-vw-transporter-t5-t6-t6-1-kit","",""
"product-sitemap3.xml","https://www.petroni.hr/proizvod/poklopac-ukrasni-za-retrovizor-fiat-ducato-boxer-jumper-2006-2/","308","/product/poklopac-ukrasni-za-retrovizor-fiat-ducato-boxer-jumper-2006-12870","",""
"product-sitemap3.xml","https://www.petroni.hr/en/product/poklopac-ukrasni-za-retrovizor-fiat-ducato-boxer-jumper-2006-2/","308","/product/poklopac-ukrasni-za-retrovizor-fiat-ducato-boxer-jumper-2006-12870?lang=en","en",""
"product-sitemap3.xml","https://www.petroni.hr/proizvod/pasta-za-poliranje-quixx-acryl-50g/","308","/product/pasta-za-poliranje-quixx-acryl-50g","",""
"product-sitemap3.xml","https://www.petroni.hr/proizvod/boca-za-plin-5kg/","308","/product/boca-za-plin-5kg","",""
"product-sitemap3.xml","https://www.petroni.hr/proizvod/felga-aluminijska-16-5x118-za-fiat-ducato-citroen-jumper-peugeot-boxer/","308","/product/felga-aluminijska-16-5x118-za-fiat-ducato-citroen-jumper-peugeot-boxer","",""
"product-sitemap3.xml","https://www.petroni.hr/proizvod/svjetlo-bocno-donje-led-rimor-19/","308","/product/svjetlo-bocno-donje-led-rimor-19","",""
"product-sitemap3.xml","https://www.petroni.hr/en/product/svjetlo-bocno-donje-led-rimor-19/","308","/product/svjetlo-bocno-donje-led-rimor-19?lang=en","en",""
"product-sitemap3.xml","https://www.petroni.hr/proizvod/prozor-krovni-dometic-micro-heki-28x28/","308","/product/prozor-krovni-dometic-micro-heki-28x28","",""
"product-sitemap3.xml","https://www.petroni.hr/proizvod/prozor-bocni-sa-okvirom-masis-450x450mm/","308","/product/prozor-bocni-sa-okvirom-masis-450x450mm","",""
"product-sitemap3.xml","https://www.petroni.hr/proizvod/staklo-bocnih-desnih-kliznih-vrata-za-renault-trafic-2002-2015/","308","/product/staklo-bocnih-desnih-kliznih-vrata-za-renault-trafic-2002-2015","",""
"product-sitemap3.xml","https://www.petroni.hr/en/product/staklo-bocnih-desnih-kliznih-vrata-za-renault-trafic-2002-2015/","308","/product/staklo-bocnih-desnih-kliznih-vrata-za-renault-trafic-2002-2015?lang=en","en",""
"product-sitemap3.xml","https://www.petroni.hr/proizvod/staklo-bocno-lijevo-renault-trafic-2002-2015/","308","/product/staklo-bocno-lijevo-renault-trafic-2002-2015","",""
"product-sitemap3.xml","https://www.petroni.hr/proizvod/podizac-cjevasti-za-seitz-dometic-s3-s4-prozor-350mm-par/","308","/product/podizac-cjevasti-za-seitz-dometic-s3-s4-prozor-350mm-par","",""
"product-sitemap3.xml","https://www.petroni.hr/proizvod/kuke-za-rolo-zavjese-seitz-dometic/","308","/product/kuke-za-rolo-zavjese-seitz-dometic-set-6kom","",""
"product-sitemap3.xml","https://www.petroni.hr/proizvod/zubici-rolo-zavjese-dometic-sp42-par/","308","/product/zubici-rolo-zavjese-dometic-sp42-set-6-kom","",""
"product-sitemap3.xml","https://www.petroni.hr/en/product/zubici-rolo-zavjese-dometic-sp42-par/","308","/product/zubici-rolo-zavjese-dometic-sp42-set-6-kom?lang=en","en",""
"product-sitemap3.xml","https://www.petroni.hr/proizvod/pant-mali-za-vrata-namjestaj-metalni-stelajuci/","308","/product/pant-mali-za-vrata-namjestaj-metalni-sa-podesavanjem","",""
"product-sitemap3.xml","https://www.petroni.hr/proizvod/drzac-vrata-magnetni-6kg-bijeli/","308","/product/drzac-vrata-magnetni-6kg-bijeli","",""
"product-sitemap3.xml","https://www.petroni.hr/en/product/drzac-vrata-magnetni-6kg-bijeli/","308","/product/drzac-vrata-magnetni-6kg-bijeli?lang=en","en",""
"product-sitemap3.xml","https://www.petroni.hr/proizvod/svjetlo-gabaritno-led-jokon-crveno/","308","/product/svjetlo-gabaritno-led-jokon-crveno","",""
"product-sitemap3.xml","https://www.petroni.hr/en/product/svjetlo-gabaritno-led-jokon-crveno/","308","/product/svjetlo-gabaritno-led-jokon-crveno?lang=en","en",""
"product-sitemap3.xml","https://www.petroni.hr/proizvod/profil-t-spojni-za-sperploce-22m/","308","/product/profil-t-spojni-za-sperploce-2-2m","",""
"product-sitemap3.xml","https://www.petroni.hr/en/product/profil-t-spojni-za-sperploce-22m/","308","/product/profil-t-spojni-za-sperploce-2-2m?lang=en","en",""
"product-sitemap3.xml","https://www.petroni.hr/proizvod/kartusa-za-jednorucnu-mjesalicu-fi-35-2-nosa-i-razdjelnik/","308","/product/kartusa-za-jednorucnu-mjesalicu-fi-35-2-nosa-i-razdjelnik","",""
"product-sitemap3.xml","https://www.petroni.hr/proizvod/solar-regler-victron-mppt-100-20/","308","/product/regulator-solarnog-punjenja-victron-mppt-100-20a","",""
"product-sitemap3.xml","https://www.petroni.hr/en/product/set-za-montazu-spremnika-otpadne-vode-ispod-vozila/","308","/product/set-za-montazu-spremnika-otpadne-vode-ispod-vozila?lang=en","en",""
"product-sitemap3.xml","https://www.petroni.hr/proizvod/detektor-curenja-plina-gasokay/","308","/product/detektor-curenja-plina-gasokay","",""
"product-sitemap3.xml","https://www.petroni.hr/en/product/detektor-curenja-plina-gasokay/","308","/product/detektor-curenja-plina-gasokay?lang=en","en",""
"product-sitemap3.xml","https://www.petroni.hr/proizvod/rucica-za-zatvaranje-prozora-dometic-s7z-03-lijeva/","308","/product/rucica-za-zatvaranje-prozora-dometic-s7z-03-1xl-2xd","",""
"product-sitemap3.xml","https://www.petroni.hr/en/product/rucica-za-zatvaranje-prozora-dometic-s7z-03-lijeva/","308","/product/rucica-za-zatvaranje-prozora-dometic-s7z-03-1xl-2xd?lang=en","en",""
"product-sitemap3.xml","https://www.petroni.hr/proizvod/hladnjak-kompresorski-carbest-ar85l/","308","/product/hladnjak-kompresorski-carbest-ar85l","",""
"product-sitemap3.xml","https://www.petroni.hr/proizvod/podizac-prozora-seitz-dometic-s3-s4-par/","308","/product/podizac-prozora-seitz-dometic-s3-s4-par","",""
"product-sitemap3.xml","https://www.petroni.hr/proizvod/brtvilo-za-fiamma-krovni-prozor-40x40/","308","/product/brtvilo-za-fiamma-krovni-prozor-40x40","",""
"product-sitemap3.xml","https://www.petroni.hr/en/product/resetka-hladnjaka-thetford/","308","/product/resetka-hladnjaka-thetford-451x156?lang=en","en",""
"product-sitemap3.xml","https://www.petroni.hr/proizvod/resetka-hladnjaka-thetford/","308","/product/resetka-hladnjaka-thetford-451x156","",""
"product-sitemap3.xml","https://www.petroni.hr/proizvod/prekrivac-zastitni-za-kotac-15-17/","308","/product/prekrivac-zastitni-za-kotac-15-17","",""
"product-sitemap3.xml","https://www.petroni.hr/proizvod/sina-aluminijska-za-keder-75mm/","308","/product/sina-aluminijska-za-keder-7-5mm","",""
"product-sitemap3.xml","https://www.petroni.hr/proizvod/pipa-za-vodu-trend-s-chrom/","308","/product/pipa-za-vodu-trend-s-chrom","",""
"product-sitemap3.xml","https://www.petroni.hr/en/product/regulator-za-plin-30mbar-08kg-h-sa-manometrom/","308","/product/regulator-za-plin-30mbar-0-8kg-h-sa-manometrom?lang=en","en",""
"product-sitemap3.xml","https://www.petroni.hr/proizvod/regulator-za-plin-30mbar-08kg-h-sa-manometrom/","308","/product/regulator-za-plin-30mbar-0-8kg-h-sa-manometrom","",""
"product-sitemap3.xml","https://www.petroni.hr/en/product/konzola-okretna-za-vw-t5-t6-03/","308","/product/konzola-okretna-za-sjedalo-vw-t5-t6-03?lang=en","en",""
"product-sitemap3.xml","https://www.petroni.hr/proizvod/konzola-okretna-za-vw-t5-t6-03/","308","/product/konzola-okretna-za-sjedalo-vw-t5-t6-03","",""
"product-sitemap3.xml","https://www.petroni.hr/proizvod/noga-preklopnog-stola-za-kamp-vozila/","308","/product/noga-stola-za-kamp-vozila-rimor-740mm","",""
"product-sitemap3.xml","https://www.petroni.hr/proizvod/nivelatori-thule/","308","/product/nivelatori-thule","",""
"product-sitemap3.xml","https://www.petroni.hr/proizvod/tenda-fiamma-f45s-35m-royal-grey/","308","/product/tenda-fiamma-f45s-3-5m-royal-grey","",""
"product-sitemap3.xml","https://www.petroni.hr/en/product/tenda-fiamma-f45s-35m-royal-grey/","308","/product/tenda-fiamma-f45s-3-5m-royal-grey?lang=en","en",""
"product-sitemap3.xml","https://www.petroni.hr/proizvod/tenda-thule-4200-35m-mystic-grey/","308","/product/tenda-thule-4200-3-5m-mystic-grey","",""
"product-sitemap3.xml","https://www.petroni.hr/proizvod/tenda-thule-4900-4m-sapphire-blue/","308","/product/tenda-thule-4200-4m-mystic-siva","",""
"product-sitemap3.xml","https://www.petroni.hr/en/product/tenda-thule-4900-4m-sapphire-blue/","308","/product/tenda-thule-4200-4m-mystic-siva?lang=en","en",""
"product-sitemap3.xml","https://www.petroni.hr/proizvod/tenda-thule-4200-4m-mystic-grey/","308","/product/tenda-thule-4200-4m-mystic-grey","",""
"product-sitemap3.xml","https://www.petroni.hr/proizvod/sina-za-bicikl-fiamma-128cm/","308","/product/sina-za-bicikl-fiamma-128cm","",""
"product-sitemap3.xml","https://www.petroni.hr/proizvod/cep-za-kanister-nw100-din96/","308","/product/cep-za-kanister-nw100-din96","",""
"product-sitemap3.xml","https://www.petroni.hr/proizvod/tenda-thule-6300-4m-mystic-grau/","308","/product/tenda-thule-6300-4m-mystic-grau","",""
"product-sitemap3.xml","https://www.petroni.hr/proizvod/tenda-thule-omnistor-6300-4m/","308","/product/tenda-thule-omnistor-6300-4m","",""
"product-sitemap3.xml","https://www.petroni.hr/en/product/tenda-thule-omnistor-6300-4m/","308","/product/tenda-thule-omnistor-6300-4m?lang=en","en",""
"product-sitemap3.xml","https://www.petroni.hr/proizvod/stepenica-ulazna-manuelna-omnistor-550/","308","/product/stepenica-ulazna-manuelna-thule-550","",""
"product-sitemap3.xml","https://www.petroni.hr/en/product/stepenica-ulazna-manuelna-omnistor-550/","308","/product/stepenica-ulazna-manuelna-thule-550?lang=en","en",""
"product-sitemap3.xml","https://www.petroni.hr/proizvod/stepenice-ulazne-thule-12v-550-preklopne/","308","/product/stepenica-ulazna-thule-12v-550-preklopne","",""
"product-sitemap3.xml","https://www.petroni.hr/en/product/stepenice-ulazne-thule-12v-550-preklopne/","308","/product/stepenica-ulazna-thule-12v-550-preklopne?lang=en","en",""
"product-sitemap3.xml","https://www.petroni.hr/proizvod/stepenica-ulazna-preklopna-lippert-460mm-manuelna/","308","/product/stepenica-ulazna-preklopna-lippert-460mm-manuelna","",""
"product-sitemap3.xml","https://www.petroni.hr/en/product/stepenica-ulazna-preklopna-lippert-460mm-manuelna/","308","/product/stepenica-ulazna-preklopna-lippert-460mm-manuelna?lang=en","en",""
"product-sitemap3.xml","https://www.petroni.hr/proizvod/pant-52x38-zink-polusavijen/","308","/product/pant-52x38-zink-polusavijen","",""
"product-sitemap3.xml","https://www.petroni.hr/en/product/pant-52x38-zink-polusavijen/","308","/product/pant-52x38-zink-polusavijen?lang=en","en",""
"product-sitemap3.xml","https://www.petroni.hr/proizvod/rucica-za-namjestaj-chrom-185x15/","308","/product/rucica-za-namjestaj-chrom-185x15","",""
"product-sitemap3.xml","https://www.petroni.hr/en/product/rucica-za-namjestaj-chrom-185x15/","308","/product/rucica-za-namjestaj-chrom-185x15?lang=en","en",""
"product-sitemap3.xml","https://www.petroni.hr/proizvod/akumulator-litijum-baterija-mccamping-lifepo4-100ah/","308","/product/akumulator-lithium-baterija-mccamping-lifepo4-100ah","",""
"product-sitemap3.xml","https://www.petroni.hr/proizvod/ventilator-krovni-prozor-vanvent-40x40-carbest-sivi/","308","/product/ventilator-krovni-prozor-vanvent-40x40-carbest-sivi","",""
"product-sitemap3.xml","https://www.petroni.hr/proizvod/osigurac-maxival-50a-crveni/","308","/product/osigurac-maxival-50a-crveni","",""
"product-sitemap3.xml","https://www.petroni.hr/en/product/osigurac-maxival-50a-crveni/","308","/product/osigurac-maxival-50a-crveni?lang=en","en",""
"product-sitemap3.xml","https://www.petroni.hr/proizvod/stednjak-can-2-plamenika-i-sudoper-2/","308","/product/stednjak-can-2-plamenika-i-sudoper-12877","",""
"product-sitemap3.xml","https://www.petroni.hr/en/product/stednjak-can-2-plamenika-i-sudoper-2/","308","/product/stednjak-can-2-plamenika-i-sudoper-12877?lang=en","en",""
"product-sitemap3.xml","https://www.petroni.hr/proizvod/drzac-za-tanjure-froli-bijeli/","308","/product/drzac-za-tanjure-froli-bijeli","",""
"product-sitemap3.xml","https://www.petroni.hr/proizvod/punjac-standby-pro-12v/","308","/product/punjac-standby-pro-12v","",""
"product-sitemap3.xml","https://www.petroni.hr/proizvod/spojler-za-krovni-prozor-36-40cm/","308","/product/spojler-za-krovni-prozor-36-40cm","",""
"product-sitemap3.xml","https://www.petroni.hr/proizvod/zastita-kabelskog-ulaza-na-krovu-vozila/","308","/product/uvodnik-za-krovni-ulaz-kabela-crni-jednostruki","",""
"product-sitemap3.xml","https://www.petroni.hr/en/product/zastita-kabelskog-ulaza-na-krovu-vozila/","308","/product/uvodnik-za-krovni-ulaz-kabela-crni-jednostruki?lang=en","en",""
"product-sitemap3.xml","https://www.petroni.hr/proizvod/uvodnik-za-krovni-ulaz-kabela-bijeli-jednostruki/","308","/product/uvodnik-za-krovni-ulaz-kabela-bijeli-jednostruki","",""
"product-sitemap3.xml","https://www.petroni.hr/en/product/uvodnik-za-krovni-ulaz-kabela-bijeli-jednostruki/","308","/product/uvodnik-za-krovni-ulaz-kabela-bijeli-jednostruki?lang=en","en",""
"product-sitemap3.xml","https://www.petroni.hr/proizvod/panti-za-namjestaj-par-2/","308","/product/panti-za-namjestaj-par-7385","",""
"product-sitemap3.xml","https://www.petroni.hr/proizvod/svjetlo-gabaritno-jokon-led-12v-1w-bijelo/","308","/product/svjetlo-gabaritno-jokon-led-12v-1w-bijelo","",""
"product-sitemap3.xml","https://www.petroni.hr/en/product/ventil-sa-cepom-za-ispust-vode-iz-spremnika-ciste-vode/","308","/product/ventil-sa-cepom-za-ispust-vode-iz-spremnika-ciste-vode?lang=en","en",""
"product-sitemap3.xml","https://www.petroni.hr/proizvod/ventil-sa-cepom-za-ispust-vode-iz-spremnika-ciste-vode/","308","/product/ventil-sa-cepom-za-ispust-vode-iz-spremnika-ciste-vode","",""
"product-sitemap3.xml","https://www.petroni.hr/proizvod/alkohol-etilni-spirit-1-lit/","308","/product/alkohol-etilni-spirit-1-lit","",""
"product-sitemap3.xml","https://www.petroni.hr/proizvod/zavjesa-za-zastitu-od-sunca-sunblocker-330m/","308","/product/zavjesa-za-zastitu-od-sunca-sunblocker-saona-3-30m","",""
"product-sitemap3.xml","https://www.petroni.hr/en/product/zavjesa-za-zastitu-od-sunca-sunblocker-330m/","308","/product/zavjesa-za-zastitu-od-sunca-sunblocker-saona-3-30m?lang=en","en",""
"product-sitemap3.xml","https://www.petroni.hr/proizvod/kuciste-osiguraca-maxi-do-100a/","308","/product/kuciste-osiguraca-maxi-do-100a","",""
"product-sitemap3.xml","https://www.petroni.hr/proizvod/poklopac-zastitni-za-ispuh-truma-grijaca-vode-kbs03-7-2006/","308","/product/poklopac-zastitni-za-ispuh-truma-grijaca-vode-kbs03-7-2006","",""
"product-sitemap3.xml","https://www.petroni.hr/proizvod/26025/","308","/product/renogy-one-core-smart-display-all-in-one-pracenje-energije","",""
"product-sitemap3.xml","https://www.petroni.hr/en/product/stepenice-ulazne-plasticne-2-gazista-365mm/","308","/product/stepenice-ulazne-plasticne-2-gazista-365mm?lang=en","en",""
"product-sitemap3.xml","https://www.petroni.hr/proizvod/profil-kutni-za-namjestaj-90-22m-sivi/","308","/product/profil-kutni-za-namjestaj-90-2-2m-sivi","",""
"product-sitemap3.xml","https://www.petroni.hr/en/product/profil-kutni-za-namjestaj-90-22m-sivi/","308","/product/profil-kutni-za-namjestaj-90-2-2m-sivi?lang=en","en",""
"product-sitemap3.xml","https://www.petroni.hr/proizvod/ventil-magnetni-thetford-wc-kazete/","308","/product/ventil-magnetni-thetford-wc-kazete","",""
"product-sitemap3.xml","https://www.petroni.hr/proizvod/svjetlo-nutarnje-12v-55w-salter/","308","/product/svjetlo-nutarnje-led-12v-5-5w-salter","",""
"product-sitemap3.xml","https://www.petroni.hr/proizvod/zarulja-12v-10w-g4-ubodna/","308","/product/zarulja-12v-10w-g4-ubodna","",""
"product-sitemap3.xml","https://www.petroni.hr/proizvod/staklo-bocnih-desnih-kliznih-vrata-za-renault-trafic-2015/","308","/product/staklo-bocnih-desnih-kliznih-vrata-za-renault-trafic-2015","",""
"product-sitemap3.xml","https://www.petroni.hr/en/product/staklo-bocnih-desnih-kliznih-vrata-za-renault-trafic-2015/","308","/product/staklo-bocnih-desnih-kliznih-vrata-za-renault-trafic-2015?lang=en","en",""
"product-sitemap3.xml","https://www.petroni.hr/proizvod/prozor-bocni-650x300-sa-alu-okvirom-led-pozadinska-rasvjeta/","308","/product/prozor-bocni-650x300-sa-alu-okvirom-led-pozadinska-rasvjeta","",""
"product-sitemap3.xml","https://www.petroni.hr/proizvod/ventil-pipa-za-ispust-otpadne-vode-fi-30-1-1-4/","308","/product/ventil-pipa-za-ispust-otpadne-vode-fi-30mm-1-1-4","",""
"product-sitemap3.xml","https://www.petroni.hr/en/product/ventil-pipa-za-ispust-otpadne-vode-fi-30-1-1-4/","308","/product/ventil-pipa-za-ispust-otpadne-vode-fi-30mm-1-1-4?lang=en","en",""
"product-sitemap3.xml","https://www.petroni.hr/en/product/boca-za-plin-10kg-kompozitna/","308","/product/boca-za-plin-10kg-kompozitna?lang=en","en",""
"product-sitemap3.xml","https://www.petroni.hr/proizvod/boca-za-plin-10kg-kompozitna/","308","/product/boca-za-plin-10kg-kompozitna","",""
"product-sitemap3.xml","https://www.petroni.hr/proizvod/pumpa-za-vodu-reich-12v-15-lit-min-09bar/","308","/product/pumpa-za-vodu-reich-12v-15-lit-min-0-9bar","",""
"product-sitemap3.xml","https://www.petroni.hr/en/product/pumpa-za-vodu-reich-19l-11-bar/","308","/product/pumpa-za-vodu-reich-19l-1-1-bar?lang=en","en",""
"product-sitemap3.xml","https://www.petroni.hr/proizvod/klima-uredaj-teleco-e-van-3-5400h-17kw/","308","/product/klima-uredaj-teleco-e-van-3-5400h-1-7kw","",""
"product-sitemap3.xml","https://www.petroni.hr/proizvod/klima-uredaj-teleco-e-van-3-7400h-21kw/","308","/product/klima-uredaj-teleco-e-van-3-7400h-2-1kw","",""
"product-sitemap3.xml","https://www.petroni.hr/proizvod/klima-uredaj-teleco-silent-3-8100h-24kw/","308","/product/klima-uredaj-teleco-silent-3-8100h-2-4kw","",""
"product-sitemap3.xml","https://www.petroni.hr/proizvod/prozor-bocni-dometic-s7p-960x450/","308","/product/prozor-bocni-dometic-s7p-960x450","",""
"product-sitemap3.xml","https://www.petroni.hr/en/product/prozor-bocni-dometic-s7p-960x450/","308","/product/prozor-bocni-dometic-s7p-960x450?lang=en","en",""
"product-sitemap3.xml","https://www.petroni.hr/proizvod/prozor-bocni-dometic-s7p-750x465/","308","/product/prozor-bocni-dometic-s7p-750465","",""
"product-sitemap3.xml","https://www.petroni.hr/en/product/prozor-bocni-dometic-s7p-750x465/","308","/product/prozor-bocni-dometic-s7p-750465?lang=en","en",""
"product-sitemap3.xml","https://www.petroni.hr/proizvod/pretvarac-12v-220v-150w/","308","/product/inverter-12v-220v-150w-na-upaljac","",""
"product-sitemap3.xml","https://www.petroni.hr/en/product/svjetlo-gabaritno-bijelo-12v-65x62mm/","308","/product/svjetlo-gabaritno-bijelo-12v-65x62mm?lang=en","en",""
"product-sitemap3.xml","https://www.petroni.hr/proizvod/svjetlo-gabaritno-bijelo-12v-65x62mm/","308","/product/svjetlo-gabaritno-bijelo-12v-65x62mm","",""
"product-sitemap3.xml","https://www.petroni.hr/proizvod/ruka-tusa-jenny-bijelo-siva/","308","/product/ruka-tusa-jenny-bijelo-siva","",""
"product-sitemap3.xml","https://www.petroni.hr/en/product/ruka-tusa-jenny-bijelo-siva/","308","/product/ruka-tusa-jenny-bijelo-siva?lang=en","en",""
"product-sitemap3.xml","https://www.petroni.hr/proizvod/brava-za-vrata-zadi-1051-bijela/","308","/product/brava-za-vrata-zadi-1051-bijela","",""
"product-sitemap3.xml","https://www.petroni.hr/en/product/prozor-bocni-lijevi-fiat-ducato-2007-kopiraj/","410","","","removed_product"
"product-sitemap3.xml","https://www.petroni.hr/proizvod/traka-profilna-gumena-crna-12mm/","308","/product/traka-profilna-gumena-crna-12mm","",""
"product-sitemap3.xml","https://www.petroni.hr/en/product/bocni-lijevi-prozor-fiat-ducato-2007/","308","/product/prozor-bocni-lijevi-fiat-ducato-2007?lang=en","en",""
"product-sitemap3.xml","https://www.petroni.hr/proizvod/bocni-lijevi-prozor-fiat-ducato-2007/","308","/product/prozor-bocni-lijevi-fiat-ducato-2007","",""
"product-sitemap3.xml","https://www.petroni.hr/proizvod/prozor-bocni-700x500-acryligt-700x500/","308","/product/prozor-bocni-700x500-acryligt-700x500","",""
"product-sitemap3.xml","https://www.petroni.hr/en/product/prozor-bocni-700x500-acryligt-700x500/","308","/product/prozor-bocni-700x500-acryligt-700x500?lang=en","en",""
"product-sitemap3.xml","https://www.petroni.hr/proizvod/cep-za-vodu-sa-grlom-komplet/","308","/product/cep-za-vodu-sa-grlom-komplet","",""
"product-sitemap3.xml","https://www.petroni.hr/proizvod/tus-vanjski-i-prikljucak-za-vodu-raich-carisma/","308","/product/tus-vanjski-i-prikljucak-za-vodu-raich-carisma","",""
"product-sitemap3.xml","https://www.petroni.hr/proizvod/crijevo-za-plin-truma-g1-it-navoj/","308","/product/crijevo-za-plin-truma-g1-it-navoj","",""
"product-sitemap3.xml","https://www.petroni.hr/proizvod/pumpa-vode-za-thetford-wc-c2-200-204-set/","308","/product/pumpa-vode-za-thetford-wc-c2-200-204-set","",""
"product-sitemap3.xml","https://www.petroni.hr/proizvod/kabel-produzni-cee-mz-20m-3x15mm/","308","/product/kabel-produzni-cee-m-z-20m-3x1-5mm","",""
"product-sitemap3.xml","https://www.petroni.hr/proizvod/kabel-produzni-3x25mm-cee-cee-kutni-sa-schuko-prikljuckom-25m/","308","/product/kabel-produzni-3x2-5mm-cee-cee-kutni-sa-schuko-prikljuckom-25m","",""
"product-sitemap3.xml","https://www.petroni.hr/proizvod/pipa-mjesalica-reich-style-3005-dethleffs/","308","/product/pipa-mjesalica-reich-style-3005-dethleffs","",""
"product-sitemap3.xml","https://www.petroni.hr/proizvod/adapter-cee-muski-schuko-zenski/","308","/product/adapter-cee-muski-schuko-zenski","",""
"product-sitemap3.xml","https://www.petroni.hr/proizvod/akumulator-carbest-120ah-agm-servisni/","308","/product/akumulator-carbest-120ah-agm-servisni","",""
"product-sitemap3.xml","https://www.petroni.hr/proizvod/adapter-cee-l-z-schuko-m-15m-3x25mm/","308","/product/adapter-cee-l-z-schuko-m-1-5m-3x2-5mm","",""
"product-sitemap3.xml","https://www.petroni.hr/proizvod/rucica-cep-za-spremnik-ciste-vode/","308","/product/rucica-cep-za-praznjenje-spremnika-ciste-vode","",""
"product-sitemap3.xml","https://www.petroni.hr/en/product/rucica-cep-za-spremnik-ciste-vode/","308","/product/rucica-cep-za-praznjenje-spremnika-ciste-vode?lang=en","en",""
"product-sitemap3.xml","https://www.petroni.hr/proizvod/spojnica-za-plinska-crijeva-1-41-4/","308","/product/spojnica-za-plinska-crijeva-1-4-1-4","",""
"product-sitemap3.xml","https://www.petroni.hr/en/product/spojnica-za-plinska-crijeva-1-41-4/","308","/product/spojnica-za-plinska-crijeva-1-4-1-4?lang=en","en",""
"product-sitemap3.xml","https://www.petroni.hr/proizvod/regulator-za-plin-30mbar/","308","/product/regulator-za-plin-30mbar","",""
"product-sitemap3.xml","https://www.petroni.hr/proizvod/hladnjak-kompresorski-carbest-lr90/","308","/product/hladnjak-kompresorski-carbest-lr90","",""
"product-sitemap3.xml","https://www.petroni.hr/en/product/hladnjak-kompresorski-carbest-lr90/","308","/product/hladnjak-kompresorski-carbest-lr90?lang=en","en",""
"product-sitemap3.xml","https://www.petroni.hr/proizvod/termos-posuda-za-pice-23-lit/","308","/product/termos-posuda-za-pice-2-3-lit","",""
"product-sitemap3.xml","https://www.petroni.hr/proizvod/sifon-dovod-90-25-20mm-sa-cepom/","308","/product/sifon-dovod-90-25-20mm-sa-cepom","",""
"product-sitemap3.xml","https://www.petroni.hr/proizvod/crijevo-za-plin-100cm-do-20c-1-4%e2%80%b31-4%e2%80%b3/","308","/product/crijevo-za-plin-100cm-do-20c-1-4-1-4","",""
"product-sitemap3.xml","https://www.petroni.hr/en/product/crijevo-za-plin-100cm-do-20c-1-4%e2%80%b31-4%e2%80%b3/","308","/product/crijevo-za-plin-100cm-do-20c-1-4-1-4?lang=en","en",""
"product-sitemap3.xml","https://www.petroni.hr/proizvod/staklo-bocno-lijevo-renault-trafic-2015/","308","/product/staklo-bocno-lijevo-renault-trafic-2015","",""
"product-sitemap3.xml","https://www.petroni.hr/proizvod/staklo-zadnjih-vrata-za-fiat-ducato-2006-2/","308","/product/staklo-zadnjih-vrata-za-fiat-ducato-2006-15363","",""
"product-sitemap3.xml","https://www.petroni.hr/en/product/staklo-zadnjih-vrata-za-fiat-ducato-2006-2/","308","/product/staklo-zadnjih-vrata-za-fiat-ducato-2006-15363?lang=en","en",""
"product-sitemap3.xml","https://www.petroni.hr/proizvod/prekidac-prioriteta-priority-switch-nds-dometic/","308","/product/prekidac-prioriteta-priority-switch-nds-dometic","",""
"product-sitemap3.xml","https://www.petroni.hr/proizvod/nivelatori-froli/","308","/product/nivelatori-froli-8-tona-2-t-po-kotacu","",""
"product-sitemap3.xml","https://www.petroni.hr/proizvod/pipa-mjesalica-florenz/","308","/product/pipa-mjesalica-florenz","",""
"product-sitemap3.xml","https://www.petroni.hr/proizvod/fresh-set-za-thetford-wc-c200/","308","/product/kazeta-za-thetford-wc-c200-fresh-up-set","",""
"product-sitemap3.xml","https://www.petroni.hr/proizvod/poklopac-cee-uticnice-bijeli/","308","/product/poklopac-cee-uticnice-bijeli","",""
"product-sitemap3.xml","https://www.petroni.hr/proizvod/kabel-produzni-cee-mz-15m-3x25mm/","308","/product/kabel-produzni-cee-m-z-15m-3x2-5mm","",""
"product-sitemap3.xml","https://www.petroni.hr/en/product/kabel-produzni-cee-mz-15m-3x25mm/","308","/product/kabel-produzni-cee-m-z-15m-3x2-5mm?lang=en","en",""
"product-sitemap3.xml","https://www.petroni.hr/proizvod/kuciste-osiguraca-maxival-do-10mm2/","308","/product/kuciste-osiguraca-maxival-do-10mm2","",""
"product-sitemap3.xml","https://www.petroni.hr/proizvod/cep-rucica-za-ispustanje-vode-is-spremnika-fi-23/","308","/product/cep-rucica-za-ispustanje-vode-is-spremnika-fi-23","",""
"product-sitemap3.xml","https://www.petroni.hr/proizvod/cep-rucica-za-ispustanje-vode-is-spremnika-fi-33/","308","/product/cep-rucica-za-ispustanje-vode-is-spremnika-fi-33","",""
"product-sitemap3.xml","https://www.petroni.hr/proizvod/polica-za-vrata-hladnjaka-thetford-t2138-prozirna/","308","/product/polica-za-vrata-hladnjaka-thetford-t2138-prozirna","",""
"product-sitemap3.xml","https://www.petroni.hr/en/product/uticnica-cee-bijela/","308","/product/uticnica-cee-bijela-105x105mm?lang=en","en",""
"product-sitemap3.xml","https://www.petroni.hr/proizvod/pumpa-za-vodu-potopna-comet-19-lit-085bar-12v/","308","/product/pumpa-za-vodu-potopna-comet-19-lit-0-85bar-12v","",""
"product-sitemap3.xml","https://www.petroni.hr/proizvod/prikljucak-spojnica-crijeva-za-vodu-ravni-fi-10mm/","308","/product/prikljucak-spojnica-crijeva-za-vodu-ravni-fi-10mm","",""
"product-sitemap3.xml","https://www.petroni.hr/en/product/prikljucak-spojnica-crijeva-za-vodu-ravni-fi-10mm/","308","/product/prikljucak-spojnica-crijeva-za-vodu-ravni-fi-10mm?lang=en","en",""
"product-sitemap3.xml","https://www.petroni.hr/proizvod/stepenice-ulazne-plasticne-2-gazista-365mm/","308","/product/stepenice-ulazne-plasticne-2-gazista-365mm","",""
"product-sitemap3.xml","https://www.petroni.hr/proizvod/13989/","308","/product/televizor-smart-led-tv-23-6-12-220v","",""
"product-sitemap3.xml","https://www.petroni.hr/en/product/13989/","308","/product/televizor-smart-led-tv-23-6-12-220v?lang=en","en",""
"product-sitemap3.xml","https://www.petroni.hr/proizvod/uticnica12v-20a-upaljac-fi-20mm/","308","/product/uticnica12v-20a-upaljac-fi-20mm","",""
"product-sitemap3.xml","https://www.petroni.hr/en/product/uticnica12v-20a-upaljac-fi-20mm/","308","/product/uticnica12v-20a-upaljac-fi-20mm?lang=en","en",""
"product-sitemap3.xml","https://www.petroni.hr/proizvod/regulator-za-plin-50mbar-15kg-h-sa-manometrom/","308","/product/regulator-za-plin-50mbar-1-5kg-h-sa-manometrom","",""
"product-sitemap3.xml","https://www.petroni.hr/en/product/regulator-za-plin-50mbar-15kg-h-sa-manometrom/","308","/product/regulator-za-plin-50mbar-1-5kg-h-sa-manometrom?lang=en","en",""
"product-sitemap3.xml","https://www.petroni.hr/proizvod/cetka-za-ciscenje-wc-skoljke/","308","/product/cetka-za-ciscenje-wc-skoljke","",""
"product-sitemap3.xml","https://www.petroni.hr/proizvod/poklopac-ispuha-grijaca-truma-6-2006/","308","/product/poklopac-ispuha-grijaca-truma-6-2006","",""
"product-sitemap3.xml","https://www.petroni.hr/proizvod/poklopac-zastitni-za-ispuh-truma-grijaca-vode-kbs02/","308","/product/poklopac-zastitni-za-ispuh-truma-grijaca-vode-kbs03-7-2006","",""
"product-sitemap3.xml","https://www.petroni.hr/en/product/poklopac-zastitni-za-ispuh-truma-grijaca-vode-kbs02/","308","/product/poklopac-zastitni-za-ispuh-truma-grijaca-vode-kbs03-7-2006?lang=en","en",""
"product-sitemap3.xml","https://www.petroni.hr/proizvod/klima-uredaj-teleco-silent-3-8100h-24kw-crni/","308","/product/klima-uredaj-teleco-silent-3-8100h-2-4kw-crni","",""
"product-sitemap3.xml","https://www.petroni.hr/proizvod/adapter-za-prihvat-tende-omnistor-6002-6900/","308","/product/adapter-za-tendu-thule-6002-6300-za-ducato-06","",""
"product-sitemap3.xml","https://www.petroni.hr/proizvod/akumulator-mestic-agm-85ah-mab-85-leisure/","308","/product/akumulator-mestic-agm-85ah-mab-85-leisure","",""
"product-sitemap3.xml","https://www.petroni.hr/proizvod/uticnica-usb-c-line-za-punjenje-s-usb-a-i-usb-c-ece-r10-anthracit/","308","/product/uticnica-usb-c-line-za-punjenje-s-usb-a-i-usb-c-ece-r10-anthracit","",""
"product-sitemap3.xml","https://www.petroni.hr/proizvod/pomocni-kotac-205x61/","308","/product/kotac-pomocni-205x61","",""
"product-sitemap3.xml","https://www.petroni.hr/proizvod/pipa-za-kanistere-3-4/","308","/product/pipa-za-kanistere-3-4","",""
"product-sitemap3.xml","https://www.petroni.hr/en/product/pipa-za-kanistere-3-4/","308","/product/pipa-za-kanistere-3-4?lang=en","en",""
"product-sitemap3.xml","https://www.petroni.hr/proizvod/kabel-produzni-cee-25m-3x25mm2/","308","/product/kabel-produzni-cee-25m-3x2-5mm2","",""
"product-sitemap3.xml","https://www.petroni.hr/proizvod/resetka-hladnjaka-dometic-ls200-donja/","308","/product/resetka-hladnjaka-dometic-ls200-donja","",""
"product-sitemap3.xml","https://www.petroni.hr/proizvod/tablete-rinokem-za-wc-kazetu-15-vrecica/","308","/product/tablete-rinokem-za-wc-kazetu-15-vrecica","",""
"product-sitemap3.xml","https://www.petroni.hr/en/product/tablete-rinokem-za-wc-kazetu-15-vrecica/","308","/product/tablete-rinokem-za-wc-kazetu-15-vrecica?lang=en","en",""
"product-sitemap3.xml","https://www.petroni.hr/proizvod/ventil-dvostruki-za-plin-2-izlaza-1-4/","308","/product/ventil-dvostruki-za-plin-2-izlaza-1-4","",""
"product-sitemap3.xml","https://www.petroni.hr/proizvod/svjetiljka-led-univerzalna-za-spremiste-12v/","308","/product/svjetiljka-led-univerzalna-za-spremiste-12v","",""
"product-sitemap3.xml","https://www.petroni.hr/proizvod/svjetlo-vanjsko-ispod-tende-12v-18leds-480mm-bijelo/","308","/product/svjetlo-vanjsko-ispod-tende-12v-18leds-480mm-bijelo","",""
"product-sitemap3.xml","https://www.petroni.hr/en/product/svjetlo-vanjsko-ispod-tende-12v-18leds-480mm-bijelo/","308","/product/svjetlo-vanjsko-ispod-tende-12v-18leds-480mm-bijelo?lang=en","en",""
"product-sitemap3.xml","https://www.petroni.hr/proizvod/svjetlo-ispod-tende-led-crno-231mm/","308","/product/svjetlo-ispod-tende-led-crno-231mm","",""
"product-sitemap3.xml","https://www.petroni.hr/en/product/svjetlo-ispod-tende-led-crno-231mm/","308","/product/svjetlo-ispod-tende-led-crno-231mm?lang=en","en",""
"product-sitemap3.xml","https://www.petroni.hr/proizvod/punjac-za-odrzavanje-akumulatora-230v-ac-6-12v-dc/","308","/product/punjac-za-odrzavanje-akumulatora-230v-ac-6-12v-dc","",""
"product-sitemap3.xml","https://www.petroni.hr/proizvod/punjac-baterija-smart-pogodan-za-olovne-litij-ionske-i-agm-baterije/","308","/product/punjac-baterija-smart-pogodan-za-olovne-litij-ionske-i-agm-baterije-4a","",""
"product-sitemap3.xml","https://www.petroni.hr/proizvod/prikljucak-za-plin-gol-30mbar-vanjski-bijeli/","308","/product/prikljucak-za-plin-gol-30mbar-vanjski-bijeli","",""
"product-sitemap3.xml","https://www.petroni.hr/proizvod/poklopac-uticnice-cee-nt-crni/","308","/product/poklopac-uticnice-cee-nt-crni","",""
"product-sitemap3.xml","https://www.petroni.hr/proizvod/kabel-produzni-cee-25m-3x25mm2-neopren/","308","/product/kabel-produzni-cee-25m-3x2-5mm2-neopren","",""
"product-sitemap3.xml","https://www.petroni.hr/proizvod/stezaljka-za-kotac-blokator-sa-2-kljuca/","308","/product/stezaljka-za-kotac-venus-blokator-sa-2-kljuca","",""
"product-sitemap3.xml","https://www.petroni.hr/proizvod/cetka-za-ciscenje-wc-skoljke-venezia/","308","/product/cetka-za-ciscenje-wc-skoljke-venezia","",""
"product-sitemap3.xml","https://www.petroni.hr/proizvod/cetka-za-ciscenje-wc-skoljke-sirmione/","308","/product/cetka-za-ciscenje-wc-skoljke-sirmione","",""
"product-sitemap3.xml","https://www.petroni.hr/proizvod/posuda-za-posude-ocjedivac-preklopna/","308","/product/posuda-za-posude-ocjedivac-preklopna","",""
"product-sitemap3.xml","https://www.petroni.hr/proizvod/pladanj-za-posluzivanje-prostusklizni/","308","/product/pladanj-za-posluzivanje-prostusklizni","",""
"product-sitemap3.xml","https://www.petroni.hr/proizvod/termozastita-za-prednje-i-bocna-stakla-kabine-universal/","308","/product/termozastita-za-prednje-i-bocna-stakla-kabine-universal","",""
"product-sitemap3.xml","https://www.petroni.hr/en/product/termozastita-za-prednje-i-bocna-stakla-kabine-universal/","308","/product/termozastita-za-prednje-i-bocna-stakla-kabine-universal?lang=en","en",""
"product-sitemap3.xml","https://www.petroni.hr/proizvod/prozor-krovni-dometic-mini-heki-s-40x40/","308","/product/prozor-krovni-dometic-mini-heki-s-40x40","",""
"product-sitemap3.xml","https://www.petroni.hr/en/product/prozor-krovni-dometic-mini-heki-s-40x40/","308","/product/prozor-krovni-dometic-mini-heki-s-40x40?lang=en","en",""
"product-sitemap3.xml","https://www.petroni.hr/proizvod/set-kablova-za-solar-regler/","308","/product/set-kablova-za-solar-regler","",""
"product-sitemap3.xml","https://www.petroni.hr/en/product/set-kablova-za-solar-regler/","308","/product/set-kablova-za-solar-regler?lang=en","en",""
"product-sitemap3.xml","https://www.petroni.hr/proizvod/lampa-led-fawo-crna-fleksibilna-touch/","308","/product/lampa-led-fawo-crna-fleksibilna-touch","",""
"product-sitemap3.xml","https://www.petroni.hr/en/product/lampa-led-fawo-crna-fleksibilna-touch/","308","/product/lampa-led-fawo-crna-fleksibilna-touch?lang=en","en",""
"product-sitemap3.xml","https://www.petroni.hr/proizvod/adapter-za-pol-akumulatora-m6/","308","/product/adapter-za-pol-akumulatora-m6","",""
"product-sitemap3.xml","https://www.petroni.hr/en/product/regulator-za-plin-50mbar-sa-manometrom/","308","/product/regulator-za-plin-50mbar-1-5kg-sa-manometrom?lang=en","en",""
"product-sitemap3.xml","https://www.petroni.hr/proizvod/regulator-za-plin-50mbar-sa-manometrom/","308","/product/regulator-za-plin-50mbar-1-5kg-sa-manometrom","",""
"product-sitemap3.xml","https://www.petroni.hr/proizvod/pipa-mjesalica-za-vodu-comet-florenz/","308","/product/pipa-mjesalica-za-vodu-comet-florenz","",""
"product-sitemap3.xml","https://www.petroni.hr/proizvod/sifon-kutni-90-28mm-fi-33mm/","308","/product/sifon-kutni-90-28mm-fi-33mm","",""
"product-sitemap3.xml","https://www.petroni.hr/proizvod/retrovizor-dodani-carbest-1kom/","308","/product/retrovizor-dodani-carbest-1kom","",""
"product-sitemap3.xml","https://www.petroni.hr/proizvod/set-za-ucvrscivanje-tendi-fixgo-pegstop/","308","/product/set-za-ucvrscivanje-tendi-fix-go-peg-stop","",""
"product-sitemap3.xml","https://www.petroni.hr/proizvod/prekrivka-zastitna-za-kotace-13-15/","308","/product/prekrivka-zastitna-za-kotace-13-15","",""
"product-sitemap3.xml","https://www.petroni.hr/proizvod/nosac-za-tv-zidni-crni-mat-vel-s/","308","/product/nosac-za-tv-zidni-crni-mat-vel-s","",""
"product-sitemap3.xml","https://www.petroni.hr/proizvod/punjac-za-baterije-6-12v-4a-carbest/","308","/product/punjac-za-baterije-6-12v-4a-carbest","",""
"product-sitemap3.xml","https://www.petroni.hr/proizvod/kutija-za-bateriju-multifunkcionalna-carbest/","308","/product/kutija-za-bateriju-multifunkcionalna-carbest","",""
"product-sitemap3.xml","https://www.petroni.hr/proizvod/svjetlo-zadnja-hella-caraluna-ii-desno/","308","/product/svjetlo-zadnje-hella-caraluna-ii-desno-22957","",""
"product-sitemap3.xml","https://www.petroni.hr/proizvod/svjetlo-zadnje-hella-caraluna-i-desno/","308","/product/svjetlo-zadnje-hella-caraluna-i-desno","",""
"product-sitemap3.xml","https://www.petroni.hr/en/product/svjetlo-zadnje-hella-caraluna-i-desno/","308","/product/svjetlo-zadnje-hella-caraluna-i-desno?lang=en","en",""
"product-sitemap3.xml","https://www.petroni.hr/proizvod/svjetlo-zadnje-hella-caraluna-i-lijevo/","308","/product/svjetlo-zadnje-hella-caraluna-i-lijevo","",""
"product-sitemap3.xml","https://www.petroni.hr/en/product/svjetlo-zadnje-hella-caraluna-i-lijevo/","308","/product/svjetlo-zadnje-hella-caraluna-i-lijevo?lang=en","en",""
"product-sitemap3.xml","https://www.petroni.hr/proizvod/svjetlo-zadnje-hella-caraluna-ii-desno/","308","/product/svjetlo-zadnje-hella-caraluna-ii-desno","",""
"product-sitemap3.xml","https://www.petroni.hr/en/product/svjetlo-zadnje-hella-caraluna-ii-desno/","308","/product/svjetlo-zadnje-hella-caraluna-ii-desno?lang=en","en",""
"product-sitemap3.xml","https://www.petroni.hr/proizvod/brava-vanjska-zadi-fi-110mm-desna/","308","/product/brava-vanjska-zadi-fi-110mm-desna","",""
"product-sitemap3.xml","https://www.petroni.hr/proizvod/cilindar-i-kljuc-fap-serie-4300-set/","308","/product/cilindar-i-kljuc-fap-serie-4300-set","",""
"product-sitemap3.xml","https://www.petroni.hr/proizvod/pumpa-za-vodu-reich-12v-25-litara-21-bar/","308","/product/pumpa-za-vodu-reich-12v-25-litara-2-1-bar","",""
"product-sitemap3.xml","https://www.petroni.hr/proizvod/postolje-za-okretni-stol-u-de-luxe/","308","/product/postolje-za-okretni-stol-u-de-luxe","",""
"product-sitemap3.xml","https://www.petroni.hr/en/product/postolje-za-okretni-stol-u-de-luxe/","308","/product/postolje-za-okretni-stol-u-de-luxe?lang=en","en",""
"product-sitemap3.xml","https://www.petroni.hr/proizvod/staklo-za-desna-klizna-vrata-fiat-ducato-2006/","308","/product/staklo-za-desna-klizna-vrata-fiat-ducato-2006","",""
"product-sitemap3.xml","https://www.petroni.hr/en/product/staklo-za-desna-klizna-vrata-fiat-ducato-2006/","308","/product/staklo-za-desna-klizna-vrata-fiat-ducato-2006?lang=en","en",""
"product-sitemap3.xml","https://www.petroni.hr/proizvod/brava-sigurnosna-za-vrata-thule-1-kom/","308","/product/brava-sigurnosna-za-vrata-thule-1-kom","",""
"product-sitemap3.xml","https://www.petroni.hr/proizvod/sprej-za-otklanjanje-smole-i-ljepila-yachticon-200ml/","308","/product/sprej-za-otklanjanje-smole-i-ljepila-yachticon-200ml","",""
"product-sitemap3.xml","https://www.petroni.hr/proizvod/kazeta-za-wc-dometic-ct4000-renew-kit/","308","/product/kazeta-za-wc-dometic-ct4000-renew-kit","",""
"product-sitemap3.xml","https://www.petroni.hr/en/product/kazeta-za-wc-dometic-ct4000-renew-kit/","308","/product/kazeta-za-wc-dometic-ct4000-renew-kit?lang=en","en",""
"product-sitemap3.xml","https://www.petroni.hr/proizvod/stepenica-preklopna-sa-2-gazista-alu/","308","/product/stepenica-preklopna-sa-2-gazista-alu","",""
"product-sitemap3.xml","https://www.petroni.hr/proizvod/stol-aluminijski-rolltisch-titan-2/","308","/product/stol-kamperski-aluminijski-camp4-rolltisch-titan-2","",""
"product-sitemap3.xml","https://www.petroni.hr/en/product/stol-aluminijski-rolltisch-titan-2/","308","/product/stol-kamperski-aluminijski-camp4-rolltisch-titan-2?lang=en","en",""
"product-sitemap3.xml","https://www.petroni.hr/proizvod/deterdzent-za-pranje-spremnika-otpadne-vode-rinotank-eco-1-lit/","308","/product/deterdzent-za-pranje-spremnika-otpadne-vode-rinotank-eco-1-lit","",""
"product-sitemap3.xml","https://www.petroni.hr/proizvod/stolica-kamperska-brunner-raptor/","308","/product/stolica-kamperska-brunner-raptor","",""
"product-sitemap3.xml","https://www.petroni.hr/en/product/stolica-kamperska-brunner-raptor/","308","/product/stolica-kamperska-brunner-raptor?lang=en","en",""
"product-sitemap3.xml","https://www.petroni.hr/proizvod/odzracivac-lufter-sa-ruckom-fi-165-185mm/","308","/product/odzracivac-lufter-sa-ruckom-fi-165-185mm","",""
"product-sitemap3.xml","https://www.petroni.hr/en/product/odzracivac-lufter-sa-ruckom-fi-165-185mm/","308","/product/odzracivac-lufter-sa-ruckom-fi-165-185mm?lang=en","en",""
"product-sitemap3.xml","https://www.petroni.hr/proizvod/spojnica-brza-jg-za-vodu-y/","308","/product/spojnica-brza-jg-za-vodu-y-12mm","",""
"product-sitemap3.xml","https://www.petroni.hr/proizvod/spojka-brza-jg-12-12mm-ravna/","308","/product/spojka-brza-jg-12-12mm-ravna","",""
"product-sitemap3.xml","https://www.petroni.hr/en/product/spojka-brza-jg-12-12mm-ravna/","308","/product/spojka-brza-jg-12-12mm-ravna?lang=en","en",""
"product-sitemap3.xml","https://www.petroni.hr/proizvod/regulator-za-plin-12kg-h-30mbar/","308","/product/regulator-za-plin-1-2kg-h-30mbar","",""
"product-sitemap3.xml","https://www.petroni.hr/proizvod/ventil-plinski-gasstop-sigurnosni-sa-pokazivacem-razine-plina/","308","/product/ventil-plinski-gasstop-sigurnosni-sa-pokazivacem-razine-plina","",""
"product-sitemap3.xml","https://www.petroni.hr/en/product/ventil-plinski-gasstop-sigurnosni-sa-pokazivacem-razine-plina/","308","/product/ventil-plinski-gasstop-sigurnosni-sa-pokazivacem-razine-plina?lang=en","en",""
"product-sitemap3.xml","https://www.petroni.hr/proizvod/sprey-za-zastitu-i-njegu-gume-thetford-200ml/","308","/product/sprey-za-zastitu-i-njegu-gume-thetford-200ml","",""
"product-sitemap3.xml","https://www.petroni.hr/en/product/sprey-za-zastitu-i-njegu-gume-thetford-200ml/","308","/product/sprey-za-zastitu-i-njegu-gume-thetford-200ml?lang=en","en",""
"product-sitemap3.xml","https://www.petroni.hr/proizvod/stol-za-kampiranje-jesper-80x60/","308","/product/stol-za-kampiranje-jesper-80x60","",""
"product-sitemap3.xml","https://www.petroni.hr/proizvod/renogy-punjac-baterija-60a-dc-dc/","308","/product/renogy-punjac-baterija-60a-dc-dc","",""
"product-sitemap3.xml","https://www.petroni.hr/proizvod/svjetlo-vanjsko-ispod-tende-12v-18leds-480mm-crno/","308","/product/svjetlo-vanjsko-ispod-tende-12v-18leds-480mm-crno","",""
"product-sitemap3.xml","https://www.petroni.hr/proizvod/izolacija-zvucna-i-toplinska-za-kombi-vozila-bflex-8mm/","308","/product/izolacija-zvucna-i-toplinska-za-kombi-vozila-bflex-8mm","",""
"product-sitemap3.xml","https://www.petroni.hr/proizvod/siforn-kutni-90-can-fi-38mm/","308","/product/siforn-kutni-90-can-fi-38mm","",""
"product-sitemap3.xml","https://www.petroni.hr/proizvod/hladnjak-kompresorski-carbest-lr50l-437lit/","308","/product/hladnjak-kompresorski-carbest-lr50l-43-7lit","",""
"product-sitemap3.xml","https://www.petroni.hr/proizvod/cep-za-vodu-plavi-za-sts-cilindar-i-kljuc/","308","/product/cep-za-vodu-plavi-za-sts-cilindar-i-kljuc","",""
"product-sitemap3.xml","https://www.petroni.hr/proizvod/pipa-mjesalica-za-vodu-dometic-ac539/","308","/product/pipa-mjesalica-za-vodu-dometic-ac539","",""
"product-sitemap3.xml","https://www.petroni.hr/proizvod/svjetlo-vanjsko-led-4800mm/","308","/product/svjetlo-vanjsko-led-12v-480mm","",""
"product-sitemap3.xml","https://www.petroni.hr/en/product/svjetlo-vanjsko-led-4800mm/","308","/product/svjetlo-vanjsko-led-12v-480mm?lang=en","en",""
"product-sitemap3.xml","https://www.petroni.hr/en/product/punjac-baterija-cbe-cb516-3/","410","","","removed_product"
"product-sitemap3.xml","https://www.petroni.hr/proizvod/brtvilo-za-wc-kazetu-thetford-15-6-2000/","308","/product/brtvilo-za-wc-kazetu-thetford-15-6-2000","",""
"product-sitemap3.xml","https://www.petroni.hr/proizvod/umivaonik-kutni-bijeli-445x4454/","308","/product/umivaonik-kutni-bijeli-445x445","",""
"product-sitemap3.xml","https://www.petroni.hr/proizvod/pumpa-za-vodu-potopna-ocean-12v-21-lit/","308","/product/pumpa-za-vodu-potopna-ocean-12v-21-lit","",""
"product-sitemap3.xml","https://www.petroni.hr/en/product/pumpa-za-vodu-potopna-ocean-12v-21-lit/","308","/product/pumpa-za-vodu-potopna-ocean-12v-21-lit?lang=en","en",""
"product-sitemap3.xml","https://www.petroni.hr/en/product/ventil-magnetni-thetford-wc-kazete/","308","/product/ventil-magnetni-thetford-wc-kazete?lang=en","en",""
"product-sitemap3.xml","https://www.petroni.hr/en/product/zdjela-sklopiva-15-lit-sivo-bijela/","308","/product/zdjela-sklopiva-1-5-lit-sivo-bijela?lang=en","en",""
"product-sitemap3.xml","https://www.petroni.hr/proizvod/kukica-za-zavjese-bijela/","308","/product/kukica-za-zavjese-bijela","",""
"product-sitemap3.xml","https://www.petroni.hr/proizvod/sifon-sudopera-umivaonika/","308","/product/sifon-sudopera-umivaonika-fi-39","",""
"product-sitemap3.xml","https://www.petroni.hr/en/product/sifon-sudopera-umivaonika/","308","/product/sifon-sudopera-umivaonika-fi-39?lang=en","en",""
"product-sitemap3.xml","https://www.petroni.hr/proizvod/ventilator-krovni-maxxair-mini-vent-deluxe-12v/","308","/product/ventilator-krovni-maxxair-mini-vent-deluxe-12v","",""
"product-sitemap3.xml","https://www.petroni.hr/proizvod/generator-vechline-vec-2000/","308","/product/generator-vechline-vec-2000","",""
"product-sitemap3.xml","https://www.petroni.hr/en/product/generator-vechline-vec-2000/","308","/product/generator-vechline-vec-2000?lang=en","en",""
"product-sitemap3.xml","https://www.petroni.hr/proizvod/svjetlo-zadnje-led-jokon-rimor-evo-21/","308","/product/svjetlo-zadnje-led-jokon-rimor-evo-21","",""
"product-sitemap3.xml","https://www.petroni.hr/proizvod/blokator-osigurac-vrata-namjestaja-smedi/","308","/product/blokator-osigurac-vrata-namjestaja-smedi","",""
"product-sitemap3.xml","https://www.petroni.hr/en/product/blokator-osigurac-vrata-namjestaja-smedi/","308","/product/blokator-osigurac-vrata-namjestaja-smedi?lang=en","en",""
"product-sitemap3.xml","https://www.petroni.hr/proizvod/zarulja-halogen-mr11-10w-fi-35-mm/","308","/product/zarulja-halogen-mr11-10w-fi-35-mm","",""
"product-sitemap3.xml","https://www.petroni.hr/en/product/kvaka-ulaznih-vrata-zadi-crna/","308","/product/kvaka-ulaznih-vrata-zadi-crna?lang=en","en",""
"product-sitemap3.xml","https://www.petroni.hr/proizvod/kvaka-ulaznih-vrata-zadi-crna/","308","/product/kvaka-ulaznih-vrata-zadi-crna","",""
"product-sitemap3.xml","https://www.petroni.hr/proizvod/kit-za-popravak-bravice-fap-novi-system/","308","/product/kit-za-popravak-bravice-fap-novi-system","",""
"product-sitemap3.xml","https://www.petroni.hr/proizvod/nosac-za-lcd-tv-sa-kliznim-sinama/","308","/product/nosac-za-lcd-tv-sa-kliznim-sinama","",""
"product-sitemap3.xml","https://www.petroni.hr/proizvod/brava-ulaznih-vrata-zadi-sa-kljucem-i-cilindrom/","308","/product/brava-ulaznih-vrata-zadi-sa-kljucem-i-cilindrom","",""
"product-sitemap3.xml","https://www.petroni.hr/proizvod/brava-ulaznih-vrata-fap-1060-sa-kljucem-i-cilindrom/","308","/product/brava-ulaznih-vrata-fap-1060-sa-kljucem-i-cilindrom","",""
"product-sitemap3.xml","https://www.petroni.hr/proizvod/cilindar-zadi-10kom-2-kljuca/","308","/product/cilindar-zadi-10kom-2-kljuca","",""
"product-sitemap3.xml","https://www.petroni.hr/proizvod/brava-ulaznih-vrata-za-kamp-vozila-fap-160x95mm/","308","/product/brava-ulaznih-vrata-za-kamp-vozila-fap-160x95mm","",""
"product-sitemap3.xml","https://www.petroni.hr/proizvod/uticnica-220v-vanjska/","308","/product/uticnica-220v-vanjska-schuko","",""
"product-sitemap3.xml","https://www.petroni.hr/en/product/uticnica-220v-vanjska/","308","/product/uticnica-220v-vanjska-schuko?lang=en","en",""
"product-sitemap3.xml","https://www.petroni.hr/en/product/resetka-hladnjaka-dometic-ls300/","308","/product/resetka-hladnjaka-dometic-ls300?lang=en","en",""
"product-sitemap3.xml","https://www.petroni.hr/proizvod/resetka-hladnjaka-dometic-ls300/","308","/product/resetka-hladnjaka-dometic-ls300","",""
"product-sitemap3.xml","https://www.petroni.hr/en/product/regulator-plina-50mb-15kg-bez-manometra/","308","/product/regulator-plina-50mb-1-5kg-bez-manometra?lang=en","en",""
"product-sitemap3.xml","https://www.petroni.hr/proizvod/resetka-plasticna-250x70mm/","308","/product/resetka-plasticna-250x70mm","",""
"product-sitemap3.xml","https://www.petroni.hr/en/product/resetka-plasticna-250x70mm/","308","/product/resetka-plasticna-250x70mm?lang=en","en",""
"product-sitemap3.xml","https://www.petroni.hr/proizvod/crijevo-za-plin-40cm-do-30c-1-410mm/","308","/product/crijevo-za-plin-40cm-do-30c-1-4-10mm","",""
"product-sitemap3.xml","https://www.petroni.hr/en/product/crijevo-za-plin-40cm-do-30c-1-410mm/","308","/product/crijevo-za-plin-40cm-do-30c-1-4-10mm?lang=en","en",""
"product-sitemap3.xml","https://www.petroni.hr/proizvod/brava-za-zakljucavanje-vrata-wc-a/","308","/product/brava-za-zakljucavanje-vrata-wc-a","",""
"product-sitemap3.xml","https://www.petroni.hr/proizvod/brava-vrata-kupaone-fap/","308","/product/brava-vrata-kupaone-fap-veca","",""
"product-sitemap3.xml","https://www.petroni.hr/proizvod/pipa-mjesalica-parma-comet/","308","/product/pipa-mjesalica-parma-comet","",""
"product-sitemap3.xml","https://www.petroni.hr/proizvod/staklo-zadnjih-vrata-fiat-ducato-2006/","308","/product/staklo-zadnjih-vrata-za-fiat-ducato-2006-15365","",""
"product-sitemap3.xml","https://www.petroni.hr/en/product/staklo-zadnjih-vrata-fiat-ducato-2006/","308","/product/staklo-zadnjih-vrata-za-fiat-ducato-2006-15365?lang=en","en",""
"product-sitemap3.xml","https://www.petroni.hr/proizvod/staklo-zadnjih-vrata-za-fiat-ducato-2006-3/","308","/product/staklo-zadnjih-vrata-za-fiat-ducato-2006-15364","",""
"product-sitemap3.xml","https://www.petroni.hr/en/product/staklo-zadnjih-vrata-za-fiat-ducato-2006-3/","308","/product/staklo-zadnjih-vrata-za-fiat-ducato-2006-15364?lang=en","en",""
"product-sitemap3.xml","https://www.petroni.hr/proizvod/nivelatori-carbest-xl/","308","/product/nivelatori-carbest-xl","",""
"product-sitemap3.xml","https://www.petroni.hr/proizvod/trake-za-ucvrscivanje-tendi-thule/","308","/product/trake-za-ucvrscivanje-tendi-thule","",""
"product-sitemap3.xml","https://www.petroni.hr/proizvod/vjesalice-za-tendu-6-kom/","308","/product/vjesalice-za-tendu-6-kom","",""
"product-sitemap3.xml","https://www.petroni.hr/proizvod/pumpa-za-vodu-potopna-12v-18-lit-1-bar/","308","/product/pumpa-za-vodu-potopna-12v-18-lit-1-bar","",""
"product-sitemap3.xml","https://www.petroni.hr/en/product/pumpa-za-vodu-potopna-12v-18-lit-1-bar/","308","/product/pumpa-za-vodu-potopna-12v-18-lit-1-bar?lang=en","en",""
"product-sitemap3.xml","https://www.petroni.hr/proizvod/kuciste-osiguraca-me/","308","/product/kuciste-osiguraca-me","",""
"product-sitemap3.xml","https://www.petroni.hr/proizvod/punjac-akumulatora-cb510-220v-12v-10a/","308","/product/punjac-baterija-cb510-220v-12v-10a","",""
"product-sitemap3.xml","https://www.petroni.hr/en/product/punjac-akumulatora-cb510-220v-12v-10a/","308","/product/punjac-baterija-cb510-220v-12v-10a?lang=en","en",""
"product-sitemap3.xml","https://www.petroni.hr/proizvod/prihvati-za-ljestve-par/","308","/product/prihvati-za-ljestve-par","",""
"product-sitemap3.xml","https://www.petroni.hr/en/product/prihvati-za-ljestve-par/","308","/product/prihvati-za-ljestve-par?lang=en","en",""
"product-sitemap3.xml","https://www.petroni.hr/proizvod/svjetlo-bocno-donje-hella/","308","/product/svjetlo-bocno-donje-hella","",""
"product-sitemap3.xml","https://www.petroni.hr/en/product/svjetlo-bocno-donje-hella/","308","/product/svjetlo-bocno-donje-hella?lang=en","en",""
"product-sitemap3.xml","https://www.petroni.hr/proizvod/ploca-upozorenja-50x50/","308","/product/ploca-upozorenja-50x50","",""
"product-sitemap3.xml","https://www.petroni.hr/proizvod/kuciste-grijaca-za-vodu-truma-terme-tt2/","308","/product/kuciste-grijaca-za-vodu-truma-terme-tt2","",""
"product-sitemap3.xml","https://www.petroni.hr/proizvod/panti-za-namjestaj/","308","/product/panti-za-namjestaj","",""
"product-sitemap3.xml","https://www.petroni.hr/proizvod/poklopac-ukrasni-za-kotac-16-fiat-ducato-x290-14/","308","/product/poklopac-ukrasni-za-kotac-16-fiat-ducato-x290-14","",""
"product-sitemap3.xml","https://www.petroni.hr/proizvod/kleme-brzospajajuce-12v-24v/","308","/product/kleme-brzospajajuce-12v-24v-par","",""
"product-sitemap3.xml","https://www.petroni.hr/proizvod/traka-led-svjetlo-12-v-5m-24w-m-3000k-30leds-m-ip66/","308","/product/traka-led-svjetlo-12-v-5m-2-4w-m-3000k-30leds-m-ip66","",""
"product-sitemap3.xml","https://www.petroni.hr/en/product/traka-led-svjetlo-12-v-5m-24w-m-3000k-30leds-m-ip66/","308","/product/traka-led-svjetlo-12-v-5m-2-4w-m-3000k-30leds-m-ip66?lang=en","en",""
"product-sitemap3.xml","https://www.petroni.hr/proizvod/kuciste-osiguraca-za-midival-i-trakaste-limene/","308","/product/kuciste-osiguraca-za-midival-i-trakaste-limene","",""
"product-sitemap3.xml","https://www.petroni.hr/en/product/kuciste-osiguraca-za-midival-i-trakaste-limene/","308","/product/kuciste-osiguraca-za-midival-i-trakaste-limene?lang=en","en",""
"product-sitemap3.xml","https://www.petroni.hr/proizvod/svjetlo-registarske-plocice-u-braniku-12-24v-d/","308","/product/svjetlo-registarske-plocice-u-braniku-12-24v-d","",""
"product-sitemap3.xml","https://www.petroni.hr/en/product/svjetlo-registarske-plocice-u-braniku-12-24v-d/","308","/product/svjetlo-registarske-plocice-u-braniku-12-24v-d?lang=en","en",""
"product-sitemap3.xml","https://www.petroni.hr/proizvod/spremnik-za-vodu-72-lit/","308","/product/spremnik-za-vodu-72-lit","",""
"product-sitemap3.xml","https://www.petroni.hr/proizvod/televizor-smart24-lx2-a11/","308","/product/televizor-smart-led-24-lx2-a11-android","",""
"product-sitemap3.xml","https://www.petroni.hr/en/product/televizor-smart24-lx2-a11/","308","/product/televizor-smart-led-24-lx2-a11-android?lang=en","en",""
"product-sitemap3.xml","https://www.petroni.hr/proizvod/grijac-za-vodu-truma-terme-tt2-300w-5-lit/","308","/product/grijac-za-vodu-truma-therme-tt-2-300w-5-lit","",""
"product-sitemap3.xml","https://www.petroni.hr/proizvod/svjetlo-zadnje-hella-caraluna-ii-lijevo/","308","/product/svjetlo-zadnje-hella-caraluna-ii-lijevo","",""
"product-sitemap3.xml","https://www.petroni.hr/en/product/svjetlo-zadnje-hella-caraluna-ii-lijevo/","308","/product/svjetlo-zadnje-hella-caraluna-ii-lijevo?lang=en","en",""
"product-sitemap3.xml","https://www.petroni.hr/proizvod/svjetlo-gabaritno-zakrivljeno-za-23-60x60/","308","/product/svjetlo-gabaritno-zakrivljeno-za-23-60x60","",""
"product-sitemap3.xml","https://www.petroni.hr/proizvod/ruka-za-ucvrscivanje-bicikla-na-nosacu-fiamma-bike-block-pro-1-2/","308","/product/ruka-za-ucvrscivanje-bicikla-na-nosacu-fiamma-bike-block-pro-1-12554","",""
"product-sitemap3.xml","https://www.petroni.hr/en/product/ruka-za-ucvrscivanje-bicikla-na-nosacu-fiamma-bike-block-pro-1-2/","308","/product/ruka-za-ucvrscivanje-bicikla-na-nosacu-fiamma-bike-block-pro-1-12554?lang=en","en",""
"product-sitemap3.xml","https://www.petroni.hr/en/product/ruka-za-ucvrscivanje-bicikla-na-nosacu-fiamma-bike-block-pro-2/","308","/product/ruka-za-ucvrscivanje-bicikla-na-nosacu-fiamma-bike-block-pro-2?lang=en","en",""
"product-sitemap3.xml","https://www.petroni.hr/proizvod/ruka-za-ucvrscivanje-bicikla-na-nosacu-fiamma-bike-block-pro-2/","308","/product/ruka-za-ucvrscivanje-bicikla-na-nosacu-fiamma-bike-block-pro-2","",""
"product-sitemap3.xml","https://www.petroni.hr/proizvod/kukica-za-zavjese-za-c-sinu-20kom/","308","/product/kukica-za-zavjese-za-c-sinu-20kom","",""
"product-sitemap3.xml","https://www.petroni.hr/en/product/spojnica-plinske-cijevi-l-fi-8/","308","/product/spojnica-plinske-cijevi-l-fi-8?lang=en","en",""
"product-sitemap3.xml","https://www.petroni.hr/en/product/rucka-za-ulazna-vrata-v619-chrom/","308","/product/rucka-za-ulazna-vrata-v619-chrom?lang=en","en",""
"product-sitemap3.xml","https://www.petroni.hr/proizvod/traka-pvc-za-gumeni-brtveni-profil-prozora-24mmx1mm/","308","/product/traka-pvc-za-gumeni-brtveni-profil-prozora-24mmx1mm","",""
"product-sitemap3.xml","https://www.petroni.hr/en/product/traka-pvc-za-gumeni-brtveni-profil-prozora-24mmx1mm/","308","/product/traka-pvc-za-gumeni-brtveni-profil-prozora-24mmx1mm?lang=en","en",""
"product-sitemap3.xml","https://www.petroni.hr/proizvod/posuda-ekspanziona-fiamma-a20/","308","/product/posuda-ekspanziona-fiamma-a20","",""
"product-sitemap3.xml","https://www.petroni.hr/proizvod/okvir-servisnih-vrata-1000x400-lippert/","308","/product/okvir-servisnih-vrata-1000x400-lippert","",""
"product-sitemap3.xml","https://www.petroni.hr/proizvod/vrata-servisna-630x350-lippert/","308","/product/vrata-servisna-630x350-lippert","",""
"product-sitemap3.xml","https://www.petroni.hr/proizvod/okvir-servisnih-vrata-640x400-lippert/","308","/product/okvir-servisnih-vrata-640x400-lippert","",""
"product-sitemap3.xml","https://www.petroni.hr/proizvod/brtvilo-za-dometic-seitz-bocne-prozore-5m/","308","/product/brtvilo-za-dometic-seitz-bocne-prozore-5m","",""
"product-sitemap3.xml","https://www.petroni.hr/proizvod/okvir-nutarnji-sa-zavjesama-za-dometic-mini-heki-prozore/","308","/product/okvir-nutarnji-sa-zavjesama-za-dometic-mini-heki-prozore","",""
"product-sitemap3.xml","https://www.petroni.hr/proizvod/svjetlo-zadnje-hella-caraluna-ii-lijevo-za-prikolice/","308","/product/svjetlo-zadnje-hella-caraluna-ii-lijevo-za-prikolice","",""
"product-sitemap3.xml","https://www.petroni.hr/proizvod/ulozak-za-filter-plina-truma/","308","/product/ulozak-za-filter-plina-truma","",""
"product-sitemap3.xml","https://www.petroni.hr/proizvod/rucka-za-ulazna-vrata-v619-chrom/","308","/product/rucka-za-ulazna-vrata-v619-chrom","",""
"product-sitemap3.xml","https://www.petroni.hr/proizvod/odzracnik-fi-60-za-hladan-zrak/","308","/product/odzracnik-fi-60-za-hladan-zrak","",""
"product-sitemap3.xml","https://www.petroni.hr/proizvod/gumb-sa-rozetom-za-push-bravice-chrom-16mm/","308","/product/gumb-sa-rozetom-za-push-bravice-chrom-16mm","",""
"product-sitemap3.xml","https://www.petroni.hr/proizvod/okvir-ukrasni-za-gumb-push-lock-bravice-fi-35-nichel/","308","/product/okvir-ukrasni-za-gumb-push-lock-bravice-fi-35-nichel","",""
"product-sitemap3.xml","https://www.petroni.hr/proizvod/drzac-vrata-za-kamp-vozila-sivi/","308","/product/drzac-vrata-za-kamp-vozila-sivi","",""
"product-sitemap3.xml","https://www.petroni.hr/proizvod/pokrov-rude-prikolice/","308","/product/prekrivac-rude-prikolice","",""
"product-sitemap3.xml","https://www.petroni.hr/en/product/pokrov-rude-prikolice/","308","/product/prekrivac-rude-prikolice?lang=en","en",""
"product-sitemap3.xml","https://www.petroni.hr/proizvod/kapa-zastitna-za-kuku/","308","/product/kapa-zastitna-za-kuku","",""
"product-sitemap3.xml","https://www.petroni.hr/proizvod/pumpa-za-vodu-potopna-maas-15-15lit-12v/","308","/product/pumpa-za-vodu-potopna-maas-15-15lit-12v","",""
"product-sitemap3.xml","https://www.petroni.hr/en/product/pumpa-za-vodu-potopna-maas-15-15lit-12v/","308","/product/pumpa-za-vodu-potopna-maas-15-15lit-12v?lang=en","en",""
"product-sitemap3.xml","https://www.petroni.hr/proizvod/podloske-za-stabilizator-noge-4-kom-crne/","308","/product/podloske-za-stabilizator-noge-4-kom-crne","",""
"product-sitemap3.xml","https://www.petroni.hr/proizvod/kada-za-tus-830x670-mm/","308","/product/kada-za-tus-830x670-mm","",""
"product-sitemap3.xml","https://www.petroni.hr/proizvod/pipa-mjesalica-za-tus-reich-trend-e/","308","/product/pipa-mjesalica-za-tus-reich-trend-e","",""
"product-sitemap3.xml","https://www.petroni.hr/en/product/pipa-mjesalica-za-tus-reich-trend-e/","308","/product/pipa-mjesalica-za-tus-reich-trend-e?lang=en","en",""
"product-sitemap3.xml","https://www.petroni.hr/proizvod/pipa-mjesalica-twist-reich/","308","/product/pipa-mjesalica-twist-reich","",""
"product-sitemap3.xml","https://www.petroni.hr/proizvod/pomocni-kotac-sa-mehanizmom-za-podizanje-i-vagom-jockey-wheel/","308","/product/kotac-pomocni-sa-mehanizmom-za-podizanje-i-vagom-jockey-wheel","",""
"product-sitemap3.xml","https://www.petroni.hr/proizvod/grijac-spremnika-otpadne-vode-12v/","308","/product/grijac-spremnika-otpadne-vode-12v-58w-110-lit","",""
"product-sitemap3.xml","https://www.petroni.hr/proizvod/dimnjak-truma-ak3-fi-60mm/","308","/product/dimnjak-truma-ak3-fi-60mm","",""
"product-sitemap3.xml","https://www.petroni.hr/proizvod/ventil-sigurnosni-odvodni-truma-therme-t-izlaz/","308","/product/ventil-sigurnosni-odvodni-truma-therme-t-izlaz","",""
"product-sitemap3.xml","https://www.petroni.hr/en/product/ventil-sigurnosni-odvodni-truma-therme-t-izlaz/","308","/product/ventil-sigurnosni-odvodni-truma-therme-t-izlaz?lang=en","en",""
"product-sitemap3.xml","https://www.petroni.hr/proizvod/osigurac-trakasti-metalni-40a/","308","/product/osigurac-trakasti-metalni-40a","",""
"product-sitemap3.xml","https://www.petroni.hr/en/product/osigurac-trakasti-metalni-40a/","308","/product/osigurac-trakasti-metalni-40a?lang=en","en",""
"product-sitemap3.xml","https://www.petroni.hr/proizvod/svjetlo-bocno-donje-led-hella-crveno/","308","/product/svjetlo-bocno-donje-led-hella-crveno","",""
"product-sitemap3.xml","https://www.petroni.hr/proizvod/stepenice-preklopne-sa-dva-gazista/","308","/product/stepenice-preklopne-sa-dva-gazista","",""
"product-sitemap3.xml","https://www.petroni.hr/proizvod/rucica-za-zatvaranje-plastoform-prozora-ld-par/","308","/product/rucica-za-zatvaranje-plastoform-prozora-l-d-par","",""
"product-sitemap3.xml","https://www.petroni.hr/en/product/rucica-za-zatvaranje-plastoform-prozora-ld-par/","308","/product/rucica-za-zatvaranje-plastoform-prozora-l-d-par?lang=en","en",""
"product-sitemap3.xml","https://www.petroni.hr/proizvod/prozor-krovni-40x40-carbest/","308","/product/prozor-krovni-40x40-carbest","",""
"product-sitemap3.xml","https://www.petroni.hr/proizvod/prozor-bocni-650x300-sa-alu-okvirom/","308","/product/prozor-bocni-650x300-sa-alu-okvirom","",""
"product-sitemap3.xml","https://www.petroni.hr/proizvod/brtvilo-dekaseal-8936-310ml-crno/","308","/product/brtvilo-dekaseal-8936-310ml-crno","",""
"product-sitemap3.xml","https://www.petroni.hr/proizvod/selna-26-28mm-za-cijevi-predsatora-set-5kom/","308","/product/selna-26-28mm-za-cijevi-predsatora-set-3kom","",""
"product-sitemap3.xml","https://www.petroni.hr/proizvod/tekucina-sanitarna-solbio-original-16-lit/","308","/product/tekucina-sanitarna-solbio-original-1-6-lit","",""
"product-sitemap3.xml","https://www.petroni.hr/en/product/tekucina-sanitarna-solbio-original-16-lit/","308","/product/tekucina-sanitarna-solbio-original-1-6-lit?lang=en","en",""
"product-sitemap3.xml","https://www.petroni.hr/proizvod/dometic-power-care-tablete-16kom/","308","/product/tablete-dometic-powercare-16kom-za-wc-kazete","",""
"product-sitemap3.xml","https://www.petroni.hr/en/product/dometic-power-care-tablete-16kom/","308","/product/tablete-dometic-powercare-16kom-za-wc-kazete?lang=en","en",""
"product-sitemap3.xml","https://www.petroni.hr/proizvod/sampon-tekucina-za-pranje-kampera-ma-fra-pulicamper-2-litra/","308","/product/sampon-tekucina-za-pranje-kampera-ma-fra-pulicamper-2-litra","",""
"product-sitemap3.xml","https://www.petroni.hr/proizvod/blokator-vrata-namjestaja-ivory/","308","/product/blokator-vrata-namjestaja-ivory","",""
"product-sitemap3.xml","https://www.petroni.hr/proizvod/blokator-vrata-namjestaja-smedi/","308","/product/blokator-vrata-namjestaja-smedi","",""
"product-sitemap3.xml","https://www.petroni.hr/proizvod/kotac-pomocni-200x60-puna-guma-400kg/","308","/product/kotac-pomocni-200x60-puna-guma-400kg","",""
"product-sitemap3.xml","https://www.petroni.hr/en/product/ventil-sigurnosni-za-propan-butan-plinsku-bocu/","308","/product/ventil-sigurnosni-za-plin-za-plinsku-bocu?lang=en","en",""
"product-sitemap3.xml","https://www.petroni.hr/proizvod/ventil-sigurnosni-za-propan-butan-plinsku-bocu/","308","/product/ventil-sigurnosni-za-plin-za-plinsku-bocu","",""
"product-sitemap3.xml","https://www.petroni.hr/proizvod/uticnice-cee-17-bijela-148x148/","308","/product/uticnice-cee-17-bijela-148x148","",""
"product-sitemap3.xml","https://www.petroni.hr/proizvod/ventil-nepovratni-za-crijeva-10mm-i-12mm/","308","/product/ventil-nepovratni-za-crijeva-10mm-i-12mm","",""
"product-sitemap3.xml","https://www.petroni.hr/proizvod/spojka-brza-90-jg-12-12mm/","308","/product/spojka-brza-90-jg-12-12mm","",""
"product-sitemap3.xml","https://www.petroni.hr/proizvod/crijevo-za-toplu-vodu-fi-12mm-jg-crveno/","308","/product/crijevo-za-toplu-vodu-fi-12mm-jg-crveno","",""
"product-sitemap3.xml","https://www.petroni.hr/proizvod/crijevo-za-hladnu-vodu-12mm-plavo/","308","/product/crijevo-za-hladnu-vodu-12mm-plavo","",""
"product-sitemap3.xml","https://www.petroni.hr/proizvod/cilindar-sa-2-kljuca-zadi/","308","/product/cilindar-sa-2-kljuca-zadi","",""
"product-sitemap3.xml","https://www.petroni.hr/en/product/cilindar-sa-2-kljuca-zadi/","308","/product/cilindar-sa-2-kljuca-zadi?lang=en","en",""
"product-sitemap3.xml","https://www.petroni.hr/proizvod/ventil-sigurnosni-odvodni-truma-jg12-28bar/","308","/product/ventil-sigurnosni-odvodni-truma-jg12-2-8bar","",""
"product-sitemap3.xml","https://www.petroni.hr/en/product/ventil-sigurnosni-odvodni-truma-jg12-28bar/","308","/product/ventil-sigurnosni-odvodni-truma-jg12-2-8bar?lang=en","en",""
"product-sitemap3.xml","https://www.petroni.hr/proizvod/cetka-za-pranje-vozila-sa-teleskopskom-drskom/","308","/product/cetka-za-pranje-vozila-sa-teleskopskom-drskom","",""
"product-sitemap3.xml","https://www.petroni.hr/proizvod/spojnica-brza-jg-t-12mm/","308","/product/spojnica-brza-jg-t-12mm","",""
"product-sitemap3.xml","https://www.petroni.hr/en/product/ventil-nepovratni-za-twin-pumpe-vode/","308","/product/ventil-nepovratni-za-twin-pumpe-vode?lang=en","en",""
"product-sitemap3.xml","https://www.petroni.hr/proizvod/ventil-nepovratni-za-twin-pumpe-vode/","308","/product/ventil-nepovratni-za-twin-pumpe-vode","",""
"product-sitemap3.xml","https://www.petroni.hr/proizvod/upaljac-automatski-kuciste-baterija-truma-s/","308","/product/upaljac-automatski-kuciste-baterija-truma-s","",""
"product-sitemap3.xml","https://www.petroni.hr/en/product/upaljac-automatski-kuciste-baterija-truma-s/","308","/product/upaljac-automatski-kuciste-baterija-truma-s?lang=en","en",""
"product-sitemap3.xml","https://www.petroni.hr/en/product/crijevo-grijanja-truma-ur-fi-65/","308","/product/crijevo-grijanja-truma-ur-fi-65?lang=en","en",""
"product-sitemap3.xml","https://www.petroni.hr/proizvod/crijevo-grijanja-truma-ur-fi-65/","308","/product/crijevo-grijanja-truma-ur-fi-65","",""
"product-sitemap3.xml","https://www.petroni.hr/proizvod/prozor-bocni-1000x550-serie-europa/","308","/product/prozor-bocni-1000x550-serie-europa","",""
"product-sitemap3.xml","https://www.petroni.hr/proizvod/pumpa-za-vodu-carbest-12v-10-lit-min/","308","/product/pumpa-za-vodu-carbest-12v-11-3-lit-min","",""
"product-sitemap3.xml","https://www.petroni.hr/proizvod/pumpa-za-vodu-potopna-reich-22lit-12v/","308","/product/pumpa-za-vodu-potopna-reich-22lit-12v","",""
"product-sitemap3.xml","https://www.petroni.hr/proizvod/ljepilo-wurth-power-plus-400ml/","308","/product/ljepilo-u-spreju-wurth-power-plus-400ml","",""
"product-sitemap3.xml","https://www.petroni.hr/proizvod/elektro-power-block-schaudt-ebl-211-sa-lt453/","308","/product/elektro-power-block-schaudt-ebl-211-sa-lt453","",""
"product-sitemap3.xml","https://www.petroni.hr/en/product/elektro-power-block-schaudt-ebl-211-sa-lt453/","308","/product/elektro-power-block-schaudt-ebl-211-sa-lt453?lang=en","en",""
"product-sitemap3.xml","https://www.petroni.hr/proizvod/konzola-okretna-za-fiat-ducato-2006/","308","/product/konzola-okretna-za-fiat-ducato-2006","",""
"product-sitemap3.xml","https://www.petroni.hr/proizvod/pipa-mjesalica-za-vodu-reich-trend-s/","308","/product/pipa-mjesalica-za-vodu-reich-trend-s","",""
"product-sitemap3.xml","https://www.petroni.hr/proizvod/crijevo-za-toplu-vodu-10m/","308","/product/crijevo-za-toplu-vodu-10m","",""
"product-sitemap3.xml","https://www.petroni.hr/en/product/crijevo-za-toplu-vodu-10m/","308","/product/crijevo-za-toplu-vodu-10m?lang=en","en",""
"product-sitemap3.xml","https://www.petroni.hr/proizvod/selna-24-26mm-za-cijevi-predsatora/","308","/product/selna-24-26mm-za-cijevi-predsatora-3kom","",""
"product-sitemap3.xml","https://www.petroni.hr/proizvod/ventil-jednosmjerni-za-plin/","308","/product/ventil-jednosmjerni-za-plin","",""
"product-sitemap3.xml","https://www.petroni.hr/en/product/ventil-jednosmjerni-za-plin/","308","/product/ventil-jednosmjerni-za-plin?lang=en","en",""
"product-sitemap3.xml","https://www.petroni.hr/proizvod/obloga-izolacija-v-flex-pes-anthrazit-27mm/","308","/product/obloga-izolacija-v-flex-pes-anthrazit-2-7mm","",""
"product-sitemap3.xml","https://www.petroni.hr/en/product/obloga-izolacija-v-flex-pes-anthrazit-27mm/","308","/product/obloga-izolacija-v-flex-pes-anthrazit-2-7mm?lang=en","en",""
"product-sitemap3.xml","https://www.petroni.hr/proizvod/umivaonik-okrugli-fi-300-360/","308","/product/umivaonik-okrugli-fi-300-360","",""
"product-sitemap3.xml","https://www.petroni.hr/en/product/umivaonik-okrugli-fi-300-360/","308","/product/umivaonik-okrugli-fi-300-360?lang=en","en",""
"product-sitemap3.xml","https://www.petroni.hr/proizvod/svjetlo-bocno-donje-led-rimor/","308","/product/svjetlo-bocno-donje-led-rimor","",""
"product-sitemap3.xml","https://www.petroni.hr/en/product/svjetlo-bocno-donje-led-rimor/","308","/product/svjetlo-bocno-donje-led-rimor?lang=en","en",""
"product-sitemap3.xml","https://www.petroni.hr/proizvod/ventil-truma-frost-control-jg/","308","/product/ventil-truma-frost-control-jg","",""
"product-sitemap3.xml","https://www.petroni.hr/en/product/ventil-truma-frost-control-jg/","308","/product/ventil-truma-frost-control-jg?lang=en","en",""
"product-sitemap3.xml","https://www.petroni.hr/proizvod/ventil-za-plin-trostruki-8mm-dsv-ab3/","308","/product/ventil-za-plin-trostruki-8mm-dsv-ab3","",""
"product-sitemap3.xml","https://www.petroni.hr/proizvod/prozor-1550x650-za-kamp-prikolicu-adria/","308","/product/prozor-1550x650-za-kamp-prikolicu-adria","",""
"product-sitemap3.xml","https://www.petroni.hr/en/product/prozor-1550x650-za-kamp-prikolicu-adria/","308","/product/prozor-1550x650-za-kamp-prikolicu-adria?lang=en","en",""
"product-sitemap3.xml","https://www.petroni.hr/proizvod/senzor-temparature-prostora-truma/","308","/product/senzor-temparature-prostora-truma","",""
"product-sitemap3.xml","https://www.petroni.hr/proizvod/cilidar-10x-2x-kljuc-fap/","308","/product/cilindar-10x-2x-kljuc-fap","",""
"product-sitemap3.xml","https://www.petroni.hr/proizvod/profil-gumeni-sivi-za-krovne-alu-profile-knaus/","308","/product/profil-gumeni-sivi-za-krovne-alu-profile-knaus","",""
"product-sitemap3.xml","https://www.petroni.hr/proizvod/lim-aluminijski-kovani-na-kamp-prikolice/","308","/product/lim-aluminijski-kovani-za-bocne-zidove-kamp-prikolice","",""
"product-sitemap3.xml","https://www.petroni.hr/proizvod/kuciste-retrovizora-fiat-ducato-lijevo/","308","/product/kuciste-retrovizora-fiat-ducato-lijevo","",""
"product-sitemap3.xml","https://www.petroni.hr/proizvod/zastita-rude-od-krade-u-brava-sa-2-kljuca/","308","/product/zastita-rude-od-krade-u-brava-sa-2-kljuca","",""
"product-sitemap3.xml","https://www.petroni.hr/proizvod/podloske-za-stabilizator-nogice-2-kom/","308","/product/podloske-za-stabilizator-nogice-2-kom","",""
"product-sitemap3.xml","https://www.petroni.hr/proizvod/podloske-za-kotace-za-bolji-grip-stagri-par/","308","/product/podloske-za-kotace-za-bolji-grip-stagri-par","",""
"product-sitemap3.xml","https://www.petroni.hr/proizvod/rucka-za-transport-kabela-flexicord/","308","/product/rucka-za-transport-kabela-flexicord","",""
"product-sitemap3.xml","https://www.petroni.hr/proizvod/kanister-za-gorivo-10-lit/","308","/product/kanister-za-gorivo-10-lit","",""
"product-sitemap3.xml","https://www.petroni.hr/proizvod/renogy-core-300ah-baterijski-schunt-sa-bluetoothom/","308","/product/renogy-core-300ah-baterijski-schunt-sa-bluetoothom","",""
"product-sitemap3.xml","https://www.petroni.hr/proizvod/spojler-za-solare-i-krovne-prozore-fiamma-28-110cm/","308","/product/spojler-za-solare-i-krovne-prozore-fiamma-28-110cm","",""
"product-sitemap3.xml","https://www.petroni.hr/proizvod/polica-za-odlaganje-stvari-fiat-ducato-2006/","308","/product/polica-za-odlaganje-stvari-fiat-ducato-2006","",""
"product-sitemap3.xml","https://www.petroni.hr/proizvod/klocna-klin-za-kotac/","308","/product/klocna-klin-za-kotac","",""
"product-sitemap3.xml","https://www.petroni.hr/proizvod/znak-rezervirano/","308","/product/znak-rezervirano","",""
"product-sitemap3.xml","https://www.petroni.hr/proizvod/besplatni-poklon-uz-kupnju/","410","","","removed_product"
"product-sitemap3.xml","https://www.petroni.hr/proizvod/tekucina-za-ciscenje-i-dezinfekciju-spremnika-vode-eco-air-steril-tank-05l/","308","/product/tekucina-za-ciscenje-i-dezinfekciju-spremnika-vode-eco-air-steril-tank-0-5l","",""
"product-sitemap3.xml","https://www.petroni.hr/proizvod/hvatac-drzac-vrata-challaneger/","308","/product/hvatac-drzac-vrata-challaneger","",""
"product-sitemap3.xml","https://www.petroni.hr/proizvod/uticnica-cee-bijela/","308","/product/uticnica-cee-bijela-105x105mm","",""
"product-sitemap3.xml","https://www.petroni.hr/proizvod/stepenica-ulazna-dvostruka/","308","/product/stepenica-ulazna-dvostruka","",""
"product-sitemap3.xml","https://www.petroni.hr/en/product/nosac-za-bicikle-fiamma-bike-pro-za-2-bicikla-mogucnost-i-za-4-bicikla/","308","/product/nosac-za-bicikle-fiamma-bike-pro-za-2-bicikla-mogucnost-i-za-4-bicikla?lang=en","en",""
"product-sitemap3.xml","https://www.petroni.hr/proizvod/nosac-za-bicikle-fiamma-bike-pro-za-2-bicikla-mogucnost-i-za-4-bicikla/","308","/product/nosac-za-bicikle-fiamma-bike-pro-za-2-bicikla-mogucnost-i-za-4-bicikla","",""
"product-sitemap3.xml","https://www.petroni.hr/en/product/18910/","308","/product/nosac-za-bicikle-fiamma-carry-bike-pro?lang=en","en",""
"product-sitemap3.xml","https://www.petroni.hr/proizvod/18910/","308","/product/nosac-za-bicikle-fiamma-carry-bike-pro","",""
"product-sitemap3.xml","https://www.petroni.hr/proizvod/bravica-vrata-nutarnji-dio/","308","/product/bravica-vrata-nutarnji-dio","",""
"product-sitemap3.xml","https://www.petroni.hr/en/product/pumpa-vode-potopna-reich-12v-06bar-12-litara/","308","/product/pumpa-vode-potopna-reich-12v-0-6bar-12-litara?lang=en","en",""
"product-sitemap3.xml","https://www.petroni.hr/proizvod/svjetlo-bocno-donje-led-jokon-4/","308","/product/svjetlo-bocno-donje-led-jokon-7978","",""
"product-sitemap3.xml","https://www.petroni.hr/en/product/svjetlo-bocno-donje-led-jokon-4/","308","/product/svjetlo-bocno-donje-led-jokon-7978?lang=en","en",""
"product-sitemap3.xml","https://www.petroni.hr/proizvod/ljestve-za-krevet-aluminij-155x28/","308","/product/ljestve-za-krevet-aluminij-158x28-5-stepenica","",""
"product-sitemap3.xml","https://www.petroni.hr/proizvod/tepih-za-predprostor-keep-camp-250x550cm/","308","/product/tepih-za-predprostor-keep-camp-250x550cm","",""
"product-sitemap3.xml","https://www.petroni.hr/proizvod/relej-70a-na-22-kontakta-m63mm/","308","/product/relej-70a-na-2-2-kontakta-m6-3mm","",""
"product-sitemap3.xml","https://www.petroni.hr/en/product/relej-70a-na-22-kontakta-m63mm/","308","/product/relej-70a-na-2-2-kontakta-m6-3mm?lang=en","en",""
"product-sitemap3.xml","https://www.petroni.hr/proizvod/odzracnik-fi-60-za-topli-vruci-zrak/","308","/product/odzracnik-fi-60-za-topli-vruci-zrak","",""
"product-sitemap3.xml","https://www.petroni.hr/en/product/odzracnik-fi-60-za-topli-vruci-zrak/","308","/product/odzracnik-fi-60-za-topli-vruci-zrak?lang=en","en",""
"product-sitemap3.xml","https://www.petroni.hr/proizvod/pipa-mjesalica-monomix-bez-ruckice-i-rozete/","308","/product/pipa-mjesalica-monomix-bez-ruckice-i-rozete","",""
"product-sitemap3.xml","https://www.petroni.hr/en/product/pipa-mjesalica-monomix-bez-ruckice-i-rozete/","308","/product/pipa-mjesalica-monomix-bez-ruckice-i-rozete?lang=en","en",""
"product-sitemap3.xml","https://www.petroni.hr/proizvod/spremnik-za-vodu-35-litara/","308","/product/spremnik-za-vodu-35-litara","",""
"product-sitemap3.xml","https://www.petroni.hr/en/product/spremnik-za-vodu-35-litara/","308","/product/spremnik-za-vodu-35-litara?lang=en","en",""
"product-sitemap3.xml","https://www.petroni.hr/proizvod/cep-din96-sa-fleksibilnim-crijevom-za-izljev/","308","/product/cep-din96-sa-fleksibilnim-crijevom-za-izljev","",""
"product-sitemap3.xml","https://www.petroni.hr/proizvod/zarulja-led-g14-ubodna-12v/","308","/product/zarulja-led-g14-ubodna-12v","",""
"product-sitemap3.xml","https://www.petroni.hr/en/product/zarulja-led-g14-ubodna-12v/","308","/product/zarulja-led-g14-ubodna-12v?lang=en","en",""
"product-sitemap3.xml","https://www.petroni.hr/proizvod/cijev-za-plin-8x1mm-2m/","308","/product/cijev-za-plin-8x1mm-2m","",""
"product-sitemap3.xml","https://www.petroni.hr/proizvod/spojnica-plinske-cijevi-l-fi-8/","308","/product/spojnica-plinske-cijevi-l-fi-8","",""
"product-sitemap3.xml","https://www.petroni.hr/proizvod/poklopac-protiv-prsine-za-cep-ring-din96/","308","/product/poklopac-protiv-prasine-za-cep-ring-din96","",""
"product-sitemap3.xml","https://www.petroni.hr/proizvod/profil-brtveni-gumeni-za-prozore-kamp-vozila-28-32mm/","308","/product/profil-brtveni-gumeni-za-prozore-kamp-vozila-28-32mm","",""
"product-sitemap3.xml","https://www.petroni.hr/en/product/profil-brtveni-gumeni-za-prozore-kamp-vozila-28-32mm/","308","/product/profil-brtveni-gumeni-za-prozore-kamp-vozila-28-32mm?lang=en","en",""
"product-sitemap3.xml","https://www.petroni.hr/proizvod/traka-pvc-za-gumeno-brtvilo-bocnog-prozora-siva/","308","/product/traka-pvc-za-gumeno-brtvilo-bocnog-prozora-siva","",""
"product-sitemap3.xml","https://www.petroni.hr/proizvod/podizac-drzac-prozora-polyplast-200-230mm-par/","308","/product/podizac-drzac-prozora-polyplast-200-230mm-par","",""
"product-sitemap3.xml","https://www.petroni.hr/en/product/svjetlo-vanjsko-ispod-tende-12v-9leds-236mm-bijelo/","308","/product/svjetlo-vanjsko-ispod-tende-12v-9leds-236mm-bijelo?lang=en","en",""
"product-sitemap3.xml","https://www.petroni.hr/proizvod/solar-panel-200w-crni-monocristal-sa-nosacima/","308","/product/solar-panel-200w-crni-monocrystal-sa-nosacima","",""
"product-sitemap3.xml","https://www.petroni.hr/proizvod/adapter-za-prikljucak-prikolice-7-na-13/","308","/product/adapter-za-prikljucak-prikolice-7-na-13","",""
"product-sitemap3.xml","https://www.petroni.hr/proizvod/bravica-za-ladice-vrata-puch-lock-matt-chrom/","308","/product/bravica-za-ladice-vrata-puch-lock-matt-chrom","",""
"product-sitemap3.xml","https://www.petroni.hr/proizvod/regulator-plina-50mb-15kg-bez-manometra/","308","/product/regulator-plina-50mb-1-5kg-bez-manometra","",""
"product-sitemap3.xml","https://www.petroni.hr/proizvod/cep-za-kanister-sa-otvorom-za-crijevo-din96/","308","/product/cep-za-kanister-sa-otvorom-za-crijevo-din96","",""
"product-sitemap3.xml","https://www.petroni.hr/en/product/cep-za-kanister-sa-otvorom-za-crijevo-din96/","308","/product/cep-za-kanister-sa-otvorom-za-crijevo-din96?lang=en","en",""
"product-sitemap3.xml","https://www.petroni.hr/en/product/sifon-reich-33mm/","308","/product/sifon-reich-33mm?lang=en","en",""
"product-sitemap3.xml","https://www.petroni.hr/proizvod/regulator-za-plin-30-mbar-08kg-h/","308","/product/regulator-za-plin-30-mbar-0-8kg-h","",""
"product-sitemap3.xml","https://www.petroni.hr/en/product/regulator-za-plin-30-mbar-08kg-h/","308","/product/regulator-za-plin-30-mbar-0-8kg-h?lang=en","en",""
"product-sitemap3.xml","https://www.petroni.hr/proizvod/filter-za-vodu-shurflo/","308","/product/filter-za-vodu-shurflo","",""
"product-sitemap3.xml","https://www.petroni.hr/proizvod/nosac-za-bicikle-fiamma-carry-bike-trigano-ci-rt/","308","/product/nosac-za-bicikle-fiamma-carry-bike-trigano-ci-rt","",""
"product-sitemap3.xml","https://www.petroni.hr/proizvod/posude-melamin-lucca-16-dijelova-set/","308","/product/posude-melamin-lucca-16-dijelova-set","",""
"product-sitemap3.xml","https://www.petroni.hr/en/product/posude-melamin-lucca-16-dijelova-set/","308","/product/posude-melamin-lucca-16-dijelova-set?lang=en","en",""
"product-sitemap3.xml","https://www.petroni.hr/proizvod/staklo-zadnjih-vrata-za-fiat-ducato-2006/","308","/product/staklo-zadnjih-vrata-za-fiat-ducato-2006","",""
"product-sitemap3.xml","https://www.petroni.hr/en/product/staklo-zadnjih-vrata-za-fiat-ducato-2006/","308","/product/staklo-zadnjih-vrata-za-fiat-ducato-2006?lang=en","en",""
"product-sitemap3.xml","https://www.petroni.hr/proizvod/prozor-bocni-dometic-s4-700x300-crni-komplet/","308","/product/prozor-bocni-dometic-s4-700x300-crni-komplet","",""
"product-sitemap3.xml","https://www.petroni.hr/en/product/prozor-bocni-dometic-s4-700x300-crni-komplet/","308","/product/prozor-bocni-dometic-s4-700x300-crni-komplet?lang=en","en",""
"product-sitemap3.xml","https://www.petroni.hr/en/product/mreza-protiv-insekata-dometic-flytec-ft200/","308","/product/mreza-protiv-insekata-dometic-flytec-ft200?lang=en","en",""
"product-sitemap3.xml","https://www.petroni.hr/proizvod/mreza-protiv-insekata-dometic-flytec-ft200/","308","/product/mreza-protiv-insekata-dometic-flytec-ft200","",""
"product-sitemap3.xml","https://www.petroni.hr/proizvod/staklo-prozora-dometic-seitz-s4-700x300/","308","/product/staklo-prozora-dometic-seitz-s4-700x300","",""
"product-sitemap3.xml","https://www.petroni.hr/en/product/staklo-prozora-dometic-seitz-s4-700x300/","308","/product/staklo-prozora-dometic-seitz-s4-700x300?lang=en","en",""
"product-sitemap3.xml","https://www.petroni.hr/proizvod/staklo-prozora-seitz-dometic-s4-700x300-sivo/","308","/product/staklo-prozora-seitz-dometic-nrf-s4-700x300-sivo","",""
"product-sitemap3.xml","https://www.petroni.hr/proizvod/odzracivac-lufter-180mm/","308","/product/odzracivac-lufter-180mm","",""
"product-sitemap3.xml","https://www.petroni.hr/proizvod/drzac-hvatac-vrata/","308","/product/drzac-hvatac-vrata","",""
"product-sitemap3.xml","https://www.petroni.hr/proizvod/sifon-reich-33mm/","308","/product/sifon-reich-33mm","",""
"product-sitemap3.xml","https://www.petroni.hr/proizvod/crijevo-spiralno-za-odvod-fi-40/","308","/product/crijevo-spiralno-za-odvod-fi-40","",""
"product-sitemap3.xml","https://www.petroni.hr/en/product/punjac-za-baterije-carbest-12v-10a-2-izlaza/","308","/product/punjac-za-baterije-carbest-12v-10a-2-izlaza?lang=en","en",""
"product-sitemap3.xml","https://www.petroni.hr/proizvod/punjac-za-baterije-carbest-12v-10a-2-izlaza/","308","/product/punjac-za-baterije-carbest-12v-10a-2-izlaza","",""
"product-sitemap3.xml","https://www.petroni.hr/proizvod/retrovizor-dodatni-reich-excellent-konvex/","308","/product/retrovizor-dodatni-reich-excellent-konvex","",""
"product-sitemap3.xml","https://www.petroni.hr/en/product/retrovizor-dodatni-reich-excellent-konvex/","308","/product/retrovizor-dodatni-reich-excellent-konvex?lang=en","en",""
"product-sitemap3.xml","https://www.petroni.hr/proizvod/akumulator-mestic-agm-leisure-115ah/","308","/product/akumulator-mestic-agm-leisure-115ah","",""
"product-sitemap3.xml","https://www.petroni.hr/proizvod/kutija-za-bateriju-akumulator-100ah-mod-koala/","308","/product/kutija-za-bateriju-akumulator-100ah-mod-koala","",""
"product-sitemap3.xml","https://www.petroni.hr/proizvod/retrovizor-dodatni-za-vucu-prikolica-excellent-view/","308","/product/retrovizor-dodatni-za-vucu-prikolica-excellent-view","",""
"product-sitemap3.xml","https://www.petroni.hr/en/product/retrovizor-dodatni-za-vucu-prikolica-excellent-view/","308","/product/retrovizor-dodatni-za-vucu-prikolica-excellent-view?lang=en","en",""
"product-sitemap3.xml","https://www.petroni.hr/proizvod/ispust-za-vodu-podni-fi-40mm/","308","/product/ispust-za-vodu-podni-fi-40mm","",""
"product-sitemap3.xml","https://www.petroni.hr/proizvod/podizac-prozora-280mm-polyplast-t-klik-vijak-desni/","308","/product/podizac-prozora-280mm-polyplast-t-klik-vijak-desni","",""
"product-sitemap3.xml","https://www.petroni.hr/proizvod/stepenica-ulazna-plasticna-lippert/","308","/product/stepenica-ulazna-plasticna-lippert","",""
"product-sitemap3.xml","https://www.petroni.hr/en/product/wc-prijenosni-thetford-porta-potti-165/","308","/product/wc-kemijski-thetford-porta-potti-qube-165?lang=en","en",""
"product-sitemap3.xml","https://www.petroni.hr/proizvod/tablete-za-wc-kazetu-ecoair-sanity-15kom/","308","/product/tablete-za-wc-kazetu-ecoair-sanity-15kom","",""
"product-sitemap3.xml","https://www.petroni.hr/proizvod/prihvat-jezika-brave/","308","/product/prihvat-jezika-brave","",""
"product-sitemap3.xml","https://www.petroni.hr/en/product/prihvat-jezika-brave/","308","/product/prihvat-jezika-brave?lang=en","en",""
"product-sitemap3.xml","https://www.petroni.hr/proizvod/spojnica-za-vodu-t-10mm/","308","/product/spojnica-za-vodu-t-10mm","",""
"product-sitemap3.xml","https://www.petroni.hr/en/product/spojnica-za-vodu-t-10mm/","308","/product/spojnica-za-vodu-t-10mm?lang=en","en",""
"product-sitemap3.xml","https://www.petroni.hr/proizvod/uticnica-cee-pravokutna-mpk-bijela/","308","/product/uticnica-cee-pravokutna-mpk-bijela","",""
"product-sitemap3.xml","https://www.petroni.hr/en/product/uticnica-cee-pravokutna-mpk-bijela/","308","/product/uticnica-cee-pravokutna-mpk-bijela?lang=en","en",""
"product-sitemap3.xml","https://www.petroni.hr/proizvod/sudoper-carbest-360x360mm/","308","/product/sudoper-carbest-360x360mm","",""
"product-sitemap3.xml","https://www.petroni.hr/en/product/sudoper-carbest-360x360mm/","308","/product/sudoper-carbest-360x360mm?lang=en","en",""
"product-sitemap3.xml","https://www.petroni.hr/proizvod/izo-ploca-x-trem-20mm-soft-samoljepljiv/","308","/product/izolator-ploca-x-trem-20mm-soft","",""
"product-sitemap3.xml","https://www.petroni.hr/en/product/izo-ploca-x-trem-20mm-soft-samoljepljiv/","308","/product/izolator-ploca-x-trem-20mm-soft?lang=en","en",""
"product-sitemap3.xml","https://www.petroni.hr/proizvod/obloga-rastezljiva-x-trem-filc-anthrazit-5x2m/","308","/product/obloga-rastezljiva-x-trem-filc-anthrazit-5x2m","",""
"product-sitemap3.xml","https://www.petroni.hr/en/product/obloga-rastezljiva-x-trem-filc-anthrazit-5x2m/","308","/product/obloga-rastezljiva-x-trem-filc-anthrazit-5x2m?lang=en","en",""
"product-sitemap3.xml","https://www.petroni.hr/proizvod/obloga-rastezljiva-x-trem-filc-schiefer-5x2m/","308","/product/obloga-rastezljiva-x-trem-filc-schiefer-5x2m","",""
"product-sitemap3.xml","https://www.petroni.hr/en/product/obloga-rastezljiva-x-trem-filc-schiefer-5x2m/","308","/product/obloga-rastezljiva-x-trem-filc-schiefer-5x2m?lang=en","en",""
"product-sitemap3.xml","https://www.petroni.hr/proizvod/obloga-rastezljiva-filc-tamno-siva-5x2m/","308","/product/obloga-rastezljiva-x-trem-filc-tamno-siva-5x2m","",""
"product-sitemap3.xml","https://www.petroni.hr/en/product/obloga-rastezljiva-filc-tamno-siva-5x2m/","308","/product/obloga-rastezljiva-x-trem-filc-tamno-siva-5x2m?lang=en","en",""
"product-sitemap3.xml","https://www.petroni.hr/proizvod/izolator-ploca-x-trem-30mm-1x2m/","308","/product/izolator-ploca-x-trem-30mm-1x2m","",""
"product-sitemap3.xml","https://www.petroni.hr/proizvod/izolator-ploca-x-trem-20mm-samoljepliva-1x2m/","308","/product/izolator-ploca-x-trem-20mm-samoljepljiva-1x2m","",""
"product-sitemap3.xml","https://www.petroni.hr/proizvod/izolator-ploca-x-trem-10mm-samoljepljiva-1x2m/","308","/product/izolator-ploca-x-trem-10mm-samoljepljiva-1x2m","",""
"product-sitemap3.xml","https://www.petroni.hr/proizvod/vaga-za-plinske-boce/","308","/product/vaga-za-plinske-boce","",""
"product-sitemap3.xml","https://www.petroni.hr/proizvod/kabel-za-solar-mc4-paralel/","308","/product/kabel-za-solar-mc4-paralel","",""
"product-sitemap3.xml","https://www.petroni.hr/proizvod/ruka-sa-pomocnim-kotacem-za-rudu-prikolice-200-50/","308","/product/ruka-sa-pomocnim-kotacem-za-rudu-prikolice-200-50","",""
"product-sitemap3.xml","https://www.petroni.hr/en/product/ruka-sa-pomocnim-kotacem-za-rudu-prikolice-200-50/","308","/product/ruka-sa-pomocnim-kotacem-za-rudu-prikolice-200-50?lang=en","en",""
"product-sitemap3.xml","https://www.petroni.hr/proizvod/pumpa-za-vodu-carbest-12v-21-lit/","308","/product/pumpa-za-vodu-carbest-12v-21-lit-2-1bar","",""
"product-sitemap3.xml","https://www.petroni.hr/proizvod/blokator-osigurac-vrata-namjestaja-bijeli/","308","/product/blokator-osigurac-vrata-namjestaja-bijeli","",""
"product-sitemap3.xml","https://www.petroni.hr/en/product/blokator-osigurac-vrata-namjestaja-bijeli/","308","/product/blokator-osigurac-vrata-namjestaja-bijeli?lang=en","en",""
"product-sitemap3.xml","https://www.petroni.hr/proizvod/prozor-krovni-40x40-mpk-crystal/","308","/product/prozor-krovni-40x40-mpk-vision-crystal","",""
"product-sitemap3.xml","https://www.petroni.hr/en/product/prozor-krovni-40x40-mpk-crystal/","308","/product/prozor-krovni-40x40-mpk-vision-crystal?lang=en","en",""
"product-sitemap3.xml","https://www.petroni.hr/proizvod/hladnjak-kompresorski-stylencool-20-litara/","308","/product/hladnjak-kompresorski-style-n-cool-20-litara","",""
"product-sitemap3.xml","https://www.petroni.hr/proizvod/profil-zastitni-za-lim-mali-crni-5m/","308","/product/profil-zastitni-za-lim-mali-crni-5m","",""
"product-sitemap3.xml","https://www.petroni.hr/en/product/profil-zastitni-za-lim-mali-crni-5m/","308","/product/profil-zastitni-za-lim-mali-crni-5m?lang=en","en",""
"product-sitemap3.xml","https://www.petroni.hr/proizvod/svjetlo-gabaritno-prednje-gornje-led-hella/","308","/product/svjetlo-gabaritno-prednje-gornje-led-hella","",""
"product-sitemap3.xml","https://www.petroni.hr/en/product/svjetlo-gabaritno-prednje-gornje-led-hella/","308","/product/svjetlo-gabaritno-prednje-gornje-led-hella?lang=en","en",""
"product-sitemap3.xml","https://www.petroni.hr/proizvod/podupiraci-za-kamp-vozila-mobilne-kucice/","308","/product/podupiraci-za-kamp-vozila-4kom-mobilne-kucice","",""
"product-sitemap3.xml","https://www.petroni.hr/proizvod/prozor-bocni-lijevi-za-vw-transporte-t5-t6/","308","/product/prozor-bocni-lijevi-za-vw-transporter-t5-t6-2004","",""
"product-sitemap3.xml","https://www.petroni.hr/en/product/prozor-bocni-lijevi-za-vw-transporte-t5-t6/","308","/product/prozor-bocni-lijevi-za-vw-transporter-t5-t6-2004?lang=en","en",""
"product-sitemap3.xml","https://www.petroni.hr/proizvod/prozor-za-bocna-lijeva-klizna-vrata-vw-transporter-t5-t6-2004/","308","/product/prozor-bocni-desni-za-klizna-vrata-vw-transporter-t5-t6-2004","",""
"product-sitemap3.xml","https://www.petroni.hr/en/product/prozor-za-bocna-lijeva-klizna-vrata-vw-transporter-t5-t6-2004/","308","/product/prozor-bocni-desni-za-klizna-vrata-vw-transporter-t5-t6-2004?lang=en","en",""
"product-sitemap3.xml","https://www.petroni.hr/proizvod/brava-ulaznih-vrata-dometic-vanjski-dio/","308","/product/brava-ulaznih-vrata-dometic-vanjski-dio","",""
"product-sitemap3.xml","https://www.petroni.hr/proizvod/uvodnik-za-krovni-ulaz-kabela-dvostruki-bijeli/","308","/product/uvodnik-za-krovni-ulaz-kabela-dvostruki-bijeli","",""
"product-sitemap3.xml","https://www.petroni.hr/proizvod/prozor-ventilator-krovni-vechline-luxoso-cristall-40x40/","308","/product/prozor-ventilator-krovni-vechline-luxoso-cristall-40x40","",""
"product-sitemap3.xml","https://www.petroni.hr/proizvod/svjetlo-bocno-gornje-jokon-3/","308","/product/svjetlo-bocno-gornje-jokon-13478","",""
"product-sitemap3.xml","https://www.petroni.hr/en/product/svjetlo-bocno-gornje-jokon-3/","308","/product/svjetlo-bocno-gornje-jokon-13478?lang=en","en",""
"product-sitemap3.xml","https://www.petroni.hr/proizvod/kvaka-ulaznih-vrata-emka-213x56mm/","308","/product/kvaka-ulaznih-vrata-emka-213x56mm","",""
"product-sitemap3.xml","https://www.petroni.hr/proizvod/posuda-ekspanziona-carbest-075-lit-12-bar/","308","/product/posuda-ekspanziona-carbest-0-8-lit-1-2-bar","",""
"product-sitemap3.xml","https://www.petroni.hr/proizvod/brava-kupaonskih-vrata-push-lock/","308","/product/brava-kupaonskih-vrata-push-lock","",""
"product-sitemap3.xml","https://www.petroni.hr/proizvod/filter-za-shurflo-pumpu-vode-1-2-navoj-z-na-12-mm-crijevo/","308","/product/filter-za-shurflo-pumpu-vode-1-2-navoj-z-na-12-mm-crijevo","",""
"product-sitemap3.xml","https://www.petroni.hr/en/product/filter-za-shurflo-pumpu-vode-1-2-navoj-z-na-12-mm-crijevo/","308","/product/filter-za-shurflo-pumpu-vode-1-2-navoj-z-na-12-mm-crijevo?lang=en","en",""
"product-sitemap3.xml","https://www.petroni.hr/proizvod/prozor-bocni-600x550-sa-okvirom-polyplast-aero-opal/","308","/product/prozor-bocni-600x550-sa-okvirom-polyplast-aero","",""
"product-sitemap3.xml","https://www.petroni.hr/en/product/prozor-bocni-600x550-sa-okvirom-polyplast-aero-opal/","308","/product/prozor-bocni-600x550-sa-okvirom-polyplast-aero?lang=en","en",""
"product-sitemap3.xml","https://www.petroni.hr/proizvod/pumpa-za-vodu-12v-19-litara/","308","/product/pumpa-za-vodu-12v-19-litara","",""
"product-sitemap3.xml","https://www.petroni.hr/en/product/pumpa-za-vodu-12v-19-litara/","308","/product/pumpa-za-vodu-12v-19-litara?lang=en","en",""
"product-sitemap3.xml","https://www.petroni.hr/proizvod/pipa-mjesalica-za-vodu-florenz-12v-sa-prikljuckom-za-tus-1-2/","308","/product/pipa-mjesalica-za-vodu-florenz-12v-sa-prikljuckom-za-tus-1-2","",""
"product-sitemap3.xml","https://www.petroni.hr/en/product/pipa-mjesalica-za-vodu-florenz-12v-sa-prikljuckom-za-tus-1-2/","308","/product/pipa-mjesalica-za-vodu-florenz-12v-sa-prikljuckom-za-tus-1-2?lang=en","en",""
"product-sitemap3.xml","https://www.petroni.hr/proizvod/pipa-za-topl-hl-vodu-comet-london-bijela/","308","/product/pipa-za-vodu-topl-hl-comet-london-bijela","",""
"product-sitemap3.xml","https://www.petroni.hr/en/product/pipa-za-topl-hl-vodu-comet-london-bijela/","308","/product/pipa-za-vodu-topl-hl-comet-london-bijela?lang=en","en",""
"product-sitemap3.xml","https://www.petroni.hr/proizvod/elektronika-hladnjaka-thetford-n3000-sr-led-kit/","308","/product/elektronika-hladnjaka-thetford-n3000-sr-led-kit","",""
"product-sitemap3.xml","https://www.petroni.hr/proizvod/prozor-bocni-850x450-sa-alu-okvirom/","308","/product/prozor-bocni-850x450-sa-alu-okvirom","",""
"product-sitemap3.xml","https://www.petroni.hr/en/product/kabel-produzni-cee-25m-3x25mm2-neopren/","308","/product/kabel-produzni-cee-25m-3x2-5mm2-neopren?lang=en","en",""
"product-sitemap3.xml","https://www.petroni.hr/proizvod/utikac-12v-8a-upaljac-sa-osiguracem/","308","/product/utikac-12v-8a-upaljac-sa-osiguracem","",""
"product-sitemap3.xml","https://www.petroni.hr/proizvod/svjetlo-led-bocno-gabaritno-jokon-12v-1w-adria/","308","/product/svjetlo-led-bocno-gabaritno-jokon-12v-1w-adria","",""
"product-sitemap3.xml","https://www.petroni.hr/en/product/svjetlo-led-bocno-gabaritno-jokon-12v-1w-adria/","308","/product/svjetlo-led-bocno-gabaritno-jokon-12v-1w-adria?lang=en","en",""
"product-sitemap3.xml","https://www.petroni.hr/proizvod/brtvena-traka-terostat-274-25mm-x-25mm/","308","/product/brtvena-traka-terostat-274-25mm-x-2-5mm","",""
"product-sitemap3.xml","https://www.petroni.hr/proizvod/poklopac-kotaca-ukrasni-fiat-ducato-mali/","308","/product/poklopac-kotaca-ukrasni-9-fiat-ducato-za-15","",""
"product-sitemap3.xml","https://www.petroni.hr/proizvod/uticnica-za-upaljac-zidna-8a-12v-bez-okvira-anthracit/","308","/product/uticnica-za-upaljac-c-line-8a-12v-bez-okvira-anthracit","",""
"product-sitemap3.xml","https://www.petroni.hr/proizvod/okvir-ukrasni-za-saltere-i-uticnice-opal-anthracite/","308","/product/okvir-ukrasni-za-saltere-i-uticnice-opal-anthracite","",""
"product-sitemap3.xml","https://www.petroni.hr/proizvod/uticnica-tvsat-12v-smeda/","308","/product/uticnica-tv-sat-12v-smeda","",""
"product-sitemap3.xml","https://www.petroni.hr/en/product/uticnica-tvsat-12v-smeda/","308","/product/uticnica-tv-sat-12v-smeda?lang=en","en",""
"product-sitemap4.xml","https://www.petroni.hr/proizvod/sajla-sigurnosna-za-naletnu-kocnicu-prikolice/","308","/product/sajla-sigurnosna-za-naletnu-kocnicu-prikolice","",""
"product-sitemap4.xml","https://www.petroni.hr/proizvod/prozor-bocni-850x450-sa-alu-okvirom-led-pozadinska-rasvjeta/","308","/product/prozor-bocni-850x450-sa-alu-okvirom-led-pozadinska-rasvjeta","",""
"product-sitemap4.xml","https://www.petroni.hr/proizvod/svjetlo-vanjsko-ispod-tende-12v-9leds-236mm-bijelo/","308","/product/svjetlo-vanjsko-ispod-tende-12v-9leds-236mm-bijelo","",""
"product-sitemap4.xml","https://www.petroni.hr/proizvod/rolo-zavjese-sa-okvirom-za-prozor-900x450-carbest/","308","/product/zavjesa-rolo-sa-okvirom-za-prozor-900x450-carbest","",""
"product-sitemap4.xml","https://www.petroni.hr/proizvod/televizor-smart-carbest-12v-led-185/","308","/product/televizor-smart-carbest-12v-led-18-5","",""
"product-sitemap4.xml","https://www.petroni.hr/proizvod/tepih-za-predprostor-arisol-safari-250x500-plavi/","308","/product/tepih-za-predprostor-arisol-safari-250x500-plavi","",""
"product-sitemap4.xml","https://www.petroni.hr/en/product/tepih-za-predprostor-arisol-safari-250x500-plavi/","308","/product/tepih-za-predprostor-arisol-safari-250x500-plavi?lang=en","en",""
"product-sitemap4.xml","https://www.petroni.hr/proizvod/tepih-za-predsator-lux-500gr-5x2m/","308","/product/tepih-za-predprostor-lux-500gr-5x2-5m","",""
"product-sitemap4.xml","https://www.petroni.hr/en/product/tepih-za-predsator-lux-500gr-5x2m/","308","/product/tepih-za-predprostor-lux-500gr-5x2-5m?lang=en","en",""
"product-sitemap4.xml","https://www.petroni.hr/proizvod/matica-sa-mesinganim-ringom-fi-8-za-plinske-cijevi/","308","/product/matica-sa-mesinganim-ringom-fi-8-za-plinske-cijevi","",""
"product-sitemap4.xml","https://www.petroni.hr/proizvod/vodilica-kuka-za-zavjese-t-oblik-20kom/","308","/product/vodilica-kuka-za-zavjese-t-oblik-20kom","",""
"product-sitemap4.xml","https://www.petroni.hr/proizvod/brava-servisnih-vrata-zadi-opera-trigano/","308","/product/brava-servisnih-vrata-zadi-opera-trigano","",""
"product-sitemap4.xml","https://www.petroni.hr/en/product/brava-servisnih-vrata-zadi-opera-trigano/","308","/product/brava-servisnih-vrata-zadi-opera-trigano?lang=en","en",""
"product-sitemap4.xml","https://www.petroni.hr/proizvod/podizac-drza-prozora-europa-america-2r/","308","/product/podizac-drzac-prozora-europa-america-2r","",""
"product-sitemap4.xml","https://www.petroni.hr/proizvod/podizac-drzac-prozora-europa-america-3r/","308","/product/podizac-drzac-prozora-europa-america-3r","",""
"product-sitemap4.xml","https://www.petroni.hr/proizvod/podizac-drzac-prozora-europa-america-4r/","308","/product/podizac-drzac-prozora-europa-america-4r","",""
"product-sitemap4.xml","https://www.petroni.hr/proizvod/podizac-drzac-prozora-europa-america-5r/","308","/product/podizac-drzac-prozora-europa-america-5r","",""
"product-sitemap4.xml","https://www.petroni.hr/proizvod/podizac-drzac-prozora-europa-america-5r-2/","308","/product/podizac-drzac-prozora-europa-america-6r","",""
"product-sitemap4.xml","https://www.petroni.hr/proizvod/svjetlo-3-ce-stop-svjetlo-10-led/","308","/product/svjetlo-3-ce-stop-svjetlo-10-led","",""
"product-sitemap4.xml","https://www.petroni.hr/proizvod/rucica-za-ispust-otpadne-vode-fap-3-112cm/","308","/product/rucica-za-ispust-otpadne-vode-fap-3-112cm","",""
"product-sitemap4.xml","https://www.petroni.hr/proizvod/kljuc-zadi-za-kopiranje/","308","/product/kljuc-zadi-za-kopiranje","",""
"product-sitemap4.xml","https://www.petroni.hr/proizvod/kljuc-fap-new-system-za-kopiranje/","308","/product/kljuc-fap-new-system-za-kopiranje","",""
"product-sitemap4.xml","https://www.petroni.hr/proizvod/konektor-za-bocno-gabaritno-svjetlo-aspock/","308","/product/konektor-za-bocno-gabaritno-svjetlo-aspock","",""
"product-sitemap4.xml","https://www.petroni.hr/proizvod/sifon-kutni-9028mm-fi-39mm/","308","/product/sifon-kutni-9028mm-fi-39mm","",""
"product-sitemap4.xml","https://www.petroni.hr/proizvod/nosac-za-tv-caratec-cfa101l/","308","/product/nosac-za-tv-caratec-cfa101l","",""
"product-sitemap4.xml","https://www.petroni.hr/proizvod/adapter-bayonet-za-plinske-kartuse/","308","/product/adapter-bayonet-za-plinske-kartuse","",""
"product-sitemap4.xml","https://www.petroni.hr/proizvod/tus-vanjski-mobilni-12v-comet/","308","/product/tus-vanjski-mobilni-12v-comet","",""
"product-sitemap4.xml","https://www.petroni.hr/en/product/tus-vanjski-mobilni-12v-comet/","308","/product/tus-vanjski-mobilni-12v-comet?lang=en","en",""
"product-sitemap4.xml","https://www.petroni.hr/proizvod/adapteri-za-plinske-boce-crijeva-4-kom/","308","/product/adapteri-za-plinske-boce-crijeva-4-kom","",""
"product-sitemap4.xml","https://www.petroni.hr/proizvod/pojacivac-punjenja-baterija-dc-dc-40a-carbest/","308","/product/pojacivac-punjenja-baterija-dc-dc-40a-carbest","",""
"product-sitemap4.xml","https://www.petroni.hr/proizvod/pojacivac-punjenja-baterija-dc-dc-25a-carbest/","308","/product/pojacivac-punjenja-baterija-dc-dc-25a-carbest","",""
"product-sitemap4.xml","https://www.petroni.hr/en/product/pojacivac-punjenja-baterija-dc-dc-25a-carbest/","308","/product/pojacivac-punjenja-baterija-dc-dc-25a-carbest?lang=en","en",""
"product-sitemap4.xml","https://www.petroni.hr/proizvod/tekucina-za-pranje-crnila-sa-kamp-vozila-rinowash-075l/","308","/product/tekucina-za-pranje-crnila-sa-kamp-vozila-rinowash-0-75l","",""
"product-sitemap4.xml","https://www.petroni.hr/proizvod/kuciste-osiguraca-fs-k/","308","/product/kuciste-osiguraca-fs-k-sa-poklopcem","",""
"product-sitemap4.xml","https://www.petroni.hr/proizvod/prekrivac-za-kamp-prikolicu-55-59m/","308","/product/prekrivac-za-kamp-prikolicu-5-5-5-9m","",""
"product-sitemap4.xml","https://www.petroni.hr/en/product/prekrivac-za-kamp-prikolicu-55-59m/","308","/product/prekrivac-za-kamp-prikolicu-5-5-5-9m?lang=en","en",""
"product-sitemap4.xml","https://www.petroni.hr/proizvod/nivelator-3-nivoa-camco/","308","/product/nivelatori-3-nivoa-raptor-par","",""
"product-sitemap4.xml","https://www.petroni.hr/proizvod/pumpa-za-vodu-maas-12v-15-lit-min-15-bar-sa-nepov-ventilom/","308","/product/pumpa-za-vodu-maas-12v-15-lit-min-1-5-bar-sa-nepov-ventilom","",""
"product-sitemap4.xml","https://www.petroni.hr/en/product/pumpa-za-vodu-maas-12v-15-lit-min-15-bar-sa-nepov-ventilom/","308","/product/pumpa-za-vodu-maas-12v-15-lit-min-1-5-bar-sa-nepov-ventilom?lang=en","en",""
"product-sitemap4.xml","https://www.petroni.hr/en/product/uticnice-cee/","308","/product/uticnice-cee-17-bijela-128x108?lang=en","en",""
"product-sitemap4.xml","https://www.petroni.hr/proizvod/uticnice-cee/","308","/product/uticnice-cee-17-bijela-128x108","",""
"product-sitemap4.xml","https://www.petroni.hr/proizvod/hladnjak-kompresorski-mc-camp/","308","/product/hladnjak-kompresorski-mc-65l-camp","",""
"product-sitemap4.xml","https://www.petroni.hr/en/product/hladnjak-kompresorski-mc-camp/","308","/product/hladnjak-kompresorski-mc-65l-camp?lang=en","en",""
"product-sitemap4.xml","https://www.petroni.hr/proizvod/kit-za-popravak-bravice-zadi/","308","/product/kit-za-popravak-bravice-zadi","",""
"product-sitemap4.xml","https://www.petroni.hr/proizvod/sator-straznji-za-vw-caddy-5-premium-za-vw-caddy-5-od-2021/","308","/product/sator-straznji-za-vw-caddy-5-premium-za-vw-caddy-5-od-2021","",""
"product-sitemap4.xml","https://www.petroni.hr/en/product/prozor-krovni-fiamma-vent-50x50/","308","/product/prozor-krovni-fiamma-vent-50x50?lang=en","en",""
"product-sitemap4.xml","https://www.petroni.hr/proizvod/regulator-plina-truma-monocontrol-cs-30mbar/","308","/product/regulator-plina-truma-monocontrol-cs-30mbar","",""
"product-sitemap4.xml","https://www.petroni.hr/en/product/regulator-plina-truma-monocontrol-cs-30mbar/","308","/product/regulator-plina-truma-monocontrol-cs-30mbar?lang=en","en",""
"product-sitemap4.xml","https://www.petroni.hr/proizvod/pipa-tlacna-jednorucna-crom-d210mm/","308","/product/mjesalica-pipa-tlacna-jednorucna-crom-d-250mm","",""
"product-sitemap4.xml","https://www.petroni.hr/en/product/kartusa-plinska-220g-butan-100/","308","/product/kartusa-plinska-220g-butan-100?lang=en","en",""
"product-sitemap4.xml","https://www.petroni.hr/proizvod/nivelatori-carbest-125t-kom/","308","/product/nivelatori-carbest-1-25t-kom","",""
"product-sitemap4.xml","https://www.petroni.hr/en/product/dodatni-retrovizori-za-vucu-prikolica-2/","308","/product/retrovizori-dodatni-za-vucu-prikolica-reich-xxl?lang=en","en",""
"product-sitemap4.xml","https://www.petroni.hr/proizvod/tenda-thule-5200-45m-bijela/","308","/product/tenda-thule-5200-4-5m-bijela","",""
"product-sitemap4.xml","https://www.petroni.hr/proizvod/adapter-za-krovni-prozor-700x500-mpk/","308","/product/adapter-za-krovni-prozor-700x500-mpk","",""
"product-sitemap4.xml","https://www.petroni.hr/proizvod/napa-dometic-ck400/","308","/product/napa-dometic-ck400","",""
"product-sitemap4.xml","https://www.petroni.hr/proizvod/ventil-za-ispust-otpadne-vode-1-1-2-sa-rucicom-60cm/","308","/product/ventil-za-ispust-otpadne-vode-1-1-2-sa-rucicom-60cm","",""
"product-sitemap4.xml","https://www.petroni.hr/en/product/ventil-za-ispust-otpadne-vode-1-1-2-sa-rucicom-60cm/","308","/product/ventil-za-ispust-otpadne-vode-1-1-2-sa-rucicom-60cm?lang=en","en",""
"product-sitemap4.xml","https://www.petroni.hr/proizvod/ring-spojnice-fi-8-za-plinske-cijevi/","308","/product/ring-spojnice-fi-8-za-plinske-cijevi","",""
"product-sitemap4.xml","https://www.petroni.hr/proizvod/kvaka-vrata-kupaone/","308","/product/kvaka-vrata-kupaone","",""
"product-sitemap4.xml","https://www.petroni.hr/proizvod/kuhalo-plinsko-kemper-577-smart-stove/","308","/product/kuhalo-plinsko-kemper-577-smart-stove","",""
"product-sitemap4.xml","https://www.petroni.hr/en/product/panti-za-namjestaj-97x42-59x42-par/","308","/product/panti-za-namjestaj-97x42-59x42-par?lang=en","en",""
"product-sitemap4.xml","https://www.petroni.hr/proizvod/brava-vrata-zadi-univerzalna-sa-kljucem-i-cilindrom-komplet/","308","/product/brava-vrata-zadi-univerzalna-sa-kljucem-i-cilindrom-desna-komplet","",""
"product-sitemap4.xml","https://www.petroni.hr/en/product/brava-vrata-zadi-univerzalna-sa-kljucem-i-cilindrom-komplet/","308","/product/brava-vrata-zadi-univerzalna-sa-kljucem-i-cilindrom-desna-komplet?lang=en","en",""
"product-sitemap4.xml","https://www.petroni.hr/proizvod/brava-vrata-zadi-univerzalna-sa-kljucem-i-cilindrom/","308","/product/brava-vrata-zadi-univerzalna-sa-kljucem-i-cilindrom","",""
"product-sitemap4.xml","https://www.petroni.hr/en/product/brava-vrata-zadi-univerzalna-sa-kljucem-i-cilindrom/","308","/product/brava-vrata-zadi-univerzalna-sa-kljucem-i-cilindrom?lang=en","en",""
"product-sitemap4.xml","https://www.petroni.hr/proizvod/termozastita-prednjih-stakala-kabine-fiat-ducato-x244-20022006/","308","/product/termozastita-kabine-fiat-ducato-x244-2002-2006","",""
"product-sitemap4.xml","https://www.petroni.hr/en/product/termozastita-prednjih-stakala-kabine-fiat-ducato-x244-20022006/","308","/product/termozastita-kabine-fiat-ducato-x244-2002-2006?lang=en","en",""
"product-sitemap4.xml","https://www.petroni.hr/proizvod/prozor-krovni-extrafan-28x28-sa-ventilatorom/","308","/product/prozor-krovni-extrafan-28x28-sa-ventilatorom","",""
"product-sitemap4.xml","https://www.petroni.hr/proizvod/fresh-set-za-thetford-wc-c250-260/","308","/product/kazeta-za-thetford-wc-c250-260-fresh-up-set","",""
"product-sitemap4.xml","https://www.petroni.hr/proizvod/svjetlo-gabaritno-zadnje-gornje-led-hella/","308","/product/svjetlo-gabaritno-zadnje-gornje-led-hella","",""
"product-sitemap4.xml","https://www.petroni.hr/en/product/svjetlo-gabaritno-zadnje-gornje-led-hella/","308","/product/svjetlo-gabaritno-zadnje-gornje-led-hella?lang=en","en",""
"product-sitemap4.xml","https://www.petroni.hr/proizvod/cep-sa-prikljuckom-za-punjenje-vode/","308","/product/cep-sa-prikljuckom-za-punjenje-vode","",""
"product-sitemap4.xml","https://www.petroni.hr/proizvod/solar-set-carbest-190w-fullblack/","308","/product/solar-set-carbest-190w-fullblack","",""
"product-sitemap4.xml","https://www.petroni.hr/en/product/solar-set-carbest-190w-fullblack/","308","/product/solar-set-carbest-190w-fullblack?lang=en","en",""
"product-sitemap4.xml","https://www.petroni.hr/proizvod/podupirac-aluminijski-1t-set-4kom/","308","/product/podupirac-aluminijski-1t-set-4kom","",""
"product-sitemap4.xml","https://www.petroni.hr/en/product/podupirac-aluminijski-1t-set-4kom/","308","/product/podupirac-aluminijski-1t-set-4kom?lang=en","en",""
"product-sitemap4.xml","https://www.petroni.hr/proizvod/vaga-za-rudu-prikolice-50-100kg-aluminijska/","308","/product/vaga-za-kontrolu-opterecenja-rude-50-100kg-aluminijska","",""
"product-sitemap4.xml","https://www.petroni.hr/proizvod/krovni-prozor-28x28-sa-ventilatorom-12v/","308","/product/krovni-prozor-28x28-sa-ventilatorom-12v","",""
"product-sitemap4.xml","https://www.petroni.hr/en/product/krovni-prozor-28x28-sa-ventilatorom-12v/","308","/product/krovni-prozor-28x28-sa-ventilatorom-12v?lang=en","en",""
"product-sitemap4.xml","https://www.petroni.hr/proizvod/tus-vanjski-topla-i-hladna-voda-lilie/","308","/product/tus-vanjski-topla-i-hladna-voda-lilie","",""
"product-sitemap4.xml","https://www.petroni.hr/proizvod/cep-slijepi-fi-8-za-plinske-cijevi/","308","/product/cep-slijepi-fi-8-za-plinske-cijevi","",""
"product-sitemap4.xml","https://www.petroni.hr/proizvod/cilindar-2-kljuca-hsc-fap/","308","/product/cilindar-2-kljuca-hsc-fap","",""
"product-sitemap4.xml","https://www.petroni.hr/proizvod/prekrivac-za-kamp-prikolicu-590-630cm/","308","/product/prekrivac-za-kamp-prikolicu-590-630cm","",""
"product-sitemap4.xml","https://www.petroni.hr/proizvod/zavjesa-za-zastitu-od-sunca-za-tendu-duzine-3m/","308","/product/zavjesa-za-zastitu-od-sunca-za-tendu-duzine-3m","",""
"product-sitemap4.xml","https://www.petroni.hr/proizvod/okvir-sa-zavjesama-za-prozor-800x450-crni/","308","/product/okvir-sa-zavjesama-za-prozor-800x450-crni","",""
"product-sitemap4.xml","https://www.petroni.hr/proizvod/mover-carbest-cara-move-titanium/","308","/product/mover-carbest-cara-move-titanium","",""
"product-sitemap4.xml","https://www.petroni.hr/proizvod/mover/","308","/product/mover-titanium-anthrazit-poluautomatski","",""
"product-sitemap4.xml","https://www.petroni.hr/proizvod/resetka-ventilacije-vrata-za-plin-270x120mm/","308","/product/resetka-ventilacije-vrata-za-plin-270x120mm","",""
"product-sitemap4.xml","https://www.petroni.hr/proizvod/retrovizor-dodatni-za-vucu-prikolica-falcon/","308","/product/retrovizor-dodatni-za-vucu-prikolica-falcon","",""
"product-sitemap4.xml","https://www.petroni.hr/proizvod/brtvilo-otvora-wc-kazete-dometic/","308","/product/brtvilo-otvora-wc-kazete-dometic-ct3000-4000","",""
"product-sitemap4.xml","https://www.petroni.hr/proizvod/svjetlo-kocnica-stop-svjetlo-jokon/","308","/product/svjetlo-poziciono-stop-svjetlo-jokon-710","",""
"product-sitemap4.xml","https://www.petroni.hr/en/product/svjetlo-kocnica-stop-svjetlo-jokon/","308","/product/svjetlo-poziciono-stop-svjetlo-jokon-710?lang=en","en",""
"product-sitemap4.xml","https://www.petroni.hr/proizvod/pomocna-ruka-sa-kotacem-za-prikolice-200x50-fi-48mm/","308","/product/kotac-pomocni-sa-podiznim-mehanizmom-200x50-fi-48mm","",""
"product-sitemap4.xml","https://www.petroni.hr/proizvod/adapter-za-punjenje-plinskih-boca/","308","/product/adapter-za-punjenje-plinskih-boca","",""
"product-sitemap4.xml","https://www.petroni.hr/proizvod/bojler-grijac-vode-cosywater-8-12v-200w/","308","/product/bojler-grijac-vode-cosywater-8-12v-200w","",""
"product-sitemap4.xml","https://www.petroni.hr/proizvod/pipa-mjesalica-roma-sa-tusem-london/","308","/product/pipa-mjesalica-roma-sa-tusem-london","",""
"product-sitemap4.xml","https://www.petroni.hr/proizvod/ruka-za-ucvrscivanje-bicikla-na-nosacu-fiamma-s2/","308","/product/ruka-za-ucvrscivanje-bicikla-na-nosacu-fiamma-s2","",""
"product-sitemap4.xml","https://www.petroni.hr/proizvod/ruka-za-ucvrscivanje-bicikla-na-nosacu-fiamma-s3/","308","/product/ruka-za-ucvrscivanje-bicikla-na-nosacu-fiamma-s3","",""
"product-sitemap4.xml","https://www.petroni.hr/proizvod/mjesalica-za-tus-twist-reich-za-adria-modele/","308","/product/mjesalica-za-tus-twist-reich-za-adria-modele","",""
"product-sitemap4.xml","https://www.petroni.hr/proizvod/bravica-za-namjestaj-push-matt-chrom/","308","/product/bravica-za-namjestaj-push-matt-chrom","",""
"product-sitemap4.xml","https://www.petroni.hr/en/product/bravica-za-namjestaj-push-matt-chrom/","308","/product/bravica-za-namjestaj-push-matt-chrom?lang=en","en",""
"product-sitemap4.xml","https://www.petroni.hr/proizvod/glava-tusa-sa-prikljucnim-crijevom-reich-charisma/","308","/product/glava-tusa-sa-prikljucnim-crijevom-reich-charisma","",""
"product-sitemap4.xml","https://www.petroni.hr/proizvod/adapter-za-krovni-prozor-700x500-za-fiat-ducato/","308","/product/adapter-za-krovni-prozor-700x500-za-fiat-ducato","",""
"product-sitemap4.xml","https://www.petroni.hr/proizvod/prozor-krovni-fiamma-vent-50x50/","308","/product/prozor-krovni-fiamma-vent-50x50","",""
"product-sitemap4.xml","https://www.petroni.hr/proizvod/kartusa-plinska-220g-butan-100/","308","/product/kartusa-plinska-220g-butan-100","",""
"product-sitemap4.xml","https://www.petroni.hr/proizvod/dodatni-retrovizori-za-vucu-prikolica/","308","/product/retrovizori-dodatni-za-vucu-prikolica-reich-xxl","",""
"product-sitemap4.xml","https://www.petroni.hr/proizvod/spremnik-za-vodu-90-litara/","308","/product/spremnik-za-vodu-90-litara","",""
"product-sitemap4.xml","https://www.petroni.hr/proizvod/spremnik-za-vodu-120-litara/","308","/product/spremnik-za-vodu-120-litara","",""
"product-sitemap4.xml","https://www.petroni.hr/proizvod/spremnik-za-vodu-85-litara/","308","/product/spremnik-za-vodu-85-litara","",""
"product-sitemap4.xml","https://www.petroni.hr/proizvod/cetka-za-pranje-vozila-navojna/","308","/product/cetka-za-pranje-vozila-navojna","",""
"product-sitemap4.xml","https://www.petroni.hr/proizvod/tablete-za-wc-kazetu-camp4-all-tabs-15kom/","308","/product/tablete-za-wc-kazetu-camp4-all-tabs-15kom","",""
"product-sitemap4.xml","https://www.petroni.hr/proizvod/podloske-stabilizator-nogica-za-kamp-prikolicu/","308","/product/podloske-stabilizator-nogica-za-kamp-prikolicu","",""
"product-sitemap4.xml","https://www.petroni.hr/proizvod/set-za-montazu-spremnika-otpadne-vode-ispod-vozila/","308","/product/set-za-montazu-spremnika-otpadne-vode-ispod-vozila","",""
"product-sitemap4.xml","https://www.petroni.hr/proizvod/spojka-brza-90-jg-12mm-1-2/","308","/product/spojka-brza-90-jg-12mm-1-2","",""
"product-sitemap4.xml","https://www.petroni.hr/proizvod/ventil-nepovratni-bw-fi-10mm/","308","/product/ventil-nepovratni-bw-fi-10mm","",""
"product-sitemap4.xml","https://www.petroni.hr/proizvod/felga-za-prikolicu-14-p14x55-5x112x671-et30/","308","/product/felga-za-prikolicu-14-p14x5-5-5x112x67-1-et30","",""
"product-sitemap4.xml","https://www.petroni.hr/proizvod/crijevo-za-plin-sa-sigurnosnim-ventilom-truma-g8-2/","308","/product/crijevo-za-plin-75cm-sa-sig-ventilom-truma-g8-hr","",""
"product-sitemap4.xml","https://www.petroni.hr/proizvod/akumulator-lifepo4-eco-100ah/","308","/product/akumulator-lifepo4-eco-100ah","",""
"product-sitemap4.xml","https://www.petroni.hr/proizvod/klima-uredaj-teleco-e-van-3-7400h-21kw-crni/","308","/product/klima-uredaj-teleco-e-van-3-7400h-2-1kw-crni","",""
"product-sitemap4.xml","https://www.petroni.hr/proizvod/klima-uredaj-sr-mecair-crw17-premium-1700w/","308","/product/klima-uredaj-sr-mecatronic-crw17-premium-1700w","",""
"product-sitemap4.xml","https://www.petroni.hr/en/product/klima-uredaj-sr-mecair-crw17-premium-1700w/","308","/product/klima-uredaj-sr-mecatronic-crw17-premium-1700w?lang=en","en",""
"product-sitemap4.xml","https://www.petroni.hr/proizvod/podizac-vrata-namjestaja/","308","/product/podizac-vrata-namjestaja","",""
"product-sitemap4.xml","https://www.petroni.hr/proizvod/susilo-za-kosu-12v-150w/","308","/product/susilo-za-kosu-12v-150w","",""
"product-sitemap4.xml","https://www.petroni.hr/proizvod/tekucina-za-ispiranje-fiamma-super-rinse-1-lit/","308","/product/tekucina-za-ispiranje-fiamma-super-rinse-1-lit","",""
"product-sitemap4.xml","https://www.petroni.hr/proizvod/pipa-mjesalica-sa-tusem-12v-parma-comet/","308","/product/pipa-mjesalica-sa-tusem-12v-parma-comet","",""
"product-sitemap4.xml","https://www.petroni.hr/proizvod/traka-za-ucvrscivanje-kotaca-bicikla-na-nosacu-39cm-2kom/","308","/product/traka-za-ucvrscivanje-kotaca-bicikla-na-nosacu-39cm-2kom","",""
"product-sitemap4.xml","https://www.petroni.hr/proizvod/ljepilo-za-zidove-kampera-i-kamp-prikolica-caravan-kleber-145-31hv-310ml/","308","/product/ljepilo-za-zidove-kampera-i-kamp-prikolica-caravan-kleber-145-31hv-310ml","",""
"product-sitemap4.xml","https://www.petroni.hr/en/product/ljepilo-za-zidove-kampera-i-kamp-prikolica-caravan-kleber-145-31hv-310ml/","308","/product/ljepilo-za-zidove-kampera-i-kamp-prikolica-caravan-kleber-145-31hv-310ml?lang=en","en",""
"product-sitemap4.xml","https://www.petroni.hr/proizvod/regulator-solarnog-punjenja-victron-mppt-100-30/","308","/product/regulator-solarnog-punjenja-victron-mppt-100-30","",""
"product-sitemap4.xml","https://www.petroni.hr/proizvod/tekucina-za-ciscenje-thetford-duo-tank-cleaner-800ml-konzentrat/","308","/product/tekucina-za-ciscenje-thetford-duo-tank-cleaner-800ml-konzentrat","",""
"product-sitemap4.xml","https://www.petroni.hr/proizvod/mreza-za-ocjedivanja-posuda-fi-33/","308","/product/mreza-za-ocjedivanja-posuda-fi-33-siva","",""
"product-sitemap4.xml","https://www.petroni.hr/proizvod/svjetlo-pokazivac-smjera-jokon-zmigavac/","308","/product/svjetlo-pokazivac-smjera-jokon-710-zmigavac","",""
"product-sitemap4.xml","https://www.petroni.hr/en/product/svjetlo-pokazivac-smjera-jokon-zmigavac/","308","/product/svjetlo-pokazivac-smjera-jokon-710-zmigavac?lang=en","en",""
"product-sitemap4.xml","https://www.petroni.hr/proizvod/svjetlo-za-maglu-jokon/","308","/product/svjetlo-za-maglu-jokon","",""
"product-sitemap4.xml","https://www.petroni.hr/en/product/svjetlo-za-maglu-jokon/","308","/product/svjetlo-za-maglu-jokon?lang=en","en",""
"product-sitemap4.xml","https://www.petroni.hr/proizvod/kazeta-za-wc-thethford-c220-fresh-up-set/","308","/product/kazeta-za-wc-thethford-c220-fresh-up-set","",""
"product-sitemap4.xml","https://www.petroni.hr/en/product/kazeta-za-wc-thethford-c220-fresh-up-set/","308","/product/kazeta-za-wc-thethford-c220-fresh-up-set?lang=en","en",""
"product-sitemap4.xml","https://www.petroni.hr/proizvod/bocni-desni-prozor-na-kliznim-vratima-fiat-ducato-od-2007/","308","/product/prozor-bocni-desni-za-klizna-vrata-fiat-ducato-od-2007","",""
"product-sitemap4.xml","https://www.petroni.hr/en/product/bocni-desni-prozor-na-kliznim-vratima-fiat-ducato-od-2007/","308","/product/prozor-bocni-desni-za-klizna-vrata-fiat-ducato-od-2007?lang=en","en",""
"product-sitemap4.xml","https://www.petroni.hr/proizvod/crijevo-za-plin-sb-15m-fi-8mm/","308","/product/crijevo-za-plin-sb-1-5m-fi-8mm","",""
"product-sitemap4.xml","https://www.petroni.hr/en/product/crijevo-za-plin-sb-15m-fi-8mm/","308","/product/crijevo-za-plin-sb-1-5m-fi-8mm?lang=en","en",""
"product-sitemap4.xml","https://www.petroni.hr/proizvod/crijevo-za-plin-80cm-do-30c-1-41-4/","308","/product/crijevo-za-plin-80cm-do-30c-1-4-1-4","",""
"product-sitemap4.xml","https://www.petroni.hr/proizvod/klocne-za-kotace-sa-drzacem-set-2-kom/","308","/product/klocne-za-kotace-sa-drzacem-set-2-kom","",""
"product-sitemap4.xml","https://www.petroni.hr/proizvod/regulator-za-plin-gok-u-forma-90-30mbar/","308","/product/regulator-za-plin-gok-u-forma-90-30mbar","",""
"product-sitemap4.xml","https://www.petroni.hr/proizvod/mehanizam-za-preklopni-stol/","308","/product/mehanizam-za-preklopni-stol","",""
"product-sitemap4.xml","https://www.petroni.hr/proizvod/prekrivac-za-kamp-prikolicu-670/","308","/product/prekrivac-za-kamp-prikolicu-630-670","",""
"product-sitemap4.xml","https://www.petroni.hr/proizvod/svjetlo-gabaritno-donje-aspock/","308","/product/svjetlo-gabaritno-donje-aspock","",""
"product-sitemap4.xml","https://www.petroni.hr/proizvod/podizac-drzac-prozora-polyplast-200mm-lijevi/","308","/product/podizac-drzac-prozora-polyplast-200mm-lijevi","",""
"product-sitemap4.xml","https://www.petroni.hr/en/product/podizac-drzac-prozora-polyplast-200mm-lijevi/","308","/product/podizac-drzac-prozora-polyplast-200mm-lijevi?lang=en","en",""
"product-sitemap4.xml","https://www.petroni.hr/proizvod/podizac-stakla-polyplast-200mm-desni/","308","/product/podizac-stakla-polyplast-200mm-desni","",""
"product-sitemap4.xml","https://www.petroni.hr/proizvod/punjac-baterija-renogy-35a-ac-dc/","308","/product/punjac-baterija-renogy-35a-ac-dc","",""
"product-sitemap4.xml","https://www.petroni.hr/proizvod/resetka-ventilacijska-za-prednje-prozore-ford-transit-v363-5-2014/","308","/product/resetka-ventilacijska-za-prednje-prozore-ford-transit-v363-5-2014","",""
"product-sitemap4.xml","https://www.petroni.hr/proizvod/okvir-sa-zavjesama-remiflair-700x550/","308","/product/okvir-sa-zavjesama-remiflair-700x550","",""
"product-sitemap4.xml","https://www.petroni.hr/proizvod/kuciste-osiguraca-50a/","308","/product/kuciste-osiguraca-50a","",""
"product-sitemap4.xml","https://www.petroni.hr/en/product/osigurac-trakasti-metalni-50a/","308","/product/osigurac-trakasti-metalni-50a?lang=en","en",""
"product-sitemap4.xml","https://www.petroni.hr/proizvod/osigurac-trakasti-metalni-50a/","308","/product/osigurac-trakasti-metalni-50a","",""
"product-sitemap4.xml","https://www.petroni.hr/en/product/lampa-led-12v-okrugla-sa-prekidacem/","410","","","removed_product"
"product-sitemap4.xml","https://www.petroni.hr/proizvod/svjetlo-stropno-led-ossosona-touch/","308","/product/svjetlo-stropno-led-ossona-touch","",""
"product-sitemap4.xml","https://www.petroni.hr/proizvod/panti-za-namjestaj-97x42-59x42-par/","308","/product/panti-za-namjestaj-97x42-59x42-par","",""
"product-sitemap4.xml","https://www.petroni.hr/proizvod/hvatac-drzac-vrata-siena-h-line/","308","/product/hvatac-drzac-vrata-siena-h-line","",""
"product-sitemap4.xml","https://www.petroni.hr/proizvod/pant-za-vrata-ledenice-dometic-hladnjaka-rm6401l/","308","/product/pant-za-vrata-ledenice-dometic-hladnjaka-rm6401l","",""
"product-sitemap4.xml","https://www.petroni.hr/en/product/pant-za-vrata-ledenice-dometic-hladnjaka-rm6401l/","308","/product/pant-za-vrata-ledenice-dometic-hladnjaka-rm6401l?lang=en","en",""
"product-sitemap4.xml","https://www.petroni.hr/proizvod/mjesalica-pipa-jednorucna-sa-tusem-kama-12v-sa-salterom/","308","/product/mjesalica-pipa-jednorucna-sa-tusem-kama-12v-sa-salterom","",""
"product-sitemap4.xml","https://www.petroni.hr/en/product/mjesalica-pipa-jednorucna-sa-tusem-kama-12v-sa-salterom/","308","/product/mjesalica-pipa-jednorucna-sa-tusem-kama-12v-sa-salterom?lang=en","en",""
"product-sitemap4.xml","https://www.petroni.hr/proizvod/cep-za-vodu-saprikljuckom-za-utakanje/","308","/product/cep-za-vodu-saprikljuckom-za-utakanje","",""
"product-sitemap4.xml","https://www.petroni.hr/proizvod/brava-zadi-push-57x47mm-bijela/","308","/product/brava-zadi-push-57x47mm-bijela","",""
"product-sitemap4.xml","https://www.petroni.hr/proizvod/klima-uredaj-mestic-rta-1700l/","308","/product/klima-uredaj-mestic-rta-1700l","",""
"product-sitemap4.xml","https://www.petroni.hr/proizvod/adapter-za-krovne-otvore-40x40cm/","308","/product/adapter-za-krovne-otvore-40x40cm","",""
"product-sitemap4.xml","https://www.petroni.hr/proizvod/prozor-krovni-carbest-702x502mm/","308","/product/prozor-krovni-carbest-702x502mm","",""
"product-sitemap4.xml","https://www.petroni.hr/proizvod/uticnica-12v-zidna-sa-poklopcem-crna/","308","/product/uticnica-12v-zidna-sa-poklopcem-crna","",""
"product-sitemap4.xml","https://www.petroni.hr/proizvod/pipa-mjesalica-12v-trend/","308","/product/pipa-mjesalica-12v-trend","",""
"product-sitemap4.xml","https://www.petroni.hr/proizvod/uvodnik-za-krovni-ulaz-kabela-crni-dvostruki/","308","/product/uvodnik-za-krovni-ulaz-kabela-crni-dvostruki","",""
"product-sitemap4.xml","https://www.petroni.hr/en/product/uvodnik-za-krovni-ulaz-kabela-crni-dvostruki/","308","/product/uvodnik-za-krovni-ulaz-kabela-crni-dvostruki?lang=en","en",""
"product-sitemap4.xml","https://www.petroni.hr/proizvod/wc-prijenosni-kemijski-comfort-15-lit/","308","/product/wc-prijenosni-kemijski-comfort-15-lit","",""
"product-sitemap4.xml","https://www.petroni.hr/proizvod/brtvena-masa-ljepilo-tekaflex-ms40-290ml-bijela/","308","/product/brtvena-masa-ljepilo-tekaflex-ms40-290ml-bijela","",""
"product-sitemap4.xml","https://www.petroni.hr/en/product/brtvena-masa-ljepilo-tekaflex-ms40-290ml-bijela/","308","/product/brtvena-masa-ljepilo-tekaflex-ms40-290ml-bijela?lang=en","en",""
"product-sitemap4.xml","https://www.petroni.hr/proizvod/klima-uredaj-carbest-15kw-5000btu-h/","308","/product/klima-uredaj-carbest-1-5kw-5000btu-h","",""
"product-sitemap4.xml","https://www.petroni.hr/proizvod/odzracivac-lufter-200m/","308","/product/odzracivac-lufter-85-200mm","",""
"product-sitemap4.xml","https://www.petroni.hr/proizvod/tepih-za-predprostor-keep-camp-250x500cm/","308","/product/tepih-za-predprostor-keep-camp-250x500cm","",""
"product-sitemap4.xml","https://www.petroni.hr/proizvod/keder-pvc-promjer-75mm-5m/","308","/product/keder-pvc-promjer-7-5mm-5m","",""
"product-sitemap4.xml","https://www.petroni.hr/en/product/podizac-prozora-t-plastoform-lijevi-185-245mm/","308","/product/podizac-prozora-t-plastoform-lijevi-185-245mm?lang=en","en",""
"product-sitemap4.xml","https://www.petroni.hr/proizvod/podizac-prozora-t-plastoform-lijevi-185-245mm/","308","/product/podizac-prozora-t-plastoform-lijevi-185-245mm","",""
"product-sitemap4.xml","https://www.petroni.hr/proizvod/brava-za-ulazana-vrata-za-kamp-vozila/","308","/product/brava-za-ulazana-vrata-fap","",""
"product-sitemap4.xml","https://www.petroni.hr/proizvod/cilindar-i-kljuc-fap4300-set/","308","/product/cilindar-i-kljuc-fap4300-br-80-set","",""
"product-sitemap4.xml","https://www.petroni.hr/en/product/sina-i-prihvati-za-pricvrscivanje-stola-na-zid-stilo/","308","/product/sina-i-prihvati-za-pricvrscivanje-stola-na-zid-stilo-knaus?lang=en","en",""
"product-sitemap4.xml","https://www.petroni.hr/proizvod/sina-i-prihvati-za-pricvrscivanje-stola-na-zid-stilo/","308","/product/sina-i-prihvati-za-pricvrscivanje-stola-na-zid-stilo-knaus","",""
"product-sitemap4.xml","https://www.petroni.hr/proizvod/krovni-prozor-40x40-extravent/","308","/product/krovni-prozor-40x40-extravent","",""
"product-sitemap4.xml","https://www.petroni.hr/proizvod/profil-gumeni-za-brtvljenje-ulaznih-vrata-sivi/","308","/product/profil-gumeni-za-brtvljenje-ulaznih-vrata-sivi","",""
"product-sitemap4.xml","https://www.petroni.hr/en/product/profil-gumeni-za-brtvljenje-ulaznih-vrata-sivi/","308","/product/profil-gumeni-za-brtvljenje-ulaznih-vrata-sivi?lang=en","en",""
"product-sitemap4.xml","https://www.petroni.hr/proizvod/vaga-za-kontrolu-opterecenja/","308","/product/vaga-za-kontrolu-opterecenja-rude-50-100kg","",""
"product-sitemap4.xml","https://www.petroni.hr/en/product/vaga-za-kontrolu-opterecenja/","308","/product/vaga-za-kontrolu-opterecenja-rude-50-100kg?lang=en","en",""
"product-sitemap4.xml","https://www.petroni.hr/proizvod/stepenice-bermuda-2-gazista/","308","/product/stepenice-bermuda-2-gazista-crne","",""
"product-sitemap4.xml","https://www.petroni.hr/proizvod/tekucina-thetford-aqua-rinse-concentrat-750ml/","308","/product/tekucina-thetford-aqua-rinse-concentrat-750ml","",""
"product-sitemap4.xml","https://www.petroni.hr/en/product/tekucina-thetford-aqua-rinse-concentrat-750ml/","308","/product/tekucina-thetford-aqua-rinse-concentrat-750ml?lang=en","en",""
"product-sitemap4.xml","https://www.petroni.hr/proizvod/klima-uredaj-mestic-split-spa3100-900w/","308","/product/klima-uredaj-mestic-split-spa3100-900w","",""
"product-sitemap4.xml","https://www.petroni.hr/proizvod/ploca-upozorenja-50x50-za-italiju-i-spanjolsku-dvostrana/","308","/product/ploca-upozorenja-50x50-za-italiju-i-spanjolsku-dvostrana","",""
"product-sitemap4.xml","https://www.petroni.hr/proizvod/prozor-krovni-tf40-40x40-sa-kurblicom/","308","/product/prozor-krovni-tf40-40x40-sa-kurblicom","",""
"product-sitemap4.xml","https://www.petroni.hr/en/product/prozor-krovni-tf40-40x40-sa-kurblicom/","308","/product/prozor-krovni-tf40-40x40-sa-kurblicom?lang=en","en",""
"product-sitemap4.xml","https://www.petroni.hr/proizvod/prihvat-sipke-predsatora-vertikalni-plasticni/","308","/product/drzac-za-sipke-predsatora-vertikalni-plasticni-5kom","",""
"product-sitemap4.xml","https://www.petroni.hr/en/product/bravica-vrata-zadi-mala-s-kljucem/","308","/product/bravica-vrata-zadi-mala-s-kljucem?lang=en","en",""
"product-sitemap4.xml","https://www.petroni.hr/proizvod/bravica-vrata-zadi-mala-s-kljucem/","308","/product/bravica-vrata-zadi-mala-s-kljucem","",""
"product-sitemap4.xml","https://www.petroni.hr/proizvod/podizac-prozora-t-polyplast-230mm-desni/","308","/product/podizac-prozora-t-polyplast-230mm-desni","",""
"product-sitemap4.xml","https://www.petroni.hr/proizvod/pumpa-za-vodu-12v-16-lit-min-carbest/","308","/product/pumpa-za-vodu-12v-16-lit-min-carbest","",""
"product-sitemap4.xml","https://www.petroni.hr/proizvod/svjetlo-bocno-donje-led/","308","/product/svjetlo-bocno-donje-led-aspock","",""
"product-sitemap4.xml","https://www.petroni.hr/en/product/svjetlo-bocno-donje-led/","308","/product/svjetlo-bocno-donje-led-aspock?lang=en","en",""
"product-sitemap4.xml","https://www.petroni.hr/proizvod/brava-vrata-fap-sa-kljucem-i-cilindrom-150x150mm/","308","/product/brava-vrata-fap-sa-kljucem-i-cilindrom-150x150mm","",""
"product-sitemap4.xml","https://www.petroni.hr/proizvod/krovni-prozor-extravent-70x50/","308","/product/krovni-prozor-extravent-70x50","",""
"product-sitemap4.xml","https://www.petroni.hr/proizvod/bravica-sa-klucem-i-cilindrom-fap/","308","/product/bravica-sa-klucem-i-cilindrom-fap","",""
"product-sitemap4.xml","https://www.petroni.hr/en/product/bravica-sa-klucem-i-cilindrom-fap/","308","/product/bravica-sa-klucem-i-cilindrom-fap?lang=en","en",""
"product-sitemap4.xml","https://www.petroni.hr/proizvod/termozastita-vanjska-ford-transit-14/","308","/product/termozastita-kabine-vanjska-ford-transit-14","",""
"product-sitemap4.xml","https://www.petroni.hr/proizvod/termozastita-unutarnja-za-ford-transit-2014/","308","/product/termozastita-unutarnja-za-ford-transit-2014","",""
"product-sitemap4.xml","https://www.petroni.hr/proizvod/podizac-prozora-poly-t-210mm-desna/","308","/product/podizac-prozora-poly-t-210mm-desna","",""
"product-sitemap4.xml","https://www.petroni.hr/proizvod/podizac-prozora-poly-t-210mm-lijevi/","308","/product/podizac-prozora-poly-t-210mm-lijevi","",""
"product-sitemap4.xml","https://www.petroni.hr/en/product/uticnica-cee-crna/","308","/product/uticnica-cee-crna-105x105mm?lang=en","en",""
"product-sitemap4.xml","https://www.petroni.hr/proizvod/uticnica-cee-crna/","308","/product/uticnica-cee-crna-105x105mm","",""
"product-sitemap4.xml","https://www.petroni.hr/proizvod/akumulator-servisni-carbest-100ah-agm/","308","/product/akumulator-servisni-carbest-100ah-agm","",""
"product-sitemap4.xml","https://www.petroni.hr/en/product/uticnica-usbc-12-24v-ugradbena/","308","/product/uticnica-usb-a-usb-c-12-24v-ugradbena?lang=en","en",""
"product-sitemap4.xml","https://www.petroni.hr/proizvod/osugurac-bf1-30a-narancasti/","308","/product/osigurac-bf1-30a-narancasti","",""
"product-sitemap4.xml","https://www.petroni.hr/en/product/osugurac-bf1-30a-narancasti/","308","/product/osigurac-bf1-30a-narancasti?lang=en","en",""
"product-sitemap4.xml","https://www.petroni.hr/proizvod/kuciste-osiguraca/","308","/product/kuciste-osiguraca-6-3x0-8mm","",""
"product-sitemap4.xml","https://www.petroni.hr/proizvod/punjac-baterija-carbest-12v-20a/","308","/product/punjac-baterija-carbest-12v-20a","",""
"product-sitemap4.xml","https://www.petroni.hr/en/product/punjac-baterija-carbest-12v-20a/","308","/product/punjac-baterija-carbest-12v-20a?lang=en","en",""
"product-sitemap4.xml","https://www.petroni.hr/proizvod/solar-set-carbest-100w-cb100-slim/","308","/product/solar-set-carbest-100w-cb100-slim","",""
"product-sitemap4.xml","https://www.petroni.hr/proizvod/mreza-protiv-insekata-za-prozore-70x200cm/","308","/product/mreza-protiv-insekata-za-prozore-70x200cm","",""
"product-sitemap4.xml","https://www.petroni.hr/proizvod/uticnica-usbc-12-24v-ugradbena/","308","/product/uticnica-usb-a-usb-c-12-24v-ugradbena","",""
"product-sitemap4.xml","https://www.petroni.hr/proizvod/renogy-akumulator-100ah-12v-lifepo4/","308","/product/renogy-akumulator-100ah-12v-lifepo4","",""
"product-sitemap4.xml","https://www.petroni.hr/proizvod/kuciste-osiguraca-za-ubodne-midival-i-trakaste-limene-osigurace/","308","/product/kuciste-osiguraca-za-ubodne-midival-i-trakaste-limene-osigurace","",""
"product-sitemap4.xml","https://www.petroni.hr/en/product/kuciste-osiguraca-za-ubodne-midival-i-trakaste-limene-osigurace/","308","/product/kuciste-osiguraca-za-ubodne-midival-i-trakaste-limene-osigurace?lang=en","en",""
"product-sitemap4.xml","https://www.petroni.hr/proizvod/relej-40a/","308","/product/relej-40a","",""
"product-sitemap4.xml","https://www.petroni.hr/en/product/relej-40a/","308","/product/relej-40a?lang=en","en",""
"product-sitemap4.xml","https://www.petroni.hr/proizvod/salter-za-paljenje-svjetla-okrugli-0-i-220v/","308","/product/salter-za-paljenje-svjetla-okrugli-0-i-220v","",""
"product-sitemap4.xml","https://www.petroni.hr/proizvod/punjac-baterija-carbest-20a/","308","/product/punjac-baterija-carbest-20a","",""
"product-sitemap4.xml","https://www.petroni.hr/proizvod/traka-za-ucvrscivanje-bicikla-na-nosacu-fiamma-2m/","308","/product/traka-za-ucvrscivanje-bicikla-na-nosacu-fiamma-2m","",""
"product-sitemap4.xml","https://www.petroni.hr/proizvod/klima-uredaj-sr-mecatronic-crw22-premium-22kw/","308","/product/klima-uredaj-sr-mecatronic-crw22-premium-2200w","",""
"product-sitemap4.xml","https://www.petroni.hr/en/product/klima-uredaj-sr-mecatronic-crw22-premium-22kw/","308","/product/klima-uredaj-sr-mecatronic-crw22-premium-2200w?lang=en","en",""
"product-sitemap4.xml","https://www.petroni.hr/proizvod/victron-battery-shunt-core-500a/","308","/product/victron-battery-shunt-core-500a","",""
"product-sitemap4.xml","https://www.petroni.hr/proizvod/podupirac-navojni-2t/","308","/product/podupirac-navojni-2t","",""
"product-sitemap4.xml","https://www.petroni.hr/proizvod/punjac-baterija-alko-cbe516-3/","410","","","removed_product"
"product-sitemap4.xml","https://www.petroni.hr/proizvod/svjetlo-bocno-donje-led-jokon-3/","308","/product/svjetlo-bocno-donje-led-jokon-7954","",""
"product-sitemap4.xml","https://www.petroni.hr/en/product/svjetlo-bocno-donje-led-jokon-3/","308","/product/svjetlo-bocno-donje-led-jokon-7954?lang=en","en",""
"product-sitemap4.xml","https://www.petroni.hr/proizvod/uredaj-za-mjerenje-kolicine-plina-u-boci-truma-levelcheck/","308","/product/uredaj-za-mjerenje-kolicine-plina-u-boci-truma-levelcheck","",""
"product-sitemap4.xml","https://www.petroni.hr/en/product/uredaj-za-mjerenje-kolicine-plina-u-boci-truma-levelcheck/","308","/product/uredaj-za-mjerenje-kolicine-plina-u-boci-truma-levelcheck?lang=en","en",""
"product-sitemap4.xml","https://www.petroni.hr/proizvod/pumpa-vode-potopna-reich-12v-06bar-12-litara/","308","/product/pumpa-vode-potopna-reich-12v-0-6bar-12-litara","",""
"product-sitemap4.xml","https://www.petroni.hr/proizvod/spojnica-plinske-cijevi-ravna-8mm/","308","/product/spojnica-plinske-cijevi-ravna-8mm","",""
"product-sitemap4.xml","https://www.petroni.hr/en/product/spojnica-plinske-cijevi-ravna-8mm/","308","/product/spojnica-plinske-cijevi-ravna-8mm?lang=en","en",""
"product-sitemap4.xml","https://www.petroni.hr/proizvod/solarni-tus-20-lit/","308","/product/solarni-tus-20-lit","",""
"product-sitemap4.xml","https://www.petroni.hr/en/product/solarni-tus-20-lit/","308","/product/solarni-tus-20-lit?lang=en","en",""
"product-sitemap4.xml","https://www.petroni.hr/proizvod/retrovizori-dodatni-za-vucu-prikolica-reich/","308","/product/retrovizori-dodatni-za-vucu-prikolica-reich","",""
"product-sitemap4.xml","https://www.petroni.hr/en/product/retrovizori-dodatni-za-vucu-prikolica-reich/","308","/product/retrovizori-dodatni-za-vucu-prikolica-reich?lang=en","en",""
"product-sitemap4.xml","https://www.petroni.hr/proizvod/podizac-prozora-poly-t-175mm-desni/","308","/product/podizac-prozora-poly-t-230mm-desni","",""
"product-sitemap4.xml","https://www.petroni.hr/proizvod/podizac-prozora-poly-t-230mm-lijevi/","308","/product/podizac-prozora-poly-t-230mm-lijevi","",""
"product-sitemap4.xml","https://www.petroni.hr/proizvod/spremnik-za-vodu-82-lit/","308","/product/spremnik-za-vodu-82-lit","",""
"product-sitemap4.xml","https://www.petroni.hr/proizvod/svjetlo-za-registarsku-plocicu-12v-hella-adria/","308","/product/svjetlo-za-registarsku-plocicu-12v-hella-adria","",""
"product-sitemap4.xml","https://www.petroni.hr/proizvod/crijevo-za-plin-150cm/","308","/product/crijevo-za-plin-150cm","",""
"product-sitemap4.xml","https://www.petroni.hr/proizvod/crijevo-za-plin/","308","/product/crijevo-za-plin-80cm","",""
"product-sitemap4.xml","https://www.petroni.hr/proizvod/crijevo-za-plin-100cm/","308","/product/crijevo-za-plin-100cm","",""
"product-sitemap4.xml","https://www.petroni.hr/proizvod/spremnik-vode-32-lit-40x26x31cm-crni/","308","/product/spremnik-vode-32-lit-40x26x31cm-crni","",""
"product-sitemap4.xml","https://www.petroni.hr/proizvod/ljestve-stepenice-za-krevet-150x29cm/","308","/product/ljestve-stepenice-za-krevet-150x29cm","",""
"product-sitemap4.xml","https://www.petroni.hr/proizvod/zatezac-trende-rafter-g2-za-tendu-thule-5200-5003/","308","/product/zatezac-tende-rafter-g2-za-tendu-thule-5200-5003","",""
"product-sitemap4.xml","https://www.petroni.hr/proizvod/zavjesa-protiv-sunca-sunblocker-thule-g2-medium/","308","/product/zavjesa-protiv-sunca-sunblocker-thule-g2-medium","",""
"product-sitemap4.xml","https://www.petroni.hr/proizvod/pipa-mjesalica-za-hl-vodu-12v-delux-siva/","308","/product/pipa-mjesalica-za-hl-vodu-12v-lilie-bijela","",""
"product-sitemap4.xml","https://www.petroni.hr/en/product/pipa-mjesalica-za-hl-vodu-12v-delux-siva/","308","/product/pipa-mjesalica-za-hl-vodu-12v-lilie-bijela?lang=en","en",""
"product-sitemap4.xml","https://www.petroni.hr/proizvod/pipa-mjesalica-za-hl-vodu-12v-comet-chrom/","308","/product/pipa-mjesalica-za-hl-vodu-12v-comet-chrom","",""
"product-sitemap4.xml","https://www.petroni.hr/en/product/pumpa-za-vodu-reich-19l-14-bar-tandem/","308","/product/pumpa-za-vodu-reich-19l-1-4-bar-tandem?lang=en","en",""
"product-sitemap4.xml","https://www.petroni.hr/proizvod/klima-uredaj-sinclair-asv-35as-wifi/","308","/product/klima-uredaj-sinclair-asv-35bis-wifi","",""
"product-sitemap4.xml","https://www.petroni.hr/proizvod/klima-uredaj-extraclima-265kw/","308","/product/klima-uredaj-extraclima-2-65kw","",""
"product-sitemap4.xml","https://www.petroni.hr/proizvod/pumpa-za-vodu-reich-19l-11-bar/","308","/product/pumpa-za-vodu-reich-19l-1-1-bar","",""
"product-sitemap4.xml","https://www.petroni.hr/proizvod/wc-prijenosni-thetford-porta-potti-165/","308","/product/wc-kemijski-thetford-porta-potti-qube-165","",""
"product-sitemap4.xml","https://www.petroni.hr/proizvod/brava-vrata-fap-crna-150x150mm/","308","/product/brava-vrata-fap-crna-150x150mm","",""
"product-sitemap4.xml","https://www.petroni.hr/proizvod/podizac-prozora-ld-280-500mm-poly-t-klik/","308","/product/podizac-prozora-l-d-280-500mm-poly-t-klik","",""
"product-sitemap4.xml","https://www.petroni.hr/proizvod/tepih-za-predprostor-keep-camp-250x400cm/","308","/product/tepih-za-predprostor-keep-camp-250x400cm","",""
"product-sitemap4.xml","https://www.petroni.hr/proizvod/punjac-baterija-alko-cbe-bc122-220-12v-22a/","308","/product/punjac-baterija-alko-cbe-bc122-220-12v-22a","",""
"product-sitemap4.xml","https://www.petroni.hr/proizvod/akumulator-servisni-agm-100ah-carbest/","308","/product/akumulator-servisni-agm-100ah-carbest","",""
"product-sitemap4.xml","https://www.petroni.hr/proizvod/adapter-cee-z-schuko-m-40cm-3x25mm/","308","/product/adapter-cee-z-schuko-m-40cm-32-5mm","",""
"product-sitemap4.xml","https://www.petroni.hr/en/product/adapter-cee-z-schuko-m-40cm-3x25mm/","308","/product/adapter-cee-z-schuko-m-40cm-32-5mm?lang=en","en",""
"product-sitemap4.xml","https://www.petroni.hr/proizvod/drzac-za-tanjure-do-10-komada-maximalno/","308","/product/drzac-za-tanjure-do-10-komada-maximalno","",""
"product-sitemap4.xml","https://www.petroni.hr/en/product/drzac-za-tanjure-do-10-komada-maximalno/","308","/product/drzac-za-tanjure-do-10-komada-maximalno?lang=en","en",""
"product-sitemap4.xml","https://www.petroni.hr/proizvod/drzac-za-case-i-salice/","308","/product/drzac-za-case-i-salice","",""
"product-sitemap4.xml","https://www.petroni.hr/proizvod/podizac-prozora-t-polyplast-230mm-lijevi/","308","/product/podizac-prozora-t-polyplast-230mm-lijevi","",""
"product-sitemap4.xml","https://www.petroni.hr/proizvod/podizac-prozora-t-polyplast-230mm-desni-2/","308","/product/podizac-prozora-t-polyplast-230mm-desni-6545","",""
"product-sitemap4.xml","https://www.petroni.hr/proizvod/podizac-prozora-280mm-polyplast-t-klik-vijak-lijevi/","308","/product/podizac-prozora-280mm-polyplast-t-klik-vijak-lijevi","",""
"product-sitemap4.xml","https://www.petroni.hr/proizvod/prozor-krovni-fiamma-vent-28f-28x28/","308","/product/prozor-krovni-fiamma-vent-28f-28x28","",""
"product-sitemap4.xml","https://www.petroni.hr/proizvod/brava-ulaznih-vrata-zadi-desna/","308","/product/brava-ulaznih-vrata-zadi-desna","",""
"product-sitemap4.xml","https://www.petroni.hr/proizvod/pumpa-za-vodu-carbest-12v-113lit-min-38-bar/","308","/product/pumpa-za-vodu-carbest-12v-13-2lit-min-3-8-bar","",""
"product-sitemap4.xml","https://www.petroni.hr/en/product/pumpa-za-vodu-carbest-12v-113lit-min-38-bar/","308","/product/pumpa-za-vodu-carbest-12v-13-2lit-min-3-8-bar?lang=en","en",""
"product-sitemap4.xml","https://www.petroni.hr/en/product/stepenica-ulazna-klizna-12v-400mm-thule-g2/","308","/product/stepenica-ulazna-klizna-12v-400mm-thule-g2?lang=en","en",""
"product-sitemap4.xml","https://www.petroni.hr/proizvod/stepenica-ulazna-klizna-12v-400mm-thule-g2/","308","/product/stepenica-ulazna-klizna-12v-400mm-thule-g2","",""
"product-sitemap4.xml","https://www.petroni.hr/proizvod/stepenica-elektricna-12v-thule-g2-400mm/","308","/product/stepenica-elektricna-12v-thule-g2-400mm","",""
"product-sitemap4.xml","https://www.petroni.hr/en/product/stepenica-elektricna-12v-thule-g2-400mm/","308","/product/stepenica-elektricna-12v-thule-g2-400mm?lang=en","en",""
"product-sitemap4.xml","https://www.petroni.hr/proizvod/sudoper-set-za-mini-kamp-kuhinju/","308","/product/sudoper-set-za-mini-kamp-kuhinju","",""
"product-sitemap4.xml","https://www.petroni.hr/proizvod/solar-ploca-modul-quipon-all-black-150w-monocristal/","308","/product/solar-ploca-modul-quipon-all-black-150w-monocristal","",""
"product-sitemap4.xml","https://www.petroni.hr/proizvod/solar-ploca-modul-quipon-all-black-130w-monocristal/","308","/product/solar-ploca-modul-quipon-all-black-130w-monocristal","",""
"product-sitemap4.xml","https://www.petroni.hr/proizvod/pumpa-za-vodu-shurflo-lilie-12v-14-bar-7-lit-min/","308","/product/pumpa-za-vodu-shurflo-lilie-12v-1-4-bar-7-lit-min","",""
"product-sitemap4.xml","https://www.petroni.hr/proizvod/stepenica-klizna-thule-400mm-za-ducato-boxer-jumper/","308","/product/stepenica-klizna-thule-400mm-za-ducato-boxer-jumper","",""
"product-sitemap4.xml","https://www.petroni.hr/proizvod/nivelatori-3-nivoa-raptor-sa-vrecom/","308","/product/nivelatori-3-nivoa-raptor-sa-vrecom","",""
"product-sitemap4.xml","https://www.petroni.hr/proizvod/podupiraci-30-43cm-4-komada/","308","/product/podupiraci-30-43cm-4-komada","",""
"product-sitemap4.xml","https://www.petroni.hr/proizvod/tekucina-za-wc-kazete-rinokem-2-lit-miris-bora/","308","/product/tekucina-za-wc-kazete-rinokem-2-lit-miris-bora","",""
"product-sitemap4.xml","https://www.petroni.hr/en/product/tekucina-za-wc-kazete-rinokem-2-lit-miris-bora/","308","/product/tekucina-za-wc-kazete-rinokem-2-lit-miris-bora?lang=en","en",""
"product-sitemap4.xml","https://www.petroni.hr/proizvod/traka-brtvena-butyl-20mmx3mm-91m/","308","/product/traka-brtvena-butyl-20mmx3mm-9-1m","",""
"product-sitemap4.xml","https://www.petroni.hr/en/product/podizac-prozora-t-plastoform-desni-185-245mm/","308","/product/podizac-prozora-t-plastoform-desni-185-245mm?lang=en","en",""
"product-sitemap4.xml","https://www.petroni.hr/proizvod/podizac-prozora-t-plastoform-desni-185-245mm/","308","/product/podizac-prozora-t-plastoform-desni-185-245mm","",""
"product-sitemap4.xml","https://www.petroni.hr/proizvod/brava-ulaznih-vrata-fap-120x130mm/","308","/product/brava-ulaznih-vrata-fap-120x130mm","",""
"product-sitemap4.xml","https://www.petroni.hr/proizvod/brava-ulaznih-vrata-za-kamp-vozila-fap-135x120/","308","/product/brava-ulaznih-vrata-za-kamp-vozila-fap-135x120","",""
"product-sitemap4.xml","https://www.petroni.hr/en/product/brava-ulaznih-vrata-za-kamp-vozila-fap-135x120/","308","/product/brava-ulaznih-vrata-za-kamp-vozila-fap-135x120?lang=en","en",""
"product-sitemap4.xml","https://www.petroni.hr/proizvod/termozastita-kabine-renault-master-19-vanjska/","308","/product/termozastita-kabine-renault-master-19-vanjska","",""
"product-sitemap4.xml","https://www.petroni.hr/proizvod/termozastita-kabina-mb-sprinter-18-vanjska/","308","/product/termozastita-kabina-mb-sprinter-18-vanjska","",""
"product-sitemap4.xml","https://www.petroni.hr/proizvod/traka-brtvena-butyl-91m-siva/","308","/product/traka-brtvena-butyl-9-1m-20mm-x-3mm-siva","",""
"product-sitemap4.xml","https://www.petroni.hr/proizvod/toalet-papir-za-kemijski-wc-4-kom-x-200-listica/","308","/product/toalet-papir-za-kemijski-wc-4-kom-x-200-listica","",""
"product-sitemap4.xml","https://www.petroni.hr/en/product/toalet-papir-za-kemijski-wc-4-kom-x-200-listica/","308","/product/toalet-papir-za-kemijski-wc-4-kom-x-200-listica?lang=en","en",""
"product-sitemap4.xml","https://www.petroni.hr/proizvod/solar-panel-set-antarion-bb-120w-victron-mppt-regulator/","308","/product/solar-panel-set-antarion-bb-120w-victron-mppt-regulator","",""
"product-sitemap4.xml","https://www.petroni.hr/proizvod/osigurac-maxival-30a-zeleni/","308","/product/osigurac-maxival-30a-zeleni","",""
"product-sitemap4.xml","https://www.petroni.hr/en/product/osigurac-maxival-30a-zeleni/","308","/product/osigurac-maxival-30a-zeleni?lang=en","en",""
"product-sitemap4.xml","https://www.petroni.hr/proizvod/relej-12v-5-pin-nc-na-40a/","308","/product/relej-12v-5-pin-nc-na-40a","",""
"product-sitemap4.xml","https://www.petroni.hr/proizvod/pretvarac-12v-220v-200w-sa-sinusnim-naponom/","308","/product/inverter-12v-220v-200w-sa-sinusnim-naponom","",""
"product-sitemap4.xml","https://www.petroni.hr/en/product/zglob-noge-za-dometic-tendu-pw1100/","410","","","removed_product"
"product-sitemap4.xml","https://www.petroni.hr/proizvod/7779/","308","/product/adapter-za-plinsku-bocu-regulator","",""
"product-sitemap4.xml","https://www.petroni.hr/proizvod/vrata-servisna-thetford-3-crna/","308","/product/vrata-servisna-thetford-3-crna","",""
"product-sitemap4.xml","https://www.petroni.hr/en/product/vrata-servisna-thetford-3-crna/","308","/product/vrata-servisna-thetford-3-crna?lang=en","en",""
"product-sitemap4.xml","https://www.petroni.hr/proizvod/vrata-servisna-thetford-3/","308","/product/vrata-servisna-thetford-3","",""
"product-sitemap4.xml","https://www.petroni.hr/en/product/vrata-servisna-thetford-3/","308","/product/vrata-servisna-thetford-3?lang=en","en",""
"product-sitemap4.xml","https://www.petroni.hr/proizvod/crijevo-za-hladnu-vodu-plavo-12mm-10m/","308","/product/crijevo-za-hladnu-vodu-plavo-12mm-10m","",""
"product-sitemap4.xml","https://www.petroni.hr/proizvod/pipa-za-hladnu-vodu-comet-london-crna-nickel-mat/","308","/product/pipa-za-hladnu-vodu-comet-london-crna-nickel-mat","",""
"product-sitemap4.xml","https://www.petroni.hr/en/product/pipa-za-hladnu-vodu-comet-london-crna-nickel-mat/","308","/product/pipa-za-hladnu-vodu-comet-london-crna-nickel-mat?lang=en","en",""
"product-sitemap4.xml","https://www.petroni.hr/proizvod/pumpa-za-vodu-potopna-maas-12v-10-litara/","308","/product/pumpa-za-vodu-potopna-maas-12v-10-litara","",""
"product-sitemap4.xml","https://www.petroni.hr/en/product/pumpa-za-vodu-potopna-maas-12v-10-litara/","308","/product/pumpa-za-vodu-potopna-maas-12v-10-litara?lang=en","en",""
"product-sitemap4.xml","https://www.petroni.hr/proizvod/prikljucak-za-vodu-ravni-10-12mm/","308","/product/prikljucak-za-vodu-ravni-10-12mm","",""
"product-sitemap4.xml","https://www.petroni.hr/proizvod/filter-plina-truma/","308","/product/filter-plina-truma","",""
"product-sitemap4.xml","https://www.petroni.hr/proizvod/pumpa-za-vodu-12v-38lit-min/","308","/product/pumpa-za-vodu-12v-3-1lit-min","",""
"product-sitemap4.xml","https://www.petroni.hr/proizvod/pipa-mjesalica-capri-sa-tusem/","308","/product/pipa-mjesalica-capri-sa-tusem","",""
"product-sitemap4.xml","https://www.petroni.hr/proizvod/mjesalica-za-vodu-podpultna-reich-style-2000/","308","/product/mjesalica-za-vodu-podpultna-reich-style-2000","",""
"product-sitemap4.xml","https://www.petroni.hr/proizvod/crijevo-za-plin-3m-sb/","308","/product/crijevo-za-plin-3m-sb","",""
"product-sitemap4.xml","https://www.petroni.hr/proizvod/prozor-krovni-fiamma-vent-40x40-bijeli/","308","/product/prozor-krovni-fiamma-vent-40x40-bijeli","",""
"product-sitemap4.xml","https://www.petroni.hr/en/product/prozor-krovni-fiamma-vent-40x40-bijeli/","308","/product/prozor-krovni-fiamma-vent-40x40-bijeli?lang=en","en",""
"product-sitemap4.xml","https://www.petroni.hr/proizvod/tekucina-za-wc-kazete-thetford-aqua-kem-blue-2-lit/","308","/product/tekucina-za-wc-kazete-thetford-aqua-kem-blue-2-lit","",""
"product-sitemap4.xml","https://www.petroni.hr/en/product/tekucina-za-wc-kazete-thetford-aqua-kem-blue-2-lit/","308","/product/tekucina-za-wc-kazete-thetford-aqua-kem-blue-2-lit?lang=en","en",""
"product-sitemap4.xml","https://www.petroni.hr/proizvod/svjetlo-za-registarsku-plocicu-hella-led-adria/","308","/product/svjetlo-za-registarsku-plocicu-hella-led-adria","",""
"product-sitemap4.xml","https://www.petroni.hr/proizvod/utikac-cee-zenski-l-sa-suko-uticnicom/","308","/product/utikac-cee-zenski-l-sa-suko-uticnicom","",""
"product-sitemap4.xml","https://www.petroni.hr/en/product/utikac-cee-zenski-l-sa-suko-uticnicom/","308","/product/utikac-cee-zenski-l-sa-suko-uticnicom?lang=en","en",""
"product-sitemap4.xml","https://www.petroni.hr/proizvod/brtvilo-dekaseal-8936-310ml-sivo/","308","/product/brtvilo-dekaseal-8936-310ml-sivo","",""
"product-sitemap4.xml","https://www.petroni.hr/proizvod/termozastita-prednjeg-stakla-vanjska-mb-sprinter-vw-crafter-06-14/","308","/product/termozastita-kabine-vanjska-mb-sprinter-vw-crafter-06-14","",""
"product-sitemap4.xml","https://www.petroni.hr/en/product/termozastita-prednjeg-stakla-vanjska-mb-sprinter-vw-crafter-06-14/","308","/product/termozastita-kabine-vanjska-mb-sprinter-vw-crafter-06-14?lang=en","en",""
"product-sitemap4.xml","https://www.petroni.hr/proizvod/pipa-mjesalica-za-vodu-topl-hladno-12v-reich-de-luxe/","308","/product/pipa-mjesalica-za-vodu-topl-hladno-12v-reich-de-luxe","",""
"product-sitemap4.xml","https://www.petroni.hr/proizvod/tekucina-za-spremnike-otpadne-vode-thetford-grey-water-fresh-concentrat/","308","/product/tekucina-za-spremnike-otpadne-vode-thetford-grey-water-fresh-concentrat","",""
"product-sitemap4.xml","https://www.petroni.hr/en/product/tekucina-za-spremnike-otpadne-vode-thetford-grey-water-fresh-concentrat/","308","/product/tekucina-za-spremnike-otpadne-vode-thetford-grey-water-fresh-concentrat?lang=en","en",""
"product-sitemap4.xml","https://www.petroni.hr/proizvod/prihvat-drzac-vrata-trigano/","308","/product/prihvat-drzac-vrata-trigano","",""
"product-sitemap4.xml","https://www.petroni.hr/en/product/prihvat-drzac-vrata-trigano/","308","/product/prihvat-drzac-vrata-trigano?lang=en","en",""
"product-sitemap4.xml","https://www.petroni.hr/proizvod/thetford-aqua-kem-blue-vrecice-153-kom/","308","/product/tablete-za-wc-kazete-thetford-aqua-kem-blue-vrecice-15kom","",""
"product-sitemap4.xml","https://www.petroni.hr/en/product/thetford-aqua-kem-blue-vrecice-153-kom/","308","/product/tablete-za-wc-kazete-thetford-aqua-kem-blue-vrecice-15kom?lang=en","en",""
"product-sitemap4.xml","https://www.petroni.hr/proizvod/podizac-prozora-280mm-polyplast-t-klik-desni/","308","/product/podizac-prozora-280mm-polyplast-t-klik-desni","",""
"product-sitemap4.xml","https://www.petroni.hr/en/product/podizac-prozora-280mm-polyplast-t-klik-desni/","308","/product/podizac-prozora-280mm-polyplast-t-klik-desni?lang=en","en",""
"product-sitemap4.xml","https://www.petroni.hr/proizvod/podizac-prozora-280mm-polyplast-t-klik-lijevi/","308","/product/podizac-prozora-280mm-polyplast-t-klik-lijevi","",""
"product-sitemap4.xml","https://www.petroni.hr/en/product/podizac-prozora-280mm-polyplast-t-klik-lijevi/","308","/product/podizac-prozora-280mm-polyplast-t-klik-lijevi?lang=en","en",""
"product-sitemap4.xml","https://www.petroni.hr/proizvod/katalog-reimo-2023/","308","/product/katalog-reimo-2024","",""
"product-sitemap4.xml","https://www.petroni.hr/proizvod/prekrivac-za-kamp-prikolicu-premium-630/","308","/product/prekrivac-za-kamp-prikolicu-premium-555-630","",""
"product-sitemap4.xml","https://www.petroni.hr/proizvod/kanister-19-litara/","308","/product/kanister-19-litara-din96","",""
"product-sitemap4.xml","https://www.petroni.hr/en/product/kanister-19-litara/","308","/product/kanister-19-litara-din96?lang=en","en",""
"product-sitemap4.xml","https://www.petroni.hr/proizvod/pumpa-za-vodu-reich-12v-18lit-min-09bar-hymer-izvedba/","308","/product/pumpa-za-vodu-reich-12v-18lit-min-0-9bar-hymer-izvedba","",""
"product-sitemap4.xml","https://www.petroni.hr/proizvod/cep-din96-sa-ispustom/","308","/product/cep-din96-sa-ispustom","",""
"product-sitemap4.xml","https://www.petroni.hr/proizvod/zavjesa-za-zastitu-od-sunca-sunblocker-38m/","308","/product/zavjesa-za-zastitu-od-sunca-sunblocker-3-8m","",""
"product-sitemap4.xml","https://www.petroni.hr/en/product/zavjesa-za-zastitu-od-sunca-sunblocker-38m/","308","/product/zavjesa-za-zastitu-od-sunca-sunblocker-3-8m?lang=en","en",""
"product-sitemap4.xml","https://www.petroni.hr/proizvod/zdjela-sklopiva-3-lit-sivo-bijela/","308","/product/zdjela-sklopiva-3-lit-sivo-bijela","",""
"product-sitemap4.xml","https://www.petroni.hr/en/product/zdjela-sklopiva-3-lit-sivo-bijela/","308","/product/zdjela-sklopiva-3-lit-sivo-bijela?lang=en","en",""
"product-sitemap4.xml","https://www.petroni.hr/proizvod/cep-sudopera-umivaonika-sa-fiksatorom/","308","/product/cep-sudopera-umivaonika-sa-fiksatorom","",""
"product-sitemap4.xml","https://www.petroni.hr/proizvod/klinovi-za-ucvrscivanje-tendi-i-satora-peggi-12kom/","308","/product/klinovi-za-ucvrscivanje-tendi-i-satora-peggi-12kom","",""
"product-sitemap4.xml","https://www.petroni.hr/proizvod/stitnik-od-pada-za-posude-43-70cm-jednostruki-3kom/","308","/product/stitnik-od-pada-za-posude-43-70cm-jednostruki-3kom","",""
"product-sitemap4.xml","https://www.petroni.hr/proizvod/bravica-za-namjestaj-push-lock-mini/","308","/product/bravica-za-namjestaj-push-lock-mini-silver","",""
"product-sitemap4.xml","https://www.petroni.hr/en/product/cep-za-vodu-zadi-crni/","308","/product/cep-za-vodu-zadi-crni?lang=en","en",""
"product-sitemap4.xml","https://www.petroni.hr/proizvod/brava-ulaznih-vrata-zadi-sa-kljucem-i-cilindrom-bijela/","308","/product/brava-ulaznih-vrata-zadi-sa-kljucem-i-cilindrom-bijela","",""
"product-sitemap4.xml","https://www.petroni.hr/en/product/brava-ulaznih-vrata-zadi-sa-kljucem-i-cilindrom-bijela/","308","/product/brava-ulaznih-vrata-zadi-sa-kljucem-i-cilindrom-bijela?lang=en","en",""
"product-sitemap4.xml","https://www.petroni.hr/proizvod/termozastita-prednjeg-stakla-vanjska-fiat-ducato-2006/","308","/product/termozastita-kabine-vanjska-fiat-ducato-2006","",""
"product-sitemap4.xml","https://www.petroni.hr/en/product/termozastita-prednjeg-stakla-vanjska-fiat-ducato-2006/","308","/product/termozastita-kabine-vanjska-fiat-ducato-2006?lang=en","en",""
"product-sitemap4.xml","https://www.petroni.hr/proizvod/termozastita-prednjeg-stakla-fiat-ducato-14-nutarnja/","308","/product/termozastita-kabine-fiat-ducato-15-nutarnja","",""
"product-sitemap4.xml","https://www.petroni.hr/en/product/termozastita-prednjeg-stakla-fiat-ducato-14-nutarnja/","308","/product/termozastita-kabine-fiat-ducato-15-nutarnja?lang=en","en",""
"xlwcty_thankyou-sitemap.xml","https://www.petroni.hr/order-received/thank-you/","410","","","removed_content"
"category-sitemap.xml","https://www.petroni.hr/en/category/kamping-en/","308","/novosti?lang=en","en",""
"category-sitemap.xml","https://www.petroni.hr/category/kamping/","308","/novosti","",""
"category-sitemap.xml","https://www.petroni.hr/category/prodaja/","308","/novosti","",""
"category-sitemap.xml","https://www.petroni.hr/en/category/prodaja-en/","308","/novosti?lang=en","en",""
"category-sitemap.xml","https://www.petroni.hr/en/category/uncategorized/","308","/novosti?lang=en","en",""
"categori-sitemap.xml","https://www.petroni.hr/en/categori/camper-trailer/","308","/vozila/najam-kampera?lang=en","en",""
"categori-sitemap.xml","https://www.petroni.hr/en/categori/camper-trailer-en/","308","/vozila/najam-kampera?lang=en","en",""
"categori-sitemap.xml","https://www.petroni.hr/en/categori/for-the-title-for-rent/","308","/vozila/najam-kampera?lang=en","en",""
"categori-sitemap.xml","https://www.petroni.hr/categori/kamp-prikolica/","308","/vozila/najam-kampera","",""
"categori-sitemap.xml","https://www.petroni.hr/categori/kamper-prikolica-vozila-za-prodaju/","308","/vozila/vozila-za-prodaju","",""
"categori-sitemap.xml","https://www.petroni.hr/categori/kamper-vozilo/","308","/vozila/najam-kampera","",""
"categori-sitemap.xml","https://www.petroni.hr/en/categori/kamper-vozilo-en/","308","/vozila/najam-kampera?lang=en","en",""
"categori-sitemap.xml","https://www.petroni.hr/categori/kamper-vozilo-vozila-za-prodaju/","308","/vozila/vozila-za-prodaju","",""
"categori-sitemap.xml","https://www.petroni.hr/en/categori/kamper-vozilo-vozila-za-prodaju-en/","308","/vozila/vozila-za-prodaju?lang=en","en",""
"categori-sitemap.xml","https://www.petroni.hr/categori/vozila-za-filmske-produkcije/","308","/vozila/vozila-za-filmske-produkcije","",""
"categori-sitemap.xml","https://www.petroni.hr/en/categori/vozila-za-filmske-produkcije-en/","308","/vozila/vozila-za-filmske-produkcije?lang=en","en",""
"categori-sitemap.xml","https://www.petroni.hr/en/categori/vozila-za-najam-en/","308","/vozila/najam-kampera?lang=en","en",""
"categori-sitemap.xml","https://www.petroni.hr/categori/vozila-za-najam/","308","/vozila/najam-kampera","",""
"categori-sitemap.xml","https://www.petroni.hr/categori/vozila-za-prodaju/","308","/vozila/vozila-za-prodaju","",""
"categori-sitemap.xml","https://www.petroni.hr/en/categori/vozila-za-prodaju-en/","308","/vozila/vozila-za-prodaju?lang=en","en",""
"categori-sitemap.xml","https://www.petroni.hr/categori/za-naslovnu/","308","/vozila","",""
"categori-sitemap.xml","https://www.petroni.hr/categori/za-naslovnu-za-prodaju/","308","/vozila/vozila-za-prodaju","",""
"product_cat-sitemap.xml","https://www.petroni.hr/product-category/uncategorized/","308","/shop","",""
"product_cat-sitemap.xml","https://www.petroni.hr/en/product-category/awning-and-other-en/awning-parts-en/","308","/shop/tende-i-dodaci-dodaci?lang=en","en",""
"product_cat-sitemap.xml","https://www.petroni.hr/en/product-category/caravan-tehnology-en/dodatni-retrovizori-en/","308","/shop/karavan-tehnologija-oprema-dodatni-retrovizori?lang=en","en",""
"product_cat-sitemap.xml","https://www.petroni.hr/en/product-category/cooling-climate-heating-en/air-condition-en/","308","/shop/hladenje-grijanje-klima-uredaji?lang=en","en",""
"product_cat-sitemap.xml","https://www.petroni.hr/product-category/akcija/","308","/shop/akcija","",""
"product_cat-sitemap.xml","https://www.petroni.hr/en/product-category/awning-and-other-en/awning-en/","308","/shop/tende-i-dodaci-tende?lang=en","en",""
"product_cat-sitemap.xml","https://www.petroni.hr/en/product-category/awning-and-other-en/","308","/shop/tende-i-dodaci?lang=en","en",""
"product_cat-sitemap.xml","https://www.petroni.hr/product-category/electrical/battery/","308","/shop/elektrika-baterije-akumulatori","",""
"product_cat-sitemap.xml","https://www.petroni.hr/en/product-category/electricity/batteries-accumulators/","308","/shop/elektrika-baterije-akumulatori?lang=en","en",""
"product_cat-sitemap.xml","https://www.petroni.hr/en/product-category/motorhome-tehnology-en/nosaci-za-bicikle-motorhome-tehnology-en/","308","/shop/motorhome-tehnologija-oprema-nosaci-za-bicikle?lang=en","en",""
"product_cat-sitemap.xml","https://www.petroni.hr/product-category/gas-tehnology/plinske-boce/","308","/shop/plinska-tehnologija-oprema-boce-za-plin","",""
"product_cat-sitemap.xml","https://www.petroni.hr/product-category/windows/side-window/","308","/shop/prozori-bocni-prozori","",""
"product_cat-sitemap.xml","https://www.petroni.hr/product-category/camping-furniture/brave-rucke/","308","/shop/kamping-namjestaj-dijelovi-brave-rucke","",""
"product_cat-sitemap.xml","https://www.petroni.hr/product-category/camping-furniture/brtvila-profili/","308","/shop/kamping-namjestaj-dijelovi-brtvila-profili","",""
"product_cat-sitemap.xml","https://www.petroni.hr/en/product-category/electricity/cables/","308","/shop/elektrika-kablovi?lang=en","en",""
"product_cat-sitemap.xml","https://www.petroni.hr/en/product-category/camping-furniture-en/","308","/shop/kamping-namjestaj-dijelovi?lang=en","en",""
"product_cat-sitemap.xml","https://www.petroni.hr/en/product-category/caravan-tehnology-en/","308","/shop/karavan-tehnologija-oprema?lang=en","en",""
"product_cat-sitemap.xml","https://www.petroni.hr/en/product-category/water-sanitary-en/wc-i-dodaci-en/","308","/shop/voda-sanitarije-kemijski-wc-i-dodaci?lang=en","en",""
"product_cat-sitemap.xml","https://www.petroni.hr/en/product-category/chemicals-and-liquids-en/","308","/shop/kemikalije-sredstva?lang=en","en",""
"product_cat-sitemap.xml","https://www.petroni.hr/en/product-category/cooling-climate-heating-en/","308","/shop/hladenje-grijanje?lang=en","en",""
"product_cat-sitemap.xml","https://www.petroni.hr/en/product-category/household-kitchen-en/posude-household-kitchen-en/","308","/shop/kucanstvo-kuhinja-posude?lang=en","en",""
"product_cat-sitemap.xml","https://www.petroni.hr/product-category/awning-and-other/awning-parts/","308","/shop/tende-i-dodaci-dodaci","",""
"product_cat-sitemap.xml","https://www.petroni.hr/product-category/caravan-tehnology/dodatni-retrovizori/","308","/shop/karavan-tehnologija-oprema-dodatni-retrovizori","",""
"product_cat-sitemap.xml","https://www.petroni.hr/en/product-category/camping-furniture-en/vrata-camping-furniture-en/","308","/shop/kamping-namjestaj-dijelovi-vrata?lang=en","en",""
"product_cat-sitemap.xml","https://www.petroni.hr/en/product-category/electricity/","308","/shop/elektrika?lang=en","en",""
"product_cat-sitemap.xml","https://www.petroni.hr/product-category/electrical/","308","/shop/elektrika","",""
"product_cat-sitemap.xml","https://www.petroni.hr/en/product-category/water-sanitary-en/pipe-mjesalice-en/","308","/shop/voda-sanitarije-pipe-mjesalice?lang=en","en",""
"product_cat-sitemap.xml","https://www.petroni.hr/en/product-category/electricity/osiguraci-2-en/","308","/shop/elektrika-osiguraci?lang=en","en",""
"product_cat-sitemap.xml","https://www.petroni.hr/en/product-category/gas-tehnology-en/plinske-boce-en/","308","/shop/plinska-tehnologija-oprema-boce-za-plin?lang=en","en",""
"product_cat-sitemap.xml","https://www.petroni.hr/en/product-category/gas-tehnology-en/regulatori-plin-en/","308","/shop/plinska-tehnologija-oprema-regulatori-za-plin?lang=en","en",""
"product_cat-sitemap.xml","https://www.petroni.hr/en/product-category/gas-tehnology-en/","308","/shop/plinska-tehnologija-oprema?lang=en","en",""
"product_cat-sitemap.xml","https://www.petroni.hr/product-category/water-sanitary/grijaci-vode/","308","/shop/voda-sanitarije-grijaci-vode","",""
"product_cat-sitemap.xml","https://www.petroni.hr/product-category/cooling-climate-heating/grijanje/","308","/shop/hladenje-grijanje-grijanje","",""
"product_cat-sitemap.xml","https://www.petroni.hr/en/product-category/cooling-climate-heating-en/grijanje-en/","308","/shop/hladenje-grijanje-grijanje?lang=en","en",""
"product_cat-sitemap.xml","https://www.petroni.hr/product-category/gume-oprema/","308","/shop/gume-oprema","",""
"product_cat-sitemap.xml","https://www.petroni.hr/en/product-category/camping-furniture-en/panti-en/","308","/shop/kamping-namjestaj-dijelovi-panti?lang=en","en",""
"product_cat-sitemap.xml","https://www.petroni.hr/product-category/cooling-climate-heating/hladnjaci-2/","308","/shop/hladenje-grijanje-hladnjaci","",""
"product_cat-sitemap.xml","https://www.petroni.hr/product-category/cooling-climate-heating/","308","/shop/hladenje-grijanje","",""
"product_cat-sitemap.xml","https://www.petroni.hr/en/product-category/household-kitchen-en/","308","/shop/kucanstvo-kuhinja?lang=en","en",""
"product_cat-sitemap.xml","https://www.petroni.hr/product-category/electrical/inverter/","308","/shop/elektrika-inverteri","",""
"product_cat-sitemap.xml","https://www.petroni.hr/en/product-category/electricity/inverters/","308","/shop/elektrika-inverteri?lang=en","en",""
"product_cat-sitemap.xml","https://www.petroni.hr/product-category/electrical/kablovi/","308","/shop/elektrika-kablovi","",""
"product_cat-sitemap.xml","https://www.petroni.hr/product-category/multimedia-2/kamere-za-voznju-unatrag/","308","/shop/multimedija-kamere-za-voznju-unatrag","",""
"product_cat-sitemap.xml","https://www.petroni.hr/product-category/camping-furniture/","308","/shop/kamping-namjestaj-dijelovi","",""
"product_cat-sitemap.xml","https://www.petroni.hr/product-category/caravan-tehnology/","308","/shop/karavan-tehnologija-oprema","",""
"product_cat-sitemap.xml","https://www.petroni.hr/product-category/water-sanitary/wc-i-dodaci/","308","/shop/voda-sanitarije-kemijski-wc-i-dodaci","",""
"product_cat-sitemap.xml","https://www.petroni.hr/product-category/chemicals-and-liquids/","308","/shop/kemikalije-sredstva","",""
"product_cat-sitemap.xml","https://www.petroni.hr/product-category/cooling-climate-heating/air-condition/","308","/shop/hladenje-grijanje-klima-uredaji","",""
"product_cat-sitemap.xml","https://www.petroni.hr/product-category/windows/roof-window/","308","/shop/prozori-krovni-prozori","",""
"product_cat-sitemap.xml","https://www.petroni.hr/product-category/household-kitchen/","308","/shop/kucanstvo-kuhinja","",""
"product_cat-sitemap.xml","https://www.petroni.hr/product-category/electrical/kupaona-kuhinja/","308","/shop/elektrika-kupaona-kuhinja","",""
"product_cat-sitemap.xml","https://www.petroni.hr/en/product-category/windows-en/podizaci-drzaci-en/","308","/shop/prozori-podizaci-drzaci?lang=en","en",""
"product_cat-sitemap.xml","https://www.petroni.hr/en/product-category/electricity/svjetlosna-signalizacija-electrical-en/","308","/shop/elektrika-svjetlosna-signalizacija?lang=en","en",""
"product_cat-sitemap.xml","https://www.petroni.hr/en/product-category/electricity/rasvjeta-2-en/","308","/shop/elektrika-rasvjeta?lang=en","en",""
"product_cat-sitemap.xml","https://www.petroni.hr/en/product-category/camping-furniture-en/obloge-izolacije-en-2/","308","/shop/kamping-namjestaj-dijelovi-obloge-izolacije?lang=en","en",""
"product_cat-sitemap.xml","https://www.petroni.hr/en/product-category/camping-furniture-en/brave-rucke-en/","308","/shop/kamping-namjestaj-dijelovi-brave-rucke?lang=en","en",""
"product_cat-sitemap.xml","https://www.petroni.hr/product-category/camping-furniture/madraci-kreveti/","308","/shop/kamping-namjestaj-dijelovi-madraci-kreveti","",""
"product_cat-sitemap.xml","https://www.petroni.hr/en/product-category/motorhome-tehnology-en/retrovizori-motorhome-tehnology-en/","308","/shop/motorhome-tehnologija-oprema-retrovizori?lang=en","en",""
"product_cat-sitemap.xml","https://www.petroni.hr/en/product-category/motorhome-tehnology-en/","308","/shop/motorhome-tehnologija-oprema?lang=en","en",""
"product_cat-sitemap.xml","https://www.petroni.hr/product-category/motorhome-tehnology/","308","/shop/motorhome-tehnologija-oprema","",""
"product_cat-sitemap.xml","https://www.petroni.hr/en/product-category/multimedia-2-en/","308","/shop/multimedija?lang=en","en",""
"product_cat-sitemap.xml","https://www.petroni.hr/product-category/multimedia-2/","308","/shop/multimedija","",""
"product_cat-sitemap.xml","https://www.petroni.hr/product-category/motorhome-tehnology/nosaci-za-bicikle-motorhome-tehnology/","308","/shop/motorhome-tehnologija-oprema-nosaci-za-bicikle","",""
"product_cat-sitemap.xml","https://www.petroni.hr/product-category/camping-furniture/obloge-izolacije/","308","/shop/kamping-namjestaj-dijelovi-obloge-izolacije","",""
"product_cat-sitemap.xml","https://www.petroni.hr/product-category/motorhome-tehnology/okretne-konzole/","308","/shop/motorhome-tehnologija-oprema-okretne-konzole","",""
"product_cat-sitemap.xml","https://www.petroni.hr/product-category/outdoor-leisure/","308","/shop/oprema-za-van","",""
"product_cat-sitemap.xml","https://www.petroni.hr/product-category/electrical/osiguraci-2/","308","/shop/elektrika-osiguraci","",""
"product_cat-sitemap.xml","https://www.petroni.hr/en/product-category/outdoor-leisure-en/","308","/shop/oprema-za-van?lang=en","en",""
"product_cat-sitemap.xml","https://www.petroni.hr/product-category/camping-furniture/panti/","308","/shop/kamping-namjestaj-dijelovi-panti","",""
"product_cat-sitemap.xml","https://www.petroni.hr/product-category/water-sanitary/pipe-mjesalice/","308","/shop/voda-sanitarije-pipe-mjesalice","",""
"product_cat-sitemap.xml","https://www.petroni.hr/product-category/gas-tehnology/","308","/shop/plinska-tehnologija-oprema","",""
"product_cat-sitemap.xml","https://www.petroni.hr/product-category/windows/podizaci-drzaci/","308","/shop/prozori-podizaci-drzaci","",""
"product_cat-sitemap.xml","https://www.petroni.hr/product-category/household-kitchen/posude-household-kitchen/","308","/shop/kucanstvo-kuhinja-posude","",""
"product_cat-sitemap.xml","https://www.petroni.hr/product-category/awning-and-other/predsator/","308","/shop/tende-i-dodaci-predsator","",""
"product_cat-sitemap.xml","https://www.petroni.hr/product-category/caravan-tehnology/prekrivke-zastitne/","308","/shop/karavan-tehnologija-oprema-prekrivke-zastitne","",""
"product_cat-sitemap.xml","https://www.petroni.hr/en/product-category/caravan-tehnology-en/prekrivke-zastitne-en/","308","/shop/karavan-tehnologija-oprema-prekrivke-zastitne?lang=en","en",""
"product_cat-sitemap.xml","https://www.petroni.hr/product-category/windows/","308","/shop/prozori","",""
"product_cat-sitemap.xml","https://www.petroni.hr/product-category/water-sanitary/pumpe-za-vodu-water-sanitary/","308","/shop/voda-sanitarije-pumpe-za-vodu","",""
"product_cat-sitemap.xml","https://www.petroni.hr/en/product-category/electricity/punjaci-baterija-en/","308","/shop/elektrika-punjaci-baterija?lang=en","en",""
"product_cat-sitemap.xml","https://www.petroni.hr/product-category/electrical/punjaci-baterija/","308","/shop/elektrika-punjaci-baterija","",""
"product_cat-sitemap.xml","https://www.petroni.hr/product-category/electrical/rasvjeta-2/","308","/shop/elektrika-rasvjeta","",""
"product_cat-sitemap.xml","https://www.petroni.hr/en/product-category/cooling-climate-heating-en/hladnjaci-2-en/","308","/shop/hladenje-grijanje-hladnjaci?lang=en","en",""
"product_cat-sitemap.xml","https://www.petroni.hr/product-category/gas-tehnology/regulatori-plin/","308","/shop/plinska-tehnologija-oprema-regulatori-za-plin","",""
"product_cat-sitemap.xml","https://www.petroni.hr/product-category/motorhome-tehnology/retrovizori-motorhome-tehnology/","308","/shop/motorhome-tehnologija-oprema-retrovizori","",""
"product_cat-sitemap.xml","https://www.petroni.hr/product-category/windows/rolo-zavjese-i-okviri/","308","/shop/prozori-rolo-zavjese-okviri","",""
"product_cat-sitemap.xml","https://www.petroni.hr/en/product-category/windows-en/roof-window-en/","308","/shop/prozori-krovni-prozori?lang=en","en",""
"product_cat-sitemap.xml","https://www.petroni.hr/en/product-category/sale/","308","/shop/akcija?lang=en","en",""
"product_cat-sitemap.xml","https://www.petroni.hr/en/product-category/camping-furniture-en/brtvila-profili-en/","308","/shop/kamping-namjestaj-dijelovi-brtvila-profili?lang=en","en",""
"product_cat-sitemap.xml","https://www.petroni.hr/en/product-category/security-en/","308","/shop/sigurnost?lang=en","en",""
"product_cat-sitemap.xml","https://www.petroni.hr/en/product-category/windows-en/side-window-en/","308","/shop/prozori-bocni-prozori?lang=en","en",""
"product_cat-sitemap.xml","https://www.petroni.hr/product-category/security/","308","/shop/sigurnost","",""
"product_cat-sitemap.xml","https://www.petroni.hr/en/product-category/caravan-tehnology-en/smart-mover-en/","308","/shop/karavan-tehnologija-oprema-smart-mover?lang=en","en",""
"product_cat-sitemap.xml","https://www.petroni.hr/product-category/caravan-tehnology/smart-mover/","308","/shop/karavan-tehnologija-oprema-smart-mover","",""
"product_cat-sitemap.xml","https://www.petroni.hr/en/product-category/electricity/uticnice-prekidaci-en/","308","/shop/elektrika-uticnice-prekidaci?lang=en","en",""
"product_cat-sitemap.xml","https://www.petroni.hr/en/product-category/electricity/solarni-sustavi-2-en/","308","/shop/elektrika-solarni-sustavi?lang=en","en",""
"product_cat-sitemap.xml","https://www.petroni.hr/product-category/electrical/solarni-sustavi-2/","308","/shop/elektrika-solarni-sustavi","",""
"product_cat-sitemap.xml","https://www.petroni.hr/product-category/camping-furniture/sperploce-paneli/","308","/shop/kamping-namjestaj-dijelovi-sperploce-paneli","",""
"product_cat-sitemap.xml","https://www.petroni.hr/product-category/water-sanitary/spremnici-za-vodu/","308","/shop/voda-sanitarije-spremnici-za-vodu","",""
"product_cat-sitemap.xml","https://www.petroni.hr/en/product-category/camping-furniture-en/stepenice-camping-furniture-en/","308","/shop/kamping-namjestaj-dijelovi-stepenice-ulazne?lang=en","en",""
"product_cat-sitemap.xml","https://www.petroni.hr/product-category/windows/staklo/","308","/shop/prozori-staklo-prozora","",""
"product_cat-sitemap.xml","https://www.petroni.hr/product-category/household-kitchen/stednjaci/","308","/shop/kucanstvo-kuhinja-stednjaci","",""
"product_cat-sitemap.xml","https://www.petroni.hr/product-category/camping-furniture/stepenice-camping-furniture/","308","/shop/kamping-namjestaj-dijelovi-stepenice-ulazne","",""
"product_cat-sitemap.xml","https://www.petroni.hr/en/product-category/household-kitchen-en/stednjaci-en/","308","/shop/kucanstvo-kuhinja-stednjaci?lang=en","en",""
"product_cat-sitemap.xml","https://www.petroni.hr/product-category/electrical/svjetlosna-signalizacija-electrical/","308","/shop/elektrika-svjetlosna-signalizacija","",""
"product_cat-sitemap.xml","https://www.petroni.hr/en/product-category/motorhome-tehnology-en/okretne-konzole-en/","308","/shop/motorhome-tehnologija-oprema-okretne-konzole?lang=en","en",""
"product_cat-sitemap.xml","https://www.petroni.hr/en/product-category/multimedia-2-en/televizori-i-oprema/","308","/shop/multimedija-televizori-i-oprema?lang=en","en",""
"product_cat-sitemap.xml","https://www.petroni.hr/product-category/multimedia-2/televizori-i-oprema/","308","/shop/multimedija-televizori-i-oprema","",""
"product_cat-sitemap.xml","https://www.petroni.hr/product-category/awning-and-other/awning/","308","/shop/tende-i-dodaci-tende","",""
"product_cat-sitemap.xml","https://www.petroni.hr/product-category/awning-and-other/","308","/shop/tende-i-dodaci","",""
"product_cat-sitemap.xml","https://www.petroni.hr/product-category/motorhome-tehnology/termozastita/","308","/shop/motorhome-tehnologija-oprema-termozastite","",""
"product_cat-sitemap.xml","https://www.petroni.hr/en/product-category/motorhome-tehnology-en/termozastita-en/","308","/shop/motorhome-tehnologija-oprema-termozastite?lang=en","en",""
"product_cat-sitemap.xml","https://www.petroni.hr/en/product-category/gume-oprema-en/","308","/shop/gume-oprema?lang=en","en",""
"product_cat-sitemap.xml","https://www.petroni.hr/product-category/cooling-climate-heating/truma-2/","308","/shop/hladenje-grijanje-truma","",""
"product_cat-sitemap.xml","https://www.petroni.hr/en/product-category/cooling-climate-heating-en/truma-2-en/","308","/shop/hladenje-grijanje-truma?lang=en","en",""
"product_cat-sitemap.xml","https://www.petroni.hr/product-category/water-sanitary/umivaonik-sudoper-kada/","308","/shop/voda-sanitarije-umivaonik-sudoper-kada","",""
"product_cat-sitemap.xml","https://www.petroni.hr/en/product-category/water-sanitary-en/umivaonik-sudoper-kada-en/","308","/shop/voda-sanitarije-umivaonik-sudoper-kada?lang=en","en",""
"product_cat-sitemap.xml","https://www.petroni.hr/product-category/electrical/uticnice-prekidaci/","308","/shop/elektrika-uticnice-prekidaci","",""
"product_cat-sitemap.xml","https://www.petroni.hr/product-category/cooling-climate-heating/ventilacija-cooling-climate-heating/","308","/shop/hladenje-grijanje-ventilacija","",""
"product_cat-sitemap.xml","https://www.petroni.hr/en/product-category/cooling-climate-heating-en/ventilacija-cooling-climate-heating-en/","308","/shop/hladenje-grijanje-ventilacija?lang=en","en",""
"product_cat-sitemap.xml","https://www.petroni.hr/product-category/water-sanitary/","308","/shop/voda-sanitarije","",""
"product_cat-sitemap.xml","https://www.petroni.hr/product-category/camping-furniture/vrata-camping-furniture/","308","/shop/kamping-namjestaj-dijelovi-vrata","",""
"product_cat-sitemap.xml","https://www.petroni.hr/en/product-category/water-sanitary-en/pumpe-za-vodu-water-sanitary-en/","308","/shop/voda-sanitarije-pumpe-za-vodu?lang=en","en",""
"product_cat-sitemap.xml","https://www.petroni.hr/en/product-category/water-sanitary-en/spremnici-za-vodu-en/","308","/shop/voda-sanitarije-spremnici-za-vodu?lang=en","en",""
"product_cat-sitemap.xml","https://www.petroni.hr/en/product-category/water-sanitary-en/","308","/shop/voda-sanitarije?lang=en","en",""
"product_cat-sitemap.xml","https://www.petroni.hr/en/product-category/windows-en/staklo-en/","308","/shop/prozori-staklo-prozora?lang=en","en",""
"product_cat-sitemap.xml","https://www.petroni.hr/en/product-category/windows-en/","308","/shop/prozori?lang=en","en",""
"product_shipping_class-sitemap.xml","https://www.petroni.hr/?taxonomy=product_shipping_class&term=heavy-pacages","308","/shop","",""
"product_shipping_class-sitemap.xml","https://www.petroni.hr/en/?taxonomy=product_shipping_class&term=potrebno-osobno-preuzimanje-u-trgovini","308","/shop?lang=en","en",""
"crbs_vehicle_c-sitemap.xml","https://www.petroni.hr/crbs_vehicle_c/comfort/","308","/vozila/najam-kampera","",""
"crbs_vehicle_c-sitemap.xml","https://www.petroni.hr/crbs_vehicle_c/duo-4x4/","308","/vozila/najam-kampera","",""
"crbs_vehicle_c-sitemap.xml","https://www.petroni.hr/crbs_vehicle_c/eco/","308","/vozila/najam-kampera","",""
"crbs_vehicle_c-sitemap.xml","https://www.petroni.hr/crbs_vehicle_c/elite-camper/","308","/vozila/najam-kampera","",""
"author-sitemap.xml","https://www.petroni.hr/author/monipetroni/","308","/novosti","",""
"author-sitemap.xml","https://www.petroni.hr/author/rpetrovic/","308","/novosti","",""
